:020000040800F2
:1000000000000524E12B0008752100087721000875
:10001000792100087B2100087D21000800000000F4
:10002000000000000000000000000000D1C7000830
:100030007F2100080000000071C80008D5C8000832
:10004000312C0008312C0008312C0008312C00081C
:10005000312C0008312C0008312C0008312C00080C
:10006000312C0008312C0008312C0008312C0008FC
:10007000312C000881210008312C00089121000852
:10008000A1210008312C0008312C0008B121000802
:10009000C1210008312C0008312C0008312C000847
:1000A000312C0008312C0008312C0008312C0008BC
:1000B000312C0008312C0008D1210008312C000817
:1000C000312C0008312C0008312C0008312C00089C
:1000D000E1210008312C0008F1210008012200086C
:1000E000312C0008312C000800000000312C0008E1
:1000F000312C0008312C0008312C0008312C00086C
:10010000312C0008312C0008312C0008312C00085B
:10011000312C000811220008312C0008312C000875
:100120002122000831220008412200085122000843
:10013000312C0008312C0008312C0008312C00082B
:1001400000000000000000000000000000000000AF
:1001500061220008312C0008312C0008312C0008E5
:10016000312C0008312C0008312C0008312C0008FB
:10017000312C000871220008312C0008000000001A
:10018000312C0008312C0008312C0008312C0008DB
:10019000312C0008312C0008312C0008312C0008CB
:1001A000312C0008312C0008312C00080000000020
:1001B000312C0008312C0008312C0008312C0008AB
:1001C000312C0008312C0008000000000000000065
:1001D0000000000000000000312C000800000000BA
:1001E000000000000000000000000000000000000F
:1001F0000000000000000000312C0008312C000835
:10020000312C0008312C000800000000312C0008BF
:10021000312C0008312C0008312C0008312C00084A
:10022000312C000800000000312C00080000000004
:10023000312C0008312C000800000000312C00088F
:10024000312C0008312C0008312C0008312C00081A
:10025000312C0008312C0008312C0008312C00080A
:10026000312C0008312C0008312C0008312C0008FA
:10027000312C0008312C0008312C0008000000004F
:10028000312C0008312C0008312C0008312C0008DA
:1002900000000000312C0008312C00080000000094
:1002A00000000000312C0008312C0008312C00081F
:1002B00081220008312C0008312C0008912200080E
:0C02C000312C0008A1220008312C00089D
:1003000010B5054C237833B9044B13B10448AFF34F
:1003100000800123237010BDA80F002400000000FE
:10032000F403020808B5034B1BB103490348AFF3BC
:10033000008008BD00000000AC0F0024F403020898
:1003400081F0004102E000BF83F0004330B54FEA86
:1003500041044FEA430594EA050F08BF90EA020FF3
:100360001FBF54EA000C55EA020C7FEA645C7FEA86
:10037000655C00F0E2804FEA5454D4EB5555B8BFA9
:100380006D420CDD2C4480EA020281EA030382EA1A
:10039000000083EA010180EA020281EA0303362DAC
:1003A00088BF30BD11F0004F4FEA01314FF4801C7F
:1003B0004CEA113102D0404261EB410113F0004F91
:1003C0004FEA03334CEA133302D0524263EB430348
:1003D00094EA050F00F0A780A4F10104D5F1200EE6
:1003E0000DDB02FA0EFC22FA05F2801841F1000141
:1003F00003FA0EF2801843FA05F359410EE0A5F115
:1004000020050EF1200E012A03FA0EFC28BF4CF045
:10041000020C43FA05F3C01851EBE37101F00045FB
:1004200007D54FF0000EDCF1000C7EEB00006EEB08
:100430000101B1F5801F1BD3B1F5001F0CD3490892
:100440005FEA30004FEA3C0C04F101044FEA4452E9
:1004500012F5800F80F09A80BCF1004F08BF5FEA70
:10046000500C50F1000041EB045141EA050130BD50
:100470005FEA4C0C404141EB0101013C28BFB1F562
:10048000801FE9D291F0000F04BF01460020B1FAAD
:1004900081F308BF2033A3F10B03B3F120020CDA80
:1004A0000C3208DD02F1140CC2F10C0201FA0CF05E
:1004B00021FA02F10CE002F11402D8BFC2F1200CC3
:1004C00001FA02F120FA0CFCDCBF41EA0C01904079
:1004D000E41AA2BF01EB0451294330BD6FEA0404C2
:1004E0001F3C1CDA0C340EDC04F11404C4F12002AD
:1004F00020FA04F001FA02F340EA030021FA04F3BF
:1005000045EA030130BDC4F10C04C4F1200220FA15
:1005100002F001FA04F340EA0300294630BD21FA53
:1005200004F0294630BD94F0000F83F4801306BF19
:1005300081F480110134013D4EE77FEA645C18BF0D
:100540007FEA655C29D094EA050F08BF90EA020FA4
:1005500005D054EA000C04BF1946104630BD91EA9C
:10056000030F1EBF0021002030BD5FEA545C05D19F
:100570004000494128BF41F0004130BD14F58004DE
:100580003CBF01F5801130BD01F0004545F0FE4152
:1005900041F470014FF0000030BD7FEA645C1ABF87
:1005A000194610467FEA655C1CBF0B46024650EABE
:1005B000013406BF52EA033591EA030F41F40021EA
:1005C00030BD00BF90F0000F04BF0021704730B570
:1005D0004FF4806404F132044FF000054FF0000145
:1005E00050E700BF90F0000F04BF0021704730B506
:1005F0004FF4806404F1320410F0004548BF4042DB
:100600004FF000013EE700BF42004FEAE2014FEA2F
:1006100031014FEA02701FBF12F07F4393F07F4F0A
:1006200081F06051704732F07F4208BF704793F00D
:100630007F4F04BF41F40021704730B54FF4607420
:1006400001F0004521F000411CE700BF50EA010223
:1006500008BF704730B54FF000050AE050EA0102CC
:1006600008BF704730B511F0004502D5404261EB3C
:1006700041014FF4806404F132045FEA915C3FF47D
:10068000D8AE4FF003025FEADC0C18BF03325FEA1A
:10069000DC0C18BF033202EBDC02C2F1200300FACB
:1006A00003FC20FA02F001FA03FE40EA0E0021FAF0
:1006B00002F11444BDE600BF70B54FF0FF0C4CF4DE
:1006C000E06C1CEA11541DBF1CEA135594EA0C0F90
:1006D00095EA0C0F00F0DEF82C4481EA030621EACB
:1006E0004C5123EA4C5350EA013518BF52EA033506
:1006F00041F4801143F4801338D0A0FB02CE4FF0B8
:100700000005E1FB02E506F00042E0FB03E54FF0E7
:100710000006E1FB03569CF0000F18BF4EF0010EDF
:10072000A4F1FF04B6F5007F64F5407404D25FEADB
:100730004E0E6D4146EB060642EAC62141EA55518E
:100740004FEAC52040EA5E504FEACE2EB4F1FD0CD0
:1007500088BFBCF5E06F1ED8BEF1004F08BF5FEA4E
:10076000500E50F1000041EB045170BD06F0004600
:1007700046EA010140EA020081EA0301B4EB5C04AD
:10078000C2BFD4EB0C0541EA045170BD41F48011A5
:100790004FF0000E013C00F3AB8014F1360FDEBFCA
:1007A000002001F0004170BDC4F10004203C35DAA6
:1007B0000C341BDC04F11404C4F1200500FA05F329
:1007C00020FA04F001FA05F240EA020001F00042CA
:1007D00021F0004110EBD37021FA04F642EB060140
:1007E0005EEA430E08BF20EAD37070BDC4F10C046A
:1007F000C4F1200500FA04F320FA05F001FA04F22E
:1008000040EA020001F0004110EBD37041F1000119
:100810005EEA430E08BF20EAD37070BDC4F1200524
:1008200000FA05F24EEA020E20FA04F301FA05F28C
:1008300043EA020321FA04F001F0004121FA04F234
:1008400020EA020000EBD3705EEA430E08BF20EA04
:10085000D37070BD94F0000F0FD101F0004640003E
:1008600041EB010111F4801F08BF013CF7D041EAC0
:10087000060195F0000F18BF704703F000465200C4
:1008800043EB030313F4801F08BF013DF7D043EA95
:100890000603704794EA0C0F0CEA135518BF95EA4B
:1008A0000C0F0CD050EA410618BF52EA4306D1D1D2
:1008B00081EA030101F000414FF0000070BD50EAF1
:1008C000410606BF1046194652EA430619D094EA7B
:1008D0000C0F02D150EA013613D195EA0C0F05D165
:1008E00052EA03361CBF104619460AD181EA0301B9
:1008F00001F0004141F0FE4141F470014FF0000071
:1009000070BD41F0FE4141F4780170BD70B54FF00B
:10091000FF0C4CF4E06C1CEA11541DBF1CEA13558B
:1009200094EA0C0F95EA0C0F00F0A7F8A4EB05046D
:1009300081EA030E52EA03354FEA013100F0888064
:100940004FEA03334FF0805545EA131343EA12632D
:100950004FEA022245EA111545EA10654FEA0026E2
:100960000EF000419D4208BF964244F1FD0404F59B
:10097000407402D25B084FEA3202B61A65EB0305F7
:100980005B084FEA32024FF480104FF4002CB6EBB4
:10099000020E75EB030E22BFB61A754640EA0C0034
:1009A0005B084FEA3202B6EB020E75EB030E22BF74
:1009B000B61A754640EA5C005B084FEA3202B6EBB5
:1009C000020E75EB030E22BFB61A754640EA9C0074
:1009D0005B084FEA3202B6EB020E75EB030E22BF44
:1009E000B61A754640EADC0055EA060E18D04FEA02
:1009F000051545EA16754FEA06164FEAC30343EAA2
:100A000052734FEAC2025FEA1C1CC0D111F4801F6E
:100A10000BD141EA00014FF000004FF0004CB6E767
:100A200011F4801F04BF01430020B4F1FD0C88BF06
:100A3000BCF5E06F3FF6AFAEB5EB030C04BFB6EB11
:100A4000020C5FEA500C50F1000041EB045170BD04
:100A50000EF0004E4EEA113114EB5C04C2BFD4EB31
:100A60000C0541EA045170BD41F480114FF0000EB5
:100A7000013C90E645EA060E8DE60CEA135594EA31
:100A80000C0F08BF95EA0C0F3FF43BAF94EA0C0F34
:100A90000AD150EA01347FF434AF95EA0C0F7FF4A9
:100AA00025AF104619462CE795EA0C0F06D152EAFD
:100AB00003353FF4FDAE1046194622E750EA4106E1
:100AC00018BF52EA43067FF4C5AE50EA41047FF4F2
:100AD0000DAF52EA43057FF4EBAE12E74FEA410255
:100AE000B2F1E04324BFB3F5001CDCF1FE5C0DD98C
:100AF00001F0004C4FEAC0024CEA5070B2F1004FD6
:100B000040EB830008BF20F00100704711F0804FD8
:100B100021D113F13872BCBF01F00040704741F49D
:100B200080114FEA5252C2F11802C2F1200C10FAA1
:100B30000CF320FA02F018BF40F001004FEAC12385
:100B40004FEAD32303FA0CFC40EA0C0023FA02F329
:100B50004FEA4303CCE77FEA625307D150EA0133FF
:100B60001EBF4FF0FE4040F44000704701F00040CF
:100B700040F0FE4040F40000704700BF80F00040AD
:100B800002E000BF81F0004142001FBF5FEA410365
:100B900092EA030F7FEA226C7FEA236C6AD04FEA65
:100BA0001262D2EB1363C1BFD218414048404140AA
:100BB000B8BF5B42192B88BF704710F0004F40F45C
:100BC000000020F07F4018BF404211F0004F41F478
:100BD000000121F07F4118BF494292EA030F3FD044
:100BE000A2F1010241FA03FC10EB0C00C3F1200357
:100BF00001FA03F100F0004302D5494260EB4000E6
:100C0000B0F5000F13D3B0F1807F06D340084FEA50
:100C1000310102F10102FE2A51D2B1F1004F40EB45
:100C2000C25008BF20F0010040EA030070474900AD
:100C300040EB0000013A28BFB0F5000FEDD2B0FA4A
:100C400080FCACF1080CB2EB0C0200FA0CF0AABF6D
:100C500000EBC25052421843BCBFD040184370470B
:100C600092F0000F81F4000106BF80F40000013211
:100C7000013BB5E74FEA41037FEA226C18BF7FEAE8
:100C8000236C21D092EA030F04D092F0000F08BF2A
:100C90000846704790EA010F1CBF0020704712F011
:100CA0007F4F04D1400028BF40F00040704712F150
:100CB00000723CBF00F50000704700F0004343F0B5
:100CC000FE4040F4000070477FEA226216BF0846EB
:100CD0007FEA23630146420206BF5FEA412390EAAE
:100CE000010F40F4800070474FF0000304E000BFA4
:100CF00010F0004348BF40425FEA000C08BF704755
:100D000043F0964301464FF000001CE050EA010218
:100D100008BF70474FF000030AE000BF50EA01022D
:100D200008BF704711F0004302D5404261EB41011A
:100D30005FEA010C02BF84460146002043F0B6433F
:100D400008BFA3F18053A3F50003BCFA8CF2083A64
:100D5000A3EBC25310DB01FA02FC634400FA02FC6D
:100D6000C2F12002BCF1004F20FA02F243EB020074
:100D700008BF20F00100704702F1200201FA02FCD6
:100D8000C2F1200250EA4C0021FA02F243EB0200C9
:100D900008BF20EADC70704753B94AB9002908BF80
:100DA00000281CBF4FF0FF314FF0FF3000F074B946
:100DB000ADF1080C6DE904CE00F006F8DDF804E0B2
:100DC000DDE9022304B070472DE9F047089D044691
:100DD0008E46002B4DD18A42944669D9B2FA82F2EE
:100DE00052B101FA02F3C2F1200120FA01F10CFA2A
:100DF00002FC41EA030E94404FEA1C48210CBEFB62
:100E0000F8F61FFA8CF708FB16E341EA034306FBEA
:100E100007F199420AD91CEB030306F1FF3080F079
:100E20001F81994240F21C81023E63445B1AA4B2C6
:100E3000B3FBF8F008FB103344EA034400FB07F768
:100E4000A7420AD91CEB040400F1FF3380F00A81A9
:100E5000A74240F207816444023840EA0640E41B9E
:100E600000261DB1D4400023C5E900433146BDE84A
:100E7000F0878B4209D9002D00F0EF800026C5E9EC
:100E8000000130463146BDE8F087B3FA83F6002E04
:100E90004AD18B4202D3824200F2F980841A61EB7C
:100EA000030301209E46002DE0D0C5E9004EDDE79A
:100EB00002B9FFDEB2FA82F2002A40F09280A1EB82
:100EC0000C014FEA1C471FFA8CFE0126200CB1FBD7
:100ED000F7F307FB131140EA01410EFB03F08842D0
:100EE00008D91CEB010103F1FF3802D2884200F25D
:100EF000CB804346091AA4B2B1FBF7F007FB1011EF
:100F000044EA01440EFB00FEA64508D91CEB04048C
:100F100000F1FF3102D2A64500F2BB800846A4EBE7
:100F20000E0440EA03409CE7C6F12007B34022FAD2
:100F300007FC4CEA030C20FA07F401FA06F31C4301
:100F4000F9404FEA1C4900FA06F3B1FBF9F8200C0E
:100F50001FFA8CFE09FB181140EA014108FB0EF054
:100F6000884202FA06F20BD91CEB010108F1FF3AA4
:100F700080F08880884240F28580A8F102086144B0
:100F8000091AA4B2B1FBF9F009FB101144EA0141BE
:100F900000FB0EFE8E4508D91CEB010100F1FF3469
:100FA0006CD28E456AD90238614440EA0840A0FB01
:100FB0000294A1EB0E01A142C846A64656D353D0D7
:100FC0005DB1B3EB080261EB0E0101FA07F722FAFB
:100FD00006F3F1401F43C5E9007100263146BDE824
:100FE000F087C2F12003D8400CFA02FC21FA03F387
:100FF000914001434FEA1C471FFA8CFEB3FBF7F008
:1010000007FB10360B0C43EA064300FB0EF69E422C
:1010100004FA02F408D91CEB030300F1FF382FD2C5
:101020009E422DD9023863449B1B89B2B3FBF7F66D
:1010300007FB163341EA034106FB0EF38B4208D946
:101040001CEB010106F1FF3816D28B4214D9023E87
:101050006144C91A46EA004638E72E46284605E7A5
:101060000646E3E61846F8E64B45A9D2B9EB020876
:1010700064EB0C0E0138A3E74646EAE7204694E706
:101080004046D1E7D0467BE7023B614432E7304639
:1010900009E76444023842E7704700BF844641EAEA
:1010A000000313F003036DD1403A41D351F8043BE0
:1010B00040F8043B51F8043B40F8043B51F8043B32
:1010C00040F8043B51F8043B40F8043B51F8043B22
:1010D00040F8043B51F8043B40F8043B51F8043B12
:1010E00040F8043B51F8043B40F8043B51F8043B02
:1010F00040F8043B51F8043B40F8043B51F8043BF2
:1011000040F8043B51F8043B40F8043B51F8043BE1
:1011100040F8043B51F8043B40F8043B51F8043BD1
:1011200040F8043B51F8043B40F8043B403ABDD240
:10113000303211D351F8043B40F8043B51F8043BE2
:1011400040F8043B51F8043B40F8043B51F8043BA1
:1011500040F8043B103AEDD20C3205D351F8043B71
:1011600040F8043B043AF9D2043208D0D2071CBF3D
:1011700011F8013B00F8013B01D30B880380604666
:10118000704700BF082A13D38B078DD010F00303DC
:101190008AD0C3F10403D21ADB071CBF11F8013B4C
:1011A00000F8013B80D331F8023B20F8023B7BE79B
:1011B000043AD9D3013A11F8013B00F8013BF9D2C6
:1011C0000B7803704B7843708B7883706046704760
:1011D000000000000000000000000000000000000F
:1011E00000000000000000000000000000000000FF
:1011F00000000000000000000000000000000000EF
:1012000090F800F06DE9024520F007016FF0000C46
:1012100010F0070491F820F040F049804FF00004EE
:101220006FF00700D1E9002391F840F000F10800C9
:1012300082FA4CF2A4FA8CF283FA4CF3A2FA8CF301
:101240004BBBD1E9022382FA4CF200F10800A4FA68
:101250008CF283FA4CF3A2FA8CF3E3B9D1E90423BC
:1012600082FA4CF200F10800A4FA8CF283FA4CF3F3
:10127000A2FA8CF37BB9D1E9062301F1200182FAAD
:101280004CF200F10800A4FA8CF283FA4CF3A2FAB3
:101290008CF3002BC6D0002A04BF04301A4612BAC1
:1012A000B2FA82F2FDE8024500EBD2007047D1E9C4
:1012B000002304F00305C4F100004FEAC50514F053
:1012C000040F91F840F00CFA05F562EA05021CBF24
:1012D00063EA050362464FF00004A9E7000000003E
:1012E00001F0FF01102A2BDB10F0070F08D010F8D7
:1012F000013B013A8B422DD010F0070F42B3F6D1DB
:10130000F0B441EA012141EA014122F007047FF0F3
:1013100000070023F0E80256083C85EA010586EA4A
:10132000010685FA47F5A3FA87F586FA47F6A5FA86
:1013300087F68EB9EED1F0BC01F0FF0102F0070292
:1013400032B110F8013B013A83EA010313B1F8D13D
:101350000020704701387047002D06BF354603381E
:10136000073815F0010F07D1013015F4807F02BF57
:10137000013015F4C03F0130F0BC0138704700BFA8
:101380004FF0FF3C06E000BF4FF0010C02E000BF51
:101390004FF0010C4DF804CD4FEA410C7FEA6C5C34
:1013A0004FEA430C18BF7FEA6C5C1BD001B050EAD7
:1013B000410C0CBF52EA430C91EA030F02BF90EAC2
:1013C000020F0020704710F1000F91EA030F58BF81
:1013D000994208BF90422CBFD8176FEAE37040F0E3
:1013E000010070474FEA410C7FEA6C5C02D150EA81
:1013F000013C07D14FEA430C7FEA6C5CD6D152EA3C
:10140000033CD3D05DF8040B704700BF8446104600
:1014100062468C461946634600E000BF01B5FFF7FF
:10142000B7FF002848BF10F1000F01BD4DF808EDCF
:10143000FFF7F4FF0CBF012000205DF808FB00BFA0
:101440004DF808EDFFF7EAFF34BF012000205DF8FA
:1014500008FB00BF4DF808EDFFF7E0FF94BF012047
:1014600000205DF808FB00BF4DF808EDFFF7CEFF48
:1014700094BF012000205DF808FB00BF4DF808ED87
:10148000FFF7C4FF34BF012000205DF808FB00BF58
:101490004FEA410C7FEA6C5C02D150EA013C0AD170
:1014A0004FEA430C7FEA6C5C02D152EA033C02D162
:1014B0004FF0000070474FF0010070474FEA4102C3
:1014C00012F5001215D211D56FF47873B3EB625296
:1014D00012D94FEAC12343F0004343EA505311F0BD
:1014E000004F23FA02F018BF404270474FF000004F
:1014F000704750EA013005D111F0004008BF6FF08D
:10150000004070474FF00000704700BF00B583B047
:101510002D4BD3F8D82042F00102C3F8D820D3F8DD
:10152000D82002F001020092009AD3F8D82042F0AD
:101530000202C3F8D820D3F8D83003F00203019395
:10154000019B002205210D2001F0E4FB0D2001F09C
:1015500017FC002205210F2001F0DCFB0F2001F019
:101560000FFC00220521102001F0D4FB102001F017
:1015700007FC00220521382001F0CCFB382001F0C7
:10158000FFFB00220521392001F0C4FB392001F0C6
:10159000F7FB002205213A2001F0BCFB3A2001F0C4
:1015A000EFFB002205213B2001F0B4FB3B2001F0C2
:1015B000E7FB00220521442001F0ACFB442001F0B0
:1015C000DFFB03B05DF804FB0044025810B5164879
:1015D000164B036000238360C360037443740122CD
:1015E0008274032444610A2282611D21C161026266
:1015F00044628262C162026343630E228263C363F8
:101600000422026442648364C264036542658365A4
:10161000C36502664366826603F08EF800B910BDAA
:1016200000F00AFBFBE700BFC80F002400A0004049
:1016300010B51648164B036000238360C360037423
:1016400043748374032444610A2282611D21C161B1
:10165000026244628262C16202634FF45572426365
:101660000E228263C3630364042242648264C26400
:10167000036542658365C36502664366826603F05F
:101680005BF800B910BD00F0D7FAFBE76810002442
:1016900000A4004010B51648164B03600023836079
:1016A000C360037443748374032444610A22826117
:1016B0001D21C161026244628262C162026340F222
:1016C000AA6242630E228263C363042202644264FC
:1016D0008364C264036542658365C36502664366CD
:1016E000826603F029F800B910BD00F0A5FAFBE707
:1016F0000811002400D4004030B5BBB004460021DE
:1017000035913691379138913991B82206A816F063
:1017100013FC23686F4A934208D06F4A93424BD020
:101720006E4A934200F08E803BB030BD4FF40042D1
:101730000023CDE906234FF08053219306A805F03E
:10174000A1FB40BB664A136801331360012B25D00F
:10175000644BD3F8E02042F00802C3F8E020D3F84D
:10176000E03003F008030193019B03233593022328
:1017700036930024379438940923399335A95A486D
:1017800003F0C6FC22460521132001F0C3FA132002
:1017900001F0F6FAC8E700F04FFAD3E7514BD3F85F
:1017A000EC2042F48072C3F8EC20D3F8EC3003F460
:1017B00080730093009BCBE74FF400420023CDE9F8
:1017C00006234FF08053219306A805F05BFB40BB36
:1017D000434A136801331360012B25D0414BD3F8E2
:1017E000E02042F00202C3F8E020D3F8E03003F03A
:1017F00002030393039B6023359302233693002453
:10180000379438940923399335A9384803F080FC7C
:1018100022460521142001F07DFA142001F0B0FACF
:1018200082E700F009FAD3E72E4BD3F8EC2042F41C
:101830008072C3F8EC20D3F8EC3003F48073029389
:10184000029BCBE74FF400420023CDE906234FF083
:101850008053219306A805F015FB48BB204A136866
:1018600001331360012B26D01E4BD3F8E02042F049
:101870000802C3F8E020D3F8E03003F00803059332
:10188000059B4FF44053359302233693002437943D
:1018900038940525399535A9134803F039FC2246BB
:1018A00029469F2001F036FA9F2001F069FA3BE7B4
:1018B00000F0C2F9D2E70B4BD3F8EC2042F480726F
:1018C000C3F8EC20D3F8EC3003F480730493049B4A
:1018D000CAE700BF00A0004000A4004000D40040C0
:1018E000C40F002400440258000C0258000402589F
:1018F00008B50DF0ABFB01226421104611F0D8FEB3
:101900004FF4FA700CF016FC00221146104611F04C
:10191000CFFE4FF4FA700CF00DFCECE7034B0360C4
:10192000034B0B6080231360704700BFB01300248B
:10193000AC110024034B0360034B0B604FF4807326
:1019400013607047381C00243818002410B588B084
:101950000DF1040C074C0FCCACE80F0094E8070025
:101960008CE80700002101A80AF042FD024B186034
:1019700008B010BD10040208A81100242DE9F04F92
:101980008DB000240794089409940A940B94A44BF6
:10199000D3F8E02042F01002C3F8E020D3F8E020B2
:1019A00002F010020192019AD3F8E02042F0040202
:1019B000C3F8E020D3F8E02002F004020292029A79
:1019C000D3F8E02042F08002C3F8E020D3F8E02012
:1019D00002F080020392039AD3F8E02042F0010261
:1019E000C3F8E020D3F8E02002F001020492049A48
:1019F000D3F8E02042F00202C3F8E020D3F8E02060
:101A000002F002020592059AD3F8E02042F00802A3
:101A1000C3F8E020D3F8E03003F008030693069BF8
:101A2000DFF804B201224EF22901584603F07AFC95
:101A3000DFF8F8A122464FF40041504603F072FC53
:101A4000DFF8EC8122464FF44061404603F06AFC27
:101A500001224FF48051404603F064FC22464FF4CB
:101A60008061704803F05EFC4FF4604307930127E8
:101A7000089709940A9407A9584603F049FB2923BB
:101A800007930897099403250A9507A9584603F078
:101A90003FFB02260796089609940A9509230B93A3
:101AA000DFF8909107A9484603F032FB082307931B
:101AB000089609940A9506230B9307A9484603F054
:101AC00027FB202307930895099407A9484603F0AC
:101AD0001FFB102307930895099407A9584603F0A4
:101AE00017FB0797089609940A954FF0040BCDF859
:101AF0002CB007A9404603F00BFBCDF81CB00896AC
:101B000009940A9509230B9307A9404603F000FBAB
:101B10004FF4A05307934FF488130893099407A92F
:101B2000504603F0F5FA4FF40063079308960994C2
:101B30000A950B230B9307A9504603F0E9FA4FF4DB
:101B4000004BCDF81CB0089709940A9407A9504699
:101B500003F0DEFA4FF440630793089709940A9460
:101B600007A9404603F0D4FA4FF48053079308972F
:101B700009970A9507A9404603F0CAFACDF81CB0A8
:101B8000089609940A940B9607A9404603F0C0FAF8
:101B90004FF480630793089709940A9407A9214892
:101BA00003F0B6FA4FF400630793089609940A9578
:101BB00009230B9307A91B4803F0AAFA4FF480737B
:101BC0000793089609940A940B9407A9484603F0D2
:101BD0009FFA4FF400730793089609940A95072318
:101BE0000B9307A9484603F093FACDF81CB008946C
:101BF000099407A9484603F08BFA802307930896B7
:101C000009940A9505230B9307A9064803F080FA67
:101C100021464FF0006001F061F80DB0BDE8F08F93
:101C200000440258000C02580008025800100258E4
:101C3000000402580000025872B6FEE700B59DB0DD
:101C40004C22002109A816F077F92022002101A8D2
:101C500016F072F9022004F0DBF900230093264B02
:101C60009A6922F440429A619B6903F440430093CD
:101C7000009B214B9B6913F4005FFAD02323099347
:101C80004FF480330A9301220C9240230D930F925C
:101C90000223129313931493282115911692042270
:101CA000179218930C23199300231A931B9309A8D6
:101CB00004F0E0F9D8B93F230193032102910023F6
:101CC0000393082304934023059306934FF4806203
:101CD0000792089301A804F00FFE50B94FF4802238
:101CE0000021084604F0BCFC1DB05DF804FBFFF7C2
:101CF000A3FFFFF7A1FF00BF0048025880B500F026
:101D000099FFFFF79BFFFFF739FEFFF7FFFBFFF798
:101D10005DFCFFF78DFCFFF7BDFC00F063FC00F0FD
:101D20005FF800F01BFC00F077FB00F007FD00F00F
:101D300087F800F093FC00F0C9FC0DF087F94FF430
:101D4000F07010F09FF90FF0FDFE1E480FF0CAFD75
:101D50000CF076FF0322002101200BF059F91A4EF6
:101D600030600322002101200BF052F9174D28604A
:101D70000322002101200BF04BF9154F386003209E
:101D80000BF0ADFD0146134C206038680BF0ADFD43
:101D9000216830680BF0A9FD216828680BF0A5FDCB
:101DA00001200BF087FA0C4B186015F085F911F043
:101DB0002FFD0A4806F02EFFFFF7C8FD0AF009FBC9
:101DC000FEE700BFC4210024C4200024CC2000244E
:101DD000C8200024D0200024C02000247023002428
:101DE00008B51548154B03604FF48003436000238A
:101DF00083600722C2604FF0007202614FF0807270
:101E000042614FF0806282614FF08042C2610362A2
:101E100043628362C36242638363C3630364436454
:101E20008364C36403654365836505F0CFFF00B930
:101E300008BDFFF701FFFBE7C42100240038004084
:101E400008B51648164B03604FF4800343604FF407
:101E5000003383600723C360002303614FF0807267
:101E600042614FF0806282614FF08052C261036232
:101E700043628362C3624FF0804242638363C36301
:101E8000036443648364C36403654365836505F049
:101E90009DFF00B908BDFFF7CFFEFBE74C220024F1
:101EA000001400582DE9F041BAB0044600213591E4
:101EB0003691379138913991B82206A816F03CF83E
:101EC0002368714A934206D0704A934200F0908092
:101ED0003AB0BDE8F0814FF480520023CDE90623EB
:101EE00006A804F0CFFF002879D1694BD3F8E82089
:101EF00042F48042C3F8E820D3F8E82002F480429C
:101F00000092009AD3F8E02042F00402C3F8E020E7
:101F1000D3F8E02002F004020192019AD3F8E02005
:101F200042F00202C3F8E020D3F8E03003F00203ED
:101F30000293029B062335934FF00208CDF8D88018
:101F400000253795032738970526399635A9514836
:101F500003F0DEF84FF400533593CDF8D880379571
:101F60003897399635A94C4803F0D2F84B484C4B7A
:101F70000360272343608560C5604FF4806303617D
:101F800045618561C5614FF440330362456201F0EC
:101F900019F938BB414BE3679C634248424B0360ED
:101FA00028234360402383600023C3604FF4806292
:101FB000026143618361C3614FF400320262436294
:101FC00001F000F988B9374BA3679C630022052113
:101FD000242000F09FFE242000F0D2FE78E7FFF7D7
:101FE0002BFE82E7FFF728FED4E7FFF725FEEAE79E
:101FF0004FF480420023CDE906234FF0A0433193F4
:1020000006A804F03FFF00283BD1214BD3F8F42071
:1020100042F02002C3F8F420D3F8F42002F02002AA
:102020000392039AD3F8E02042F00102C3F8E020C3
:10203000D3F8E02002F001020492049AD3F8E020E1
:1020400042F00202C3F8E020D3F8E03003F00203CC
:102050000593059B802335930226369600243794FA
:1020600038940825399535A9104803F051F835956D
:10207000369637943894399535A9074803F048F8CF
:1020800026E7FFF7D9FDC0E70038004000140058EC
:10209000004402580008025800040258D4200024CA
:1020A000100402404C210024280402400000025881
:1020B00000B583B00A4BD3F8F42042F00202C3F813
:1020C000F420D3F8F43003F002030193019B0022C3
:1020D0000F216FF0010000F01DFE03B05DF804FB5E
:1020E000004402580F2801D90120704710B58AB06A
:1020F000044600220146A12000F00CFEA12000F0C1
:102100003FFE174B1C60174BD3F8EC2042F0807257
:10211000C3F8EC20D3F8EC3003F080730093009BFD
:1021200001A902A804F078FD04F064FD43000E4804
:10213000A0FB03239B0C013B0C480D4A026040F2BC
:10214000E732C260436000230361836006F004FF4E
:1021500010B101200AB010BD044806F05BFDF9E79C
:102160000C0000240044025883DE1B43D4220024C8
:1021700000E00040FEE7FEE7FEE7FEE7FEE770470F
:1021800008B5024801F00CFE08BD00BFBC230024C6
:1021900008B5024801F004FE08BD00BF9C250024DC
:1021A00008B5024801F0FCFD08BD00BF342400243E
:1021B00008B5024802F01EFE08BD00BFC80F00248B
:1021C00008B5024802F016FE08BD00BF68100024E2
:1021D00008B5024806F072FD08BD00BF7023002458
:1021E00008B5024806F078FA08BD00BFC4210024F3
:1021F00008B5024807F054FA08BD00BF20270024A4
:1022000008B5024807F04CFA08BD00BFB427002407
:1022100008B5024807F044FA08BD00BF482800246A
:1022200008B5024801F0BCFD08BD00BFD420002461
:1022300008B5024801F0B4FD08BD00BF4C210024E0
:1022400008B5024801F0ACFD08BD00BFAC24002475
:1022500008B5024801F0A4FD08BD00BF24250024F4
:1022600008B5024801F09CFD08BD00BF14260024FB
:1022700008B5024803F08DFB08BD00BFE8520324F7
:1022800008B5024807F00CFA08BD00BF8C260024F0
:1022900008B5024802F0AEFD08BD00BF08110024D9
:1022A00008B5024806F00AFD08BD00BFD42200248C
:1022B0000120704708B515F05DFB162303604FF051
:1022C000FF3008BD08B54FF0FF31FFF7F3FFFEE721
:1022D00070B50C461646002506E0AFF30080214697
:1022E00001F8010B01350C46B542F6DB304670BDF6
:1022F00070B50C461646002504E014F8010BAFF348
:1023000000800135B542F8DB304670BD4FF0FF303C
:1023100070474FF400534B60002070470120704716
:102320000020704710B503460C4A0D490D4800685F
:1023300040B10C4800680344521A934206D8094A37
:10234000136010BD0748084C0460F2E715F012FB5B
:102350000C2303604FF0FF30F3E700BF00000524BB
:102360000010000020230024507D0324224AD2F8CC
:10237000883043F47003C2F88830204B1B6803F0A8
:102380000F03062B06D81D4A136823F00F0343F0F2
:10239000070313601A4B1A6842F001021A60002208
:1023A0001A611968174A0A401A60144B1B6813F027
:1023B000080F06D0114A136823F00F0343F00703F8
:1023C00013600F4B00229A61DA611A620E4999621A
:1023D0000E49D9620E4919635A639963DA63196425
:1023E0005A64196821F4802119601A66094B43F276
:1023F000D2021A60704700BF00ED00E000200052DA
:10240000004402587FEDF6EA000202020000FF01DC
:10241000800201010040005200B589B000230493FE
:102420000593069307930193029303931448154A67
:102430000260436083604BF67F32C2600361836158
:1024400006F08AFD90B94FF48053049304A90C4818
:1024500006F0D6FE68B900230193039301A908484A
:1024600007F036F840B909B05DF804FBFFF7E4FB6C
:10247000E9E7FFF7E1FBEEE7FFF7DEFBF3E700BF7D
:10248000702300240008004002680A4B9A4200D0E2
:10249000704782B0084BD3F8E82042F00202C3F83C
:1024A000E820D3F8E83003F002030193019B02B067
:1024B000704700BF000400400044025802680F4B00
:1024C0009A4200D0704700B583B00D4BD3F8E82096
:1024D00042F00402C3F8E820D3F8E83003F0040324
:1024E0000193019B002205211E2000F013FC1E20F9
:1024F00000F046FC03B05DF804FB00BF000800409C
:102500000044025800B587B000230193029303935F
:102510000493059302680E4B9A4202D007B05DF80F
:1025200004FB0C4BD3F8E02042F00202C3F8E02099
:10253000D3F8E03003F002030093009B02230193E1
:102540000293059301A9044802F0E2FDE6E700BF0B
:1025500000040040004402580004025800B58BB04B
:102560000023079308930993009301930293039325
:102570000493059306931948194A02601722426092
:10258000836042F20F72C26003618023836106F0B0
:1025900013FDC8B900230793099307A90F4806F054
:1025A00097FFA0B960230093002301930293049343
:1025B0000C226946094806F079FD58B90748FFF72B
:1025C000A1FF0BB05DF804FBFFF736FBE2E7FFF776
:1025D00033FBE7E7FFF730FBF0E700BF24230024DD
:1025E0000004004008B51A481A4B03601A4B4360B8
:1025F0004FF4805383604FF40053C3604FF4806303
:1026000003610423436100238361C3610362436266
:10261000836207F004FF70B900210D4808F016F836
:1026200060B900210A4808F036F850B9084807F0A8
:10263000EEFF48B908BDFFF7FFFAEDE7FFF7FCFA38
:10264000EFE7FFF7F9FAF1E7FFF7F6FAF2E700BF75
:102650004828002400500040A086010008B5184812
:10266000184B0360184B436000218160C160016119
:102670000C2343618161C1610162416281620B4649
:102680000A4607F07DFF70B900210D4807F0DEFF14
:1026900060B900210A4807F0FEFF50B9084807F06A
:1026A000B6FF48B908BDFFF7C7FAEDE7FFF7C4FA70
:1026B000EFE7FFF7C1FAF1E7FFF7BEFAF2E700BF75
:1026C000202700240044004000093D0008B51848B8
:1026D000184B0360184B436000218160C1600161A9
:1026E0000C2343618161C1610162416281620B46D9
:1026F0000A4607F045FF70B900210D4807F0A6FF14
:1027000060B900210A4807F0C6FF50B9084807F031
:102710007EFF48B908BDFFF78FFAEDE7FFF78CFAA7
:10272000EFE7FFF789FAF1E7FFF786FAF2E700BF74
:10273000B42700240048004000093D0008B51748B0
:10274000174B03604FF4E133436000238360C360A1
:1027500003610C2242618361C3610362436283624D
:1027600007F05DFE70B900210C4807F06FFF60B9FB
:1027700000210A4807F08FFF50B9084807F047FFCB
:1027800048B908BDFFF758FAEDE7FFF755FAEFE74C
:10279000FFF752FAF1E7FFF74FFAF2E78C26002431
:1027A000001C01402DE9F041BEB0044600213991E2
:1027B0003A913B913C913D91B8220AA815F0BCFB9F
:1027C00023687A4A93420DD0794A93427BD0794A62
:1027D000934200F00581784A934200F08B813EB02D
:1027E000BDE8F08102220023CDE90A230AA804F003
:1027F00049FB002861D1714BD3F8E82042F48012E4
:10280000C3F8E820D3F8E82002F480120092009A7E
:10281000D3F8E02042F00402C3F8E020D3F8E0202F
:1028200002F004020192019AD3F8E02042F008027B
:10283000C3F8E020D3F8E03003F008030293029BD2
:102840004FF4805339934FF00208CDF8E88000250B
:102850003B9503273C9708263D9639A9584802F036
:1028600057FC04233993CDF8E8803B953C973D967F
:1028700039A9544802F04CFC5348544B036041239F
:1028800043608560C5604FF4806303614561856185
:10289000C5614FF440330362456200F093FC78B9A0
:1028A000494BC4F880309C6300220521352000F09C
:1028B00031FA352000F064FA91E7FFF7BDF99AE7A5
:1028C000FFF7BAF9ECE702220023CDE90A230AA8B0
:1028D00004F0D8FA00285FD1384BD3F8E82042F44E
:1028E0000032C3F8E820D3F8E82002F40032039263
:1028F000039AD3F8E02042F00802C3F8E020D3F8AE
:10290000E03003F008030493049B702339930223FF
:102910003A9300253B953C9507233D9339A92948D7
:1029200002F0F6FB2A482B4B03602B2343608560A3
:10293000C5604FF48063036145618561C5614FF4F3
:1029400000330362456200F03DFC40BB204BC4F8FD
:1029500080309C632048214B03602C23436040233C
:1029600083600023C3604FF480620261436183612E
:10297000C3614FF400320262436200F023FC88B965
:10298000154BE3679C6300220521262000F0C2F965
:10299000262000F0F5F922E7FFF74EF99CE7FFF754
:1029A0004BF9D3E7FFF748F9EAE700BF00500040D2
:1029B0000044004000480040001C01400044025810
:1029C00000080258000C0258BC23002440000240BA
:1029D000AC24002440040240242500245804024072
:1029E00002220023CDE90A230AA804F04BFA0028AA
:1029F00077D1714BD3F8E82042F48022C3F8E82065
:102A0000D3F8E82002F480220592059AD3F8E0205A
:102A100042F00202C3F8E020D3F8E02002F0020204
:102A20000692069AD3F8E02042F00802C3F8E020AC
:102A3000D3F8E03003F008030793079B4FF480437B
:102A4000399302273A9700253B953C9507263D96FA
:102A500039A95A4802F05CFB4FF4407339933A9716
:102A60003B953C953D9639A9554802F051FB554898
:102A7000554B03602D2343608560C5604FF4806330
:102A8000036145618561C5614FF4003303624562AE
:102A900000F098FB40BB4B4BC4F880309C634B4824
:102AA0004B4B03602E234360402383600023C360AD
:102AB0004FF48062026143618361C3614FF400326D
:102AC0000262436200F07EFB88B9404BE3679C637F
:102AD00000220521272000F01DF9272000F050F9E1
:102AE0007DE6FFF7A9F884E7FFF7A6F8D3E7FFF73D
:102AF000A3F8EAE701220023CDE90A230AA804F09B
:102B0000C1F9002851D12C4BD3F8F02042F08002BB
:102B1000C3F8F020D3F8F02002F080020892089A5F
:102B2000D3F8E02042F01002C3F8E020D3F8E03000
:102B300003F010030993099B0423399302273A9762
:102B400000253B953C953D93224E39A9304602F035
:102B5000DFFA082339933A973B953C950B233D9335
:102B600039A9304602F0D4FA1B481C4B0360762387
:102B700043608560C5604FF4806303614561856192
:102B8000C5614FF400330362456200F01BFB78B966
:102B9000114BC4F880309C63002205219C2000F07A
:102BA000B9F89C2000F0ECF819E6FFF745F8AAE721
:102BB000FFF742F8ECE700BF004402580004025857
:102BC000000C02589C2500247000024014260024AA
:102BD0008804024000100258342400248800024077
:102BE000DFF834D0FFF7C2FB0C480D490D4A002333
:102BF00002E0D458C4500433C4188C42F9D30A4AB2
:102C00000A4C002301E013600432A242FBD314F00B
:102C1000B7FEFFF773F8704700000524000000249A
:102C2000A80F0024FC240208A80F00244C7D0324D4
:102C3000FEE7000010B5032000F05AF803F062FD33
:102C40000F498B69C3F303230E4AD35C03F01F03C0
:102C5000D8408B6903F00F03D35C03F01F0320FA05
:102C600003F3094A1360094B18600F20FFF73AFA83
:102C700010B10124204610BD0446FFF719FAF9E708
:102C8000004402587C0502080400002400000024CF
:102C9000034B1B78034A11680B441360704700BF55
:102CA00008000024DC280024014B1868704700BF8E
:102CB000DC28002438B50446FFF7F6FF0546B4F1DA
:102CC000FF3F02D0044B1B781C44FFF7EDFF401B75
:102CD000A042FAD338BD00BF08000024034A53685D
:102CE00023EA00030B435360704700BF0004005801
:102CF0000649CB6823F4E0631B041B0C000200F4BC
:102D0000E0600343024A1A43CA60704700ED00E0E6
:102D10000000FA0500B5174BDB68C3F30223C3F1CB
:102D2000070CBCF1040F28BF4FF0040C03F1040E94
:102D3000BEF1060F14D9033B4FF0FF3E0EFA0CFC18
:102D400021EA0C0199400EFA03F322EA0303194326
:102D5000002807DB0901C9B2074B19545DF804FBD1
:102D60000023E9E700F00F000901C9B2034B195431
:102D7000F4E700BF00ED00E000E400E014ED00E047
:102D8000002807DB00F01F02400901239340024A9C
:102D900042F82030704700BF00E100E0F0B4876DDA
:102DA0000468664E664DAC4218BFB44242D0183536
:102DB000AC423FD01835AC423CD01835AC4239D08B
:102DC0001835AC4236D01835AC4233D01835AC4249
:102DD00030D005F55675AC422CD01835AC4229D010
:102DE0001835AC4226D01835AC4223D01835AC4249
:102DF00020D01835AC421DD01835AC421AD0183549
:102E0000AC4217D04F4DAC4214D01435AC4211D067
:102E10001435AC420ED01435AC420BD01435AC4254
:102E200008D01435AC4205D01435AC4202D014356C
:102E3000AC4207D1446E856E6560C46E14B1046FF8
:102E4000456F656004683D4E3D4DAC4218BFB442CD
:102E500052D01835AC424FD01835AC424CD0183552
:102E6000AC4249D01835AC4246D01835AC4243D0BC
:102E70001835AC4240D005F55675AC423CD01835FB
:102E8000AC4239D01835AC4236D01835AC4233D0CC
:102E90001835AC4230D01835AC422DD01835AC4284
:102EA0002AD01835AC4227D0264E274DAC4218BF49
:102EB000B44211D0254DAC420ED01435AC420BD0EB
:102EC0001435AC4208D01435AC4205D01435AC42B0
:102ED00002D01435AC4224D1C46D04F01F05012486
:102EE000AC407C60046863608368402B20D003683A
:102EF00099600368DA6014E0C46D04F01F0C3F248D
:102F000004FA0CF4BC6005682C6824F480242C605E
:102F1000046863608368402B05D003689960036888
:102F2000DA60F0BC704703689A600368D960F8E71C
:102F300003689A600368D960F3E700BF100002409D
:102F400028000240085402581C54025830540258B9
:102F500003682749274A934218BF8B422FD0183263
:102F600093422CD01832934229D01832934226D063
:102F70001832934223D01832934220D01832934211
:102F80001DD002F55672934219D01832934216D0D2
:102F90001832934213D01832934210D01832934211
:102FA0000DD0183293420AD01832934207D018320B
:102FB000934204D023F0FF038365806D704710B403
:102FC000D9B210390C4AA2FB0142C2F302120B4CD7
:102FD000A25CC2655F2907D9094A1A40043282659A
:102FE000806D5DF8044B7047054A1A408265F7E72B
:102FF0001000024028000240ABAAAAAA8C050208D1
:1030000000FCFFFF83699BB9836A012B0AD0022B66
:1030100002D00BB100207047C36A13F0807F2AD121
:1030200000207047C36AB3F1C07F26D000207047EC
:10303000B3F5005F0AD0836A022B26D9032B26D171
:10304000C36A13F0807F24D100207047836A032B6A
:1030500003D8DFE803F01404140A00207047C36AA1
:1030600013F0807F0DD100207047C36AB3F1C07F99
:1030700009D00020704701207047012070470120CF
:1030800070470120704701207047012070470020E1
:10309000704701207047000003682249224A93428A
:1030A00018BF8B4228D01432934225D01432934259
:1030B00022D0143293421FD0143293421CD01432C7
:1030C000934219D01432934216D0DAB2103A17490B
:1030D000A1FB0212120916491944A8291FD9154B40
:1030E00013449B000366144B436602F01F02012346
:1030F00003FA02F282667047DBB2083B0F4AA2FB7A
:1031000003230F4A02EB1312920002660D4A426635
:10311000C3F30413012202FA03F3836670470832F3
:10312000DDE700BF085402581C540258ABAAAAAAF3
:10313000F0FBFDBF0082001080080240CDCCCCCC5B
:10314000009600168058025801794A1E072A2CD88A
:1031500030B40368154D164CA34218BFAB4218D0CB
:103160001434A34215D01434A34212D01434A34211
:103170000FD01434A3420CD01434A34209D0143419
:10318000A34206D00B4B0B449B00C3660A4B03675C
:1031900005E00A4B0B449B00C366094B0367012300
:1031A00003FA02F2426730BC704770470854025875
:1031B0001C5402583F820010400902403F960016FE
:1031C0004059025870B50446FFF76EFD002C00F020
:1031D000B381054623685349534A934218BF8B4233
:1031E0000CBF0122002250D030318B424DD018311B
:1031F0008B424AD018318B4247D018318B4244D091
:1032000018318B4241D018318B423ED001F55671B6
:103210008B423AD018318B4237D018318B4234D0A0
:1032200018318B4231D018318B422ED018318B425D
:103230002BD018318B4228D018318B4225D03B49F6
:103240003B4A934218BF8B4200F02E81394A934289
:1032500000F02A811432934200F026811432934206
:1032600000F022811432934200F01E811432934206
:1032700000F01A811432934200F0168140236365F6
:10328000032384F8353001204AE0022184F8351008
:10329000002184F834107ABB274A93422CD018328C
:1032A000934229D01832934226D01832934223D029
:1032B0001832934220D0183293421DD002F5567234
:1032C000934219D01832934216D01832934213D039
:1032D0001832934210D0183293420DD018329342D4
:1032E0000AD01832934207D01832934204D01A6899
:1032F00022F001021A6003E01A6822F001021A604B
:1033000023681A6812F0010F18D0FFF7CDFC431B99
:10331000052BF5D920236365032384F8353001207C
:1033200070BD00BF1000024028000240085402583F
:103330001C54025830540258400002401A687F481A
:103340001040A168E2680A4321690A4361690A439F
:10335000A1690A43E1690A43216A0A430243616A97
:10336000042900F096806168A1F12905A1F13F00D0
:10337000032888BF052D0AD9A1F14700012806D9E5
:10338000A1F14F00032802D97439032901D842F46E
:1033900080121A602668756925F00705636A1D4367
:1033A000042B08D1A36A1D43E36A23B12046FFF72B
:1033B00029FE002872D175612046FFF7C9FDE36D33
:1033C00003F01F023F239340836023685C495D4AFA
:1033D000934218BF8B4242D0183293423FD01832EA
:1033E00093423CD01832934239D01832934236D0AF
:1033F0001832934233D01832934230D002F55672CD
:1034000093422CD01832934229D01832934226D0BE
:103410001832934223D01832934220D0183293426C
:103420001DD0183293421AD01832934217D0464A10
:10343000934214D01432934211D0143293420ED0DE
:10344000143293420BD01432934208D01432934278
:1034500005D01432934202D01432934213D1204645
:10346000FFF71AFEA368802B59D0236E22791A60C9
:10347000636EA26E5A606368013B072B52D900232A
:10348000E3662367636700206065012384F83530B5
:1034900046E7E16A206B01430A4364E74023636522
:1034A000012084F835003BE7022284F83520002211
:1034B00084F834201A6825491140A268402A2CD08B
:1034C000802A27D00022E06842EAD002206942EA3E
:1034D000D002606942EAD002A06942EAD002E06903
:1034E00042EAD002206A42EA10120A431A602268B5
:1034F000174B1344174AA2FB03231B099B00E365E8
:103500002046FFF725FDE26D02F01F0101228A40EF
:1035100042605AE74FF48042D5E71022D3E70023F8
:103520006360A2E72046FFF70FFEE36E00221A60F9
:10353000236F626F5A60A6E70120F1E63F8010FE1C
:103540001000024028000240085402580F00FEFFFD
:10355000F8ABFDA7CDCCCCCC002800F03E8170B5F7
:10356000044690F83400012800F03981012084F8E5
:10357000340094F83500C0B2012807D04FF400633E
:103580006365002384F83430012070BD022084F884
:103590003500002060652068924E934DA84218BF08
:1035A000B0422FD01835A8422CD01835A84229D0C7
:1035B0001835A84226D01835A84223D01835A8427D
:1035C00020D01835A8421DD005F55675A84219D04F
:1035D0001835A84216D01835A84213D01835A8427D
:1035E00010D01835A8420DD01835A8420AD0183589
:1035F000A84207D01835A84204D0056825F0010577
:10360000056003E0056825F0010505602046FFF729
:10361000C5FB23687349744A934218BF8B4238D064
:103620001832934235D01832934232D01832934236
:103630002FD0183293422CD01832934229D018320E
:10364000934226D002F55672934222D0183293420A
:103650001FD0183293421CD01832934219D018321E
:10366000934216D01832934213D01832934210D09E
:10367000183293420DD01A6822F00E0242F00A026C
:103680001A60236C93B12268136843F0040313603B
:103690000CE01A6822F01E0242F016021A60236C37
:1036A00023B12268136843F00803136023684D496F
:1036B0004D4A934218BF8B4242D0183293423FD0BA
:1036C000183293423CD01832934239D01832934288
:1036D00036D01832934233D01832934230D002F5AC
:1036E000567293422CD01832934229D0183293420A
:1036F00026D01832934223D01832934220D0183269
:1037000093421DD0183293421AD01832934217D0E8
:10371000364A934214D01432934211D01432934259
:103720000ED0143293420BD01432934208D014328C
:10373000934205D01432934202D0143293420ED1F8
:10374000236E1A6812F4803F03D01A6842F4807224
:103750001A60E36E1BB11A6842F480721A60236823
:103760002049214A934218BF8B4230D018329342ED
:103770002DD0183293422AD01832934227D01832D3
:10378000934224D01832934221D0183293421ED053
:1037900002F5567293421AD01832934217D018325B
:1037A000934214D01832934211D0183293420ED063
:1037B000183293420BD01832934208D018329342F9
:1037C00005D01A6842F001021A600020DDE61A688E
:1037D00042F001021A600020D7E601207047022063
:1037E000D3E600BF100002402800024008540258EF
:1037F00070B50446FFF758FA002C00F09181054699
:1038000094F83530DBB2022B06D0802363650023A9
:1038100084F83430012070BD23688C498C4A93426F
:1038200018BF8B4230D0183293422DD018329342B9
:103830002AD01832934227D01832934224D018321B
:10384000934221D0183293421ED002F55672934211
:103850001AD01832934217D01832934214D018322B
:10386000934211D0183293420ED0183293420BD0AB
:103870001832934208D01832934205D01A6822F0C9
:103880000E021A60266809E01A6822F01E021A6009
:103890002268536923F080035361266823686B49CB
:1038A0006B4A934218BF8B4242D0183293423FD0AA
:1038B000183293423CD01832934239D01832934296
:1038C00036D01832934233D01832934230D002F5BA
:1038D000567293422CD01832934229D01832934218
:1038E00026D01832934223D01832934220D0183277
:1038F00093421DD0183293421AD01832934217D0F7
:10390000544A934214D01432934211D01432934249
:103910000ED0143293420BD01432934208D014329A
:10392000934205D01432934202D01432934204D110
:10393000226E136823F48073136023684349444A5A
:10394000934218BF8B422FD0183293422CD018329A
:10395000934229D01832934226D01832934223D072
:103960001832934220D0183293421DD002F556727D
:10397000934219D01832934216D01832934213D082
:103980001832934210D0183293420DD0183293421D
:103990000AD01832934207D01832934204D01A68E2
:1039A00022F001021A6003E01A6822F001021A6094
:1039B000336813F0010F0ED0FFF776F9431B052B88
:1039C000F6D920236365032384F83530002384F877
:1039D000343001201FE723681C491D4A934218BF59
:1039E0008B4239D01832934236D01832934233D0BA
:1039F0001832934230D0183293422DD0183293426D
:103A00002AD01832934227D002F55672934223D01F
:103A10001832934220D0183293421DD0183293426C
:103A20001AD01832934217D01832934214D0183259
:103A3000934211D0183293420ED0A16DE36D03F082
:103A40001F02012393404B600DE000BF10000240B5
:103A50002800024008540258A16DE36D03F01F02D4
:103A60003F2393408B6023682E492F4A934218BF0F
:103A70008B4242D0183293423FD0183293423CD00E
:103A80001832934239D01832934236D018329342CA
:103A900033D01832934230D002F5567293422CD074
:103AA0001832934229D01832934226D018329342CA
:103AB00023D01832934220D0183293421DD01832AE
:103AC00093421AD01832934217D0184A934214D016
:103AD0001432934211D0143293420ED014329342D6
:103AE0000BD01432934208D01432934205D01432D2
:103AF000934202D0143293420BD1636EA26E5A608D
:103B0000E36E33B11A6822F480721A60236F626F19
:103B10005A60012384F83530002084F834007AE6B6
:103B2000012078E6100002402800024008540258A4
:103B3000002800F0298108B5024690F83530DBB244
:103B4000022B03D080234365012008BD0368904801
:103B500090498B4218BF83420CBF0121002166D0DF
:103B60003030834263D01830834260D018308342B3
:103B70005DD0183083425AD01830834257D0183065
:103B8000834254D000F55670834250D0183083429F
:103B90004DD0183083424AD01830834247D0183075
:103BA000834244D01830834241D0183083423ED003
:103BB000183083423BD0196821F00E011960136858
:103BC000A0F5956073498B4218BF83426AD0724951
:103BD0008B4267D018318B4264D018318B4261D050
:103BE00018318B425ED018318B425BD018318B423A
:103BF00058D001F556718B4254D018318B4251D0B8
:103C000018318B424ED018318B424BD018318B4239
:103C100048D018318B4245D018318B4242D01831F0
:103C20008B423FD0196821F0010119603EE0042069
:103C300082F8350081BB584A93422DD01832934206
:103C40002AD01832934227D01832934224D0183207
:103C5000934221D0183293421ED002F556729342FD
:103C60001AD01832934217D01832934214D0183217
:103C7000934211D0183293420ED0183293420BD097
:103C80001832934208D01832934205D01A6822F0B5
:103C900001021A60002058E71A6822F001021A6037
:103CA000002052E7196821F00101196013683848B3
:103CB00038498B4218BF834242D018318B423FD0E3
:103CC00018318B423CD018318B4239D018318B429D
:103CD00036D018318B4233D018318B4230D001F5B9
:103CE00056718B422CD018318B4229D018318B421F
:103CF00026D018318B4223D018318B4220D0183176
:103D00008B421DD018318B421AD018318B4217D0FC
:103D100022498B4214D014318B4211D014318B4282
:103D20000ED014318B420BD014318B4208D0143199
:103D30008B4205D014318B4202D014318B4217D103
:103D4000116E0B6823F480730B60906DD36D03F0DC
:103D50001F0101238B404360536E916E5960D36EF7
:103D600033B1196821F480711960136F516F596074
:103D7000012382F83530002382F83430136D2BB1E3
:103D8000104698470020E0E6012070470020DCE65E
:103D9000100002402800024040000240085402582F
:103DA000F0B583B00446002301937D4B1D687D4B25
:103DB000A3FB0535AD0A876D3E68D7F800C00368E0
:103DC00079497A48834218BF8B420CBF01200020FA
:103DD00061D0774A93425ED0183293425BD018325A
:103DE000934258D01832934255D01832934252D051
:103DF000183293424FD002F5567293424BD018328C
:103E0000934248D01832934245D01832934242D060
:103E1000183293423FD0183293423CD0183293422A
:103E200039D01832934236D06249634A934218BF60
:103E30008B4212D0614A93420FD0143293420CD07D
:103E40001432934209D01432934206D01432934272
:103E500003D01432934240F061821A68E16D01F0A0
:103E60001F010420884010EA0C0F00F0A78212F016
:103E7000040F00F0A382786012F4004F00F05A8221
:103E800012F4803F40F05082A36C002B00F0468279
:103E90002046984742E2E26D02F01F0108228A4064
:103EA000324241D070BB424A93422BD018329342E7
:103EB00028D01832934225D01832934222D018329B
:103EC00093421FD0183293421CD002F5567293428F
:103ED00018D01832934215D01832934212D01832AB
:103EE00093420FD0183293420CD01832934209D02B
:103EF0001832934206D01832934203D01A68C2F3A4
:103F0000C00202E01A68C2F380026AB11A6822F0A5
:103F100004021A60E36D03F01F0208239340BB60A4
:103F2000636D43F001036365E26D02F01F0226FA40
:103F300002F313F0010F47D023681B481B498B4243
:103F400018BF83423CD018318B4239D018318B4294
:103F500036D018318B4233D018318B4230D01831E3
:103F60008B422DD018318B422AD001F556718B42ED
:103F700026D018318B4223D018318B4220D01831F3
:103F80008B421DD018318B421AD018318B4217D07A
:103F900018318B4214D018318B4211D01B6813E0BA
:103FA00000000024B5814E1B100002402800024092
:103FB00040000240085402581C5402583054025821
:103FC0005B6913F0800F3BD1E36D03F01F03042204
:103FD00002FA03F3334240D02268964896498A4257
:103FE00018BF824235D018318A4232D018318A4205
:103FF0002FD018318A422CD018318A4229D018315A
:104000008A4226D018318A4223D001F556718A425D
:104010001FD018318A421CD018318A4219D0183169
:104020008A4216D018318A4213D018318A4210D0F1
:1040300018318A420DD018318A420AD013680CE038
:10404000012303FA02F2BA60636D43F00203636571
:10405000BAE7126812F0020F3DD1E36D03F01F03BF
:10406000102202FA03F333425FD02268714872498A
:104070008A4218BF824234D018318A4231D0183176
:104080008A422ED018318A422BD018318A4228D049
:1040900018318A4225D018318A4222D001F5567152
:1040A0008A421ED018318A421BD018318A4218D059
:1040B00018318A4215D018318A4212D018318A42FA
:1040C0000FD018318A420CD018318A4209D01268B8
:1040D000C2F3800208E0BB60636D43F004036365D4
:1040E000BBE71268C2F3C002FAB1BB6023681A686A
:1040F00012F4802F0DD01B6813F4002F04D1236C11
:104100009BB12046984710E0A36C73B120469847B6
:104110000BE01A6812F4807F03D11A6822F00802BB
:104120001A60236C0BB120469847E36D03F01F0320
:10413000202202FA03F3334200F0928022683D48C5
:104140003D498A4218BF82422ED018318A422BD074
:1041500018318A4228D018318A4225D018318A4233
:1041600022D018318A421FD018318A421CD001F562
:1041700056718A4218D018318A4215D018318A42B5
:1041800012D018318A420FD018318A420CD018311F
:104190008A4209D018318A4206D018318A4203D0A7
:1041A0001268C2F3400202E01268C2F30012002A51
:1041B00056D0BB6094F83530DBB2042B0ED02368A8
:1041C0001A6812F4802F39D01B6813F4002F2CD1F9
:1041D000636C002B44D02046984741E02268136866
:1041E00023F0160313602268536923F080035361A0
:1041F000236CB3B12268136823F008031360E36DE6
:1042000003F01F023F239340BB60012384F8353045
:10421000002384F83430236D002B7FD0204698474C
:104220007CE0A36C002BE5D1E9E7E36BC3B120464A
:10423000984715E010000240280002401A6812F466
:10424000807F09D11A6822F010021A60012384F8D5
:104250003530002384F83430E36B0BB120469847A7
:10426000636D002B5AD0636D13F0010F52D00423FD
:1042700084F8353023689649964A934218BF8B429A
:104280002FD0183293422CD01832934229D01832B2
:10429000934226D01832934223D01832934220D032
:1042A000183293421DD002F55672934219D018323B
:1042B000934216D01832934213D01832934210D042
:1042C000183293420DD0183293420AD018329342DA
:1042D00007D01832934204D01A6822F001021A6003
:1042E00003E01A6822F001021A60019B0133019376
:1042F000AB4204D823681B6813F0010FF5D1236883
:104300001B6813F0010F0BD0032384F83530002312
:1043100084F83430E36C0BB12046984703B0F0BD0D
:10432000012384F83530F2E7236C002BF6D02046C9
:104330009847F3E712F0200F3AD123686449654AA1
:10434000934218BF8B422FD0183293422CD0183290
:10435000934229D01832934226D01832934223D068
:104360001832934220D0183293421DD002F5567273
:10437000934219D01832934216D01832934213D078
:104380001832934210D0183293420DD01832934213
:104390000AD01832934207D01832934204D01A68D8
:1043A00022F004021A6003E01A6822F008021A6080
:1043B000236C002BB2D020469847AFE702208840FC
:1043C00010EA0C0F60D012F0020F5DD0786012F48A
:1043D000004F0ED012F4803F05D1636C002B9DD0AE
:1043E000204698479AE7E36B002B97D020469847E2
:1043F00094E712F0200F40D123683549354A9342A3
:1044000018BF8B422FD0183293422CD018329342CF
:1044100029D01832934226D01832934223D0183232
:10442000934220D0183293421DD002F55672934227
:1044300019D01832934216D01832934213D0183242
:10444000934210D0183293420DD0183293420AD0C2
:104450001832934207D01832934204D01A6822F0DF
:104460000A021A6003E01A6822F014021A6001239B
:1044700084F83530002384F83430E36B002B3FF4AC
:104480004DAF2046984749E7082000FA01F111EAAC
:104490000C0F3FF443AF12F0080F3FF43FAF1A6820
:1044A00022F00E021A60E36D03F01F03012202FAEC
:1044B00003F37B60626584F83520002384F8343090
:1044C000E36C002B3FF42AAF2046984726E700BF55
:1044D000100002402800024030B4446B0368D3F857
:1044E00084106F4A114041EA8401C3F884100368C4
:1044F000D3F8841021F47F01856B41EA0541C3F8AC
:104500008410836B23440468D4F88810114041EA76
:104510008301C4F888100468D4F8881021F4FE01DF
:10452000C56B41EA0541C4F88810C16B03EB410338
:104530000468D4F8A010114041EA8301C4F8A01027
:104540000468D4F8A01021F4FE01056C41EA05418D
:10455000C4F8A010016C446C04FB01330468D4F867
:10456000B010114041EA8301C4F8B0100468D4F8D7
:10457000B01021F4FE01856C41EA0541C4F8B01089
:10458000816CC46C04FB01330468D4F8AC10114096
:1045900041EA8301C4F8AC10016D446D04FB0133A2
:1045A0000468D4F8F010114041EA8301C4F8F01017
:1045B0000468D4F8F01021F47C11856D41EA0541BE
:1045C000C4F8F010816D03EB41030468D4F8C01007
:1045D0000A4042EA8303C4F8C0300268D2F8C0300F
:1045E00023F47C13C16D43EA0143C2F8C030026872
:1045F000D2F8C03023F07C53016E43EA0163C2F865
:10460000C030436B274A1A449200C266836B02EBA8
:1046100083030367C16B03EBC1034367016C446C05
:1046200004FB01F103EB81038367816CC46C04FB21
:1046300001F103EB8103C367016D446D04FB01F1DC
:1046400003EB8103C0F88030816D03EBC103C0F838
:104650008430816EC46D01FB04FC03EB8C03C0F855
:104660008830046E04FB01F103EB8103C0F8903045
:104670000D498B420DD9D0F89C3043F02003C0F88F
:104680009C30032380F89830012007E0002342F893
:10469000043BD0F890309342F8D8002030BC7047EB
:1046A0000300FFFF002B0010FCD3004070B54C68E6
:1046B000FCB90D698C6825430C6845EA84450E6A8F
:1046C000CC6944EA06648E6934434E693443CE684B
:1046D00044EA0644D0F88460806E00FB03F306EBE6
:1046E000830E46F82350CEF804400EF1080E002049
:1046F00019E00C698D6825430C68254345F0804519
:10470000DDE702EB000C9CF803409CF802301B0430
:1047100043EA04639CF8014043EA0423145C234306
:104720004EF8043B0430CB68024CE35C8342E8D88B
:1047300070BD00BF9405020830B595B004464C2208
:10474000A04901A8FCF7AAFC002C00F038812368DE
:104750009D4A934220D094F898300BB32268936915
:1047600023F010039361FEF79FFA054623689A69C8
:1047700012F0080F1AD0FEF797FA431B0A2BF5D94F
:10478000D4F89C3043F00103C4F89C30032384F830
:104790009830012015B030BD03F580736360DAE70F
:1047A00084F899302046FCF7A7FFD7E79A6942F0D2
:1047B00001029A61FEF778FA054623689A6912F0B9
:1047C000010F0FD1FEF770FA401B0A28F5D9D4F873
:1047D0009C3043F00103C4F89C30032384F89830E4
:1047E0000120D7E79A6942F002029A61237C012BEB
:1047F00040D02268936943F040039361637C012BAE
:104800003ED02268936923F480439361A37C012BFB
:104810003CD02268936943F4805393612268936982
:1048200023F44073A1680B4393612268936923F0DA
:10483000A40393612268136923F010031361E368F2
:10484000012B29D0002B2CD0022B00F09B8022685A
:10485000936943F0800393612268136943F0100366
:104860001361E368032B1CD12268936943F0200392
:10487000936116E02268936923F040039361BDE7DA
:104880002268936943F480439361BFE72268936988
:1048900023F480539361C1E72268936943F00403D2
:1048A0009361A3695A1EE369013B1B0243EA426319
:1048B000226A013A13436269013A216843EA0243DA
:1048C000CB61A368B3F5407F62D0236E33B1226819
:1048D000D2F8C030616E0B43C2F8C030E36D226E77
:1048E000D3420DD02168D1F8C83023F00703A26E5F
:1048F00014A800EB820252F84C2C1343C1F8C830C4
:10490000236C6BB12168D1F8BC3023F00703626CD3
:1049100014A800EB820252F84C2C1343C1F8BC30AF
:10492000A36C73B12168D1F8BC3023F07003E26C42
:1049300014A800EB820252F84C2C43EA0213C1F88F
:10494000BC30236D73B12168D1F8BC3023F4E0632F
:10495000626D14A800EB820252F84C2C43EA022349
:10496000C1F8BC302268184B9A4222D00023C4F808
:104970009430C4F89C30012384F898302046FFF727
:10498000ABFD07E72268936943F02003936188E752
:10499000A36A013BE26A013A43EA0223226B013A2D
:1049A00043EA0213626A013A216843EA0243CB6098
:1049B0008BE76268936823F003039360D6E70120D6
:1049C000E8E600BF2C04020800A0004090F89830F0
:1049D000013BDBB2012B07D9D0F89C3043F0020336
:1049E000C0F89C3001207047CB680A68D2B9072B09
:1049F0000ED08A68DB0643EA82730A6943EA0243FF
:104A00004A691343C26E496842F82130002070475A
:104A10000A69CB691B0243EA02438A69134343F0E4
:104A20006053EFE710B40A6942EA4372072B0FD0D4
:104A30004B698C6843EA8473006F496800EBC10CD2
:104A400040F83120CCF8043000205DF8044B70476A
:104A50008B69F1E790F898C05FFA8CFCBCF1010F0C
:104A600007D0D0F89C3043F00403C0F89C300120FC
:104A70007047920042EA011242EA43020368009939
:104A80000A43C3F880200020704790F89830DBB2CA
:104A9000012B07D0D0F89C3043F00403C0F89C30C1
:104AA00001207047022380F898300268936923F050
:104AB000010393610023C0F89C301846704738B555
:104AC000044690F89830DBB2022B2BD10368D3F860
:104AD000C00010F07C5F0CD0D3F8C40010F4001FAD
:104AE0000FD0D4F89C3043F40073C4F89C300120FC
:104AF0001FE0D4F89C3043F02003C4F89C30012020
:104B000017E0D3F8C450C5F304452B462046FFF701
:104B1000CDFD22680123AB40C2F8D030C4F89430F8
:104B2000002006E0D0F89C3043F00803C0F89C3029
:104B3000012038BD90F898C05FFA8CFCBCF1020FE0
:104B400040F0E28070B540290CD041293DD0046D81
:104B50008C426DD8D0F89C3043F02003C0F89C30D4
:104B60000120C3E00468D4F8A05015F4FE0F0CD067
:104B7000D4F8A45015F07F0F0FD1D0F89C3043F437
:104B80008073C0F89C300120B0E0D0F89C3043F036
:104B90002003C0F89C300120A8E0D4F8A450C5F34D
:104BA000006615F0807F04D0D4F8A060F60F00D125
:104BB0000026D4F8A440C4F305242644456F446C71
:104BC00006FB04F405EB840C39E00468D4F8B0501B
:104BD00015F4FE0F0CD0D4F8B45015F07F0F0FD1A0
:104BE000D0F89C3043F48073C0F89C3001207DE005
:104BF000D0F89C3043F02003C0F89C30012075E0D1
:104C0000D4F8B450C5F3006615F0807F04D0D4F812
:104C1000B060F60F00D10026D4F8B440C4F30524E8
:104C20002644856FC46C06FB04F405EB840C06E097
:104C3000C56F446D01FB04F405EB840C0026DCF821
:104C4000004004F08044546074BBDCF80040C4F3BE
:104C50008A441460DCF8004004F000549460DCF8EE
:104C6000004004F000441461BCF80440D461BCF876
:104C7000064004F00F04D460DCF8044004F480140F
:104C80005461DCF8044004F4001494619CF807407B
:104C900004F07F041462DCF80440E40F54620CF169
:104CA000080E4FF0000C0BE0DCF8004024F06044EC
:104CB0001460CFE71EF80C4003F80C400CF1010C17
:104CC000D468154D2C5D6445F4D840290AD041299B
:104CD0000DD01F290FD80268012303FA01F1C2F891
:104CE000981002E00368C3F8A860002070BD036854
:104CF000C3F8B860F9E701F01F010268012303FA65
:104D000001F1C2F89C10F0E7D0F89C3043F00803A2
:104D1000C0F89C300120704794050208402905D056
:104D20000368D3F8B40000F07F0070470368D3F83D
:104D3000A40000F07F0070470368D3F8C40000F0BF
:104D40003F00704790F89830013BDBB2012B07D948
:104D5000D0F89C3043F00203C0F89C30012070472B
:104D600010B403689C6D0C4224D1DC6D44F0010446
:104D7000DC6511F4007F05D00468D4F8E0301343FB
:104D8000C4F8E03011F4806F05D00468D4F8E43042
:104D90001A43C4F8E4200068436D0C4A0A401343E8
:104DA00043650B4A536943EA9171516100205DF8F4
:104DB000044B70479C6D31EA040402D00324DC6587
:104DC000D7E7DC6D44F00204DC65D2E7FFFFCF3F9C
:104DD00000A80040704770477047704770477047A1
:104DE000704770477047704770477047704770470B
:104DF000704700002DE9F04F83B00446B04B1A69AC
:104E00005B699B0703EA8273019303681A6D02F4DE
:104E1000704A5A6D0AEA020A1A6D02F00F095A6DB9
:104E200009EA02091A6D02F0F0085A6D08EA020850
:104E30001E6D06F071565A6D16401F6D07F06077B3
:104E40005A6D17405D6DD3F850B015F4807F02D0D5
:104E50001BF4807F64D115F4806F02D01BF4806F47
:104E600067D1019B002B74D1BAF1000F7CD1B9F14D
:104E7000000F40F08580B8F1000F40F08D8015F4F0
:104E8000006F03D01BF4006F40F0928015F4007F98
:104E900003D01BF4007F40F0968015F4002F03D060
:104EA0001BF4002F40F09F8015F4803F03D01BF4CB
:104EB000803F40F0A38015F4802F03D01BF4802F97
:104EC00040F0A78015F4003F0FD01BF4003F0CD03A
:104ED00023684FF400321A65794B00221A61D4F826
:104EE0009C3043F08003C4F89C30002F40F09C803D
:104EF0004EB123681E65B20F714B1A61D4F89C3015
:104F00001E43C4F89C6022686E4B9A4200F0968063
:104F1000D4F89C30002B40F0F78003B0BDE8F08F50
:104F20004FF480721A65664B00221A61FFF75AFF30
:104F300091E72368D3F8DC10D3F8E4204FF48060C5
:104F400018655F4B0020186111402046FFF746FFAF
:104F500087E7236800221A6501998A0F584B1A6166
:104F60002046FFF737FF7FE72368C3F850A04FEADA
:104F70009A72534B1A6151462046FFF72CFF76E791
:104F80002368C3F850904FEA99724D4B1A61494615
:104F900020460CF033FE6EE72368C3F850804FEADA
:104FA0009872474B1A61414620460CF053FE66E763
:104FB00023684FF400621A65414B00221A612046B3
:104FC000FFF70AFF62E72368D3F8D810D3F8E02090
:104FD0004FF4007018653A4B0020186111402046CC
:104FE000FFF7FBFE59E723684FF400221A65344BA4
:104FF00000221A612046FFF7F2FE55E723684FF4BE
:1050000080321A652E4B00221A612046FFF7E8FE17
:1050100051E723684FF480221A65294B00221A6158
:105020002046FFF7DEFE4DE723681F65BA0F244BCD
:105030001A6139462046FFF7D7FE59E763689A6838
:1050400012F0030F3FF464AF196A01F00F015A6ABE
:10505000186A00F03008586A08EA00081F6A07F466
:10506000C077586A07401E6A06F4FC46586A064034
:105070001D6A05F4F025586A0540D3F82490D3F84A
:1050800020A0114020D1B8F1000F22D119F0400F1B
:1050900002D01AF0400F24D17FBB36B163681E6284
:1050A000D4F89C301E43C4F89C60002D3FF430AF10
:1050B00063681D62D4F89C301D43C4F89C5027E7F8
:1050C00000A8004000A0004019622046FFF78DFEB6
:1050D000D9E76368C3F8208041462046FFF786FE83
:1050E000D4E76368D96BDA6B4020186202F03F02A4
:1050F000090C2046FFF77BFECEE763681F62394646
:105100002046FFF775FEC8E72046FFF76CFE04E770
:10511000F0B583B000236BE085685E000324B440E3
:1051200025EA0405CC68B4402C438460446824EA32
:105130000C0C4C68C4F300149C4044EA0C0444601A
:1051400068E0DD08083550F8256003F007044FEAF1
:10515000840C0F2404FA0CF426EA040E0C6904FAF9
:105160000CF444EA0E0440F825406BE0092400E00A
:10517000002404FA0EF42C430CF1020C664D45F8A1
:105180002C404FF0B0442568D44325EA02064F680E
:1051900017F4801F01D042EA05064FF0B0452E609B
:1051A0006D6804EA05064F6817F4001F01D042EA53
:1051B00005064FF0B0456E60D5F8845004EA050648
:1051C0004F6817F4003F01D042EA05064FF0B045A2
:1051D000C5F88460D5F880502C404E6816F4803FA6
:1051E00001D042EA05044FF0B042C2F880400133DA
:1051F0000A6832FA03F400F08C804FF0010C0CFACC
:1052000003FC1CEA0202F2D04C6804F00304013CE7
:10521000012C81D94C6804F00304032C0CD0C46821
:105220005D004FF0030C0CFA05FC24EA0C0C8C68B2
:10523000AC4044EA0C04C4604C6804F00304022C43
:105240003FF47FAF04684FEA430E4FF0030C0CFAB3
:105250000EFC24EA0C0C4C6804F0030404FA0EF46F
:1052600044EA0C0404604C6814F4403FBFD02B4C5B
:10527000D4F8F45045F00205C4F8F450D4F8F440E2
:1052800004F002040194019C4FEA930C0CF1020516
:10529000214C54F8255003F003044FEA840E0F24E8
:1052A00004FA0EF425EA04051D4CA0423FF460AF59
:1052B00004F58064A0421ED004F58064A0421CD096
:1052C00004F58064A0421AD004F58064A04218D08E
:1052D00004F58064A04216D004F58064A04214D086
:1052E00004F58064A04212D004F50064A0423FF4AB
:1052F0003DAF0A243DE701243BE7022439E70324BC
:1053000037E7042435E7052433E7062431E707248B
:105310002FE703B0F0BD00BF00040058004402585E
:10532000000002580AB18161704709048161704729
:105330002DE9F04383B0D0F8008001EBC10300EB0E
:1053400083039A6A5B6A9A4254D807460C469B1AB2
:1053500001EBC10200EB8202D2699A4200D31A46E5
:1053600002F103094FEA990915E006F103094FEA32
:105370009909BB7904EBC40507EB8505296A0093FD
:10538000B3B2E2B2404605F00CFD2B6A33442B6207
:10539000AB6A3344AB6208EB441303F510639B69BB
:1053A0009BB24B4512D304EBC40207EB8202916A15
:1053B000536A99420AD24BB15B1A04EBC40207EB61
:1053C0008202D6699E42D0D31E46CEE704EBC400CB
:1053D00007EB80077A6ABB6A9A420FD804F00F0481
:1053E0000123A340D8F8344824EA0304C8F8344819
:1053F000002000E0012003B0BDE8F0830020FAE7C0
:1054000030B583B000287AD0044690F89534ABB11B
:10541000032384F89534206805F07AFA237C8DF80C
:105420000030231D0ECB206805F0A8F958B10223E7
:1054300084F895340125284603B030BD80F89434B3
:1054400009F00AFFE4E70021206805F0CBFE0246E0
:1054500008B9034617E0022384F895340125EAE7EA
:1054600003EBC30104EB8101012048750B75CB856B
:1054700000200876C861086203EBC30104EB8101D8
:1054800048620133DBB220799842E9D816E002EB9A
:10549000C20304EB8303002183F8551283F85422DE
:1054A00083F85812C3F85C12C3F8601202EBC2030F
:1054B00004EB8303C3F864120132D2B29042E6D8FF
:1054C000237C8DF80030231D0ECB206805F076FA82
:1054D000054658B900236374012384F89534237B6F
:1054E000012B08D0206805F03AFEA4E7022384F8D7
:1054F000953401259FE7204600F074FDF2E7012571
:1055000099E7036890F89424012A1AD010B504464C
:10551000012280F89424DA6812F0400F02D0427B16
:10552000012A09D0206805F0EDF9206805F009FE90
:10553000002084F8940410BD9A6B42F480329A6380
:10554000F0E702207047000070B504460D46006881
:10555000066C00EB411303F530639A68A1790129C9
:1055600011D038498E4256D03DB905EBC50304EB46
:105570008303D3F86432002B5ED0E9B2204609F0F1
:10558000ADFE002070BD12F0080F09D02E498E42EA
:10559000F7D912F4004FF4D04FF400429A60F0E7CC
:1055A00012F0200F02D020229A60EAE712F0280FB2
:1055B000E7D125498E4206D912F4004F03D04FF4AB
:1055C00000429A60DDE705EBC50204EB8202D2F8E7
:1055D00074121B69C3F31203CB1AC2F868327DB987
:1055E00005EBC50204EB8202D2F864226AB105EB36
:1055F000C50204EB8202D2F860120B44C2F860329A
:10560000E9B2204609F06AFEBBE704F29C420121A0
:1056100005F02AFEF4E712F4004F03D04FF40042E5
:105620009A60AEE712F0200F01D020229A60E9B212
:10563000204609F053FEA4E704F29C42002105F045
:1056400013FE9AE70A31544F0A30544F38B50446D6
:1056500003681D6C03EB4113D3F8081B0E4A9542F7
:1056600007D903F5306311F4004F02D04FF4004224
:105670009A60204609F02AFE074B9D4202D9A37981
:10568000012B01D0002038BD04F29C42012120688A
:1056900005F0EAFDF6E700BF0A30544F90F8943465
:1056A000012B0CD010B50446012380F894344174CA
:1056B000006805F036FD002084F8940410BD022037
:1056C000704738B505468C4611F0800F2BD101F09C
:1056D0000F0E0EEBCE04A40004F514740444211D37
:1056E0000EEBCE0E00EB8E0E00208EF855020CF065
:1056F0000F0C81F800C0C2F30A028A600B714A786D
:105700000AB1A1F81AC0022B1CD095F89434012BD1
:105710001BD0012385F89434286805F025FA002071
:1057200085F8940438BD01F00F0000EBC00189003A
:1057300010312944043100EBC00005EB8000012446
:105740004475D4E700234B71DFE70220EAE710B588
:1057500004460A4611F0800F20D101F00F0000EB43
:10576000C0039B0003F514732344191D00EBC00014
:1057700004EB8000002380F8553202F00F020A701B
:1057800094F89434012B18D0012384F894342068C1
:1057900005F038FA002084F8940410BD01F00F00E1
:1057A00000EBC0039B0010332344191D00EBC00025
:1057B00004EB800001234375DFE70220EDE710B51D
:1057C000144601F00F0C0CEBCC01890001F51471AB
:1057D000014404310CEBCC0E00EB8E0ECEF86022AF
:1057E000CEF864320023CEF868328EF855328EF847
:1057F00054C28279012A04D0006805F0E9FA002039
:1058000010BDCEF87042F7E701F00F0101EBC101C6
:1058100000EB8101D1F86802704710B5144601F021
:105820000F0C0CEBCC0189001031014404310CEB5E
:10583000CC0E00EB8E0ECEF82020CEF824300023C4
:10584000CEF8283001238EF815308EF814C08279F6
:105850009A4204D0006805F0BBFA002010BDCEF8D3
:105860003040F7E738B501F00F050279AA4238D386
:1058700004460B4611F0800F1FD101EBC1018900D6
:1058800001F514710144043103EBC30300EB8303FE
:10589000002283F8552201238B700D7094F8943404
:1058A000012B20D0012384F89434206805F0DEFB1E
:1058B00085B1002084F8940438BD05EBC50189004A
:1058C00010310144043105EBC50300EB83030122D1
:1058D0005A75E0E704F29C42A179206805F0C4FC07
:1058E000E7E70120E8E70220E6E701F00F0302798D
:1058F0009A4230D310B5044611F0800F1ED103EB4D
:10590000C301890001F514710144043103EBC302A2
:1059100000EB8202002082F8550200228A700B7090
:1059200094F89434012B18D0012384F8943420681F
:1059300005F0C9FB002084F8940410BD03EBC301FB
:10594000890010310144043103EBC30200EB8202F1
:1059500001205075E1E7012070470220EDE708B50E
:1059600011F0800F0CD101F00F0101EBC101890092
:1059700001F5147101440431006805F0B3F908BD64
:1059800001F00F0101EBC101890010310144043124
:10599000F2E72DE9F04F83B004460568284605F08C
:1059A0001DFC10B103B0BDE8F08F0646206805F07D
:1059B000E4FB0028F6D005F50067BB68C3F30D23B0
:1059C000C4F8D434206805F0D8FB10F0020F04D0DE
:1059D0002268536903F002035361206805F0CDFB90
:1059E00010F0100F14D02268936923F01003936114
:1059F000D5F8208008F00F09C8F34343022B69D083
:105A0000062B00F08D802268936943F010039361A8
:105A1000206805F0B2FB10F4002F40F0938020685E
:105A200005F0ABFB10F4802F40F0FC80206805F0FF
:105A3000A4FB0028C0F27D81206805F09EFB10F4D5
:105A4000006F09D0BB6813F0010F40F08A81226813
:105A5000536903F400635361206805F08EFB10F076
:105A6000006F15D02268536903F00063536194F806
:105A7000CC34002B40F07981012184F8CC142368C8
:105A80005B6DC3F38303C4F8D034204600F0BEFA44
:105A9000206805F072FB10F4805F40F06A81206896
:105AA00005F06BFB10F4005F40F0B681206805F054
:105AB00064FB10F0080F40F0C781206805F05DFB23
:105AC00010F0800F00F0DA81AB6923F08003AB6146
:105AD0000126C3E147F6F07318EA030F93D04FEAAB
:105AE000181B4FEAC903019309EBC90A04EB8A0AA0
:105AF000C8F30A12DAF86012284605F08DFACBF3E3
:105B00000A0BDAF860325B44CAF86032019B4B44FE
:105B100004EB8303D3F868325B44CAF8683272E757
:105B2000082204F29C41284605F076FAC8F30A18C8
:105B300009EBC90204EB8202D2F868324344C2F88E
:105B4000683260E7206805F01CFB8046B14635E00E
:105B500005EB49130122C3F8082B49462046FFF7FD
:105B6000F3FC3CE005EB49130822C3F8082B494637
:105B70002046FFF76BFD35E009EBC90304EB830317
:105B800093F85732012B41D005EB49130222C3F899
:105B9000082B1AF0200F04D005EB49132022C3F87C
:105BA000082B1AF4005F05D005EB49134FF400529F
:105BB000C3F8082B09F101094FEA5808B8F1000FA2
:105BC0003FF42DAF18F0010FF4D05FFA89FB59466E
:105BD000206805F0E6FA824610F0010FB8D11AF0FD
:105BE000080FBFD11AF0100F04D005EB4913102293
:105BF000C3F8082B1AF0020FCBD06B6913F0800F9B
:105C0000BAD07B6843F480637B60B5E709EBC903D6
:105C100004EB8303002283F857225946204609F0FB
:105C2000ADFBB1E7206805F0B4FA8046B14625E047
:105C30005946204609F05EFB1AF0080F04D005EB28
:105C400049130822C3F808291AF0100F04D005EBF5
:105C500049131022C3F808291AF0400F04D005EBAD
:105C600049134022C3F808291AF0020F40D11AF054
:105C7000800F59D109F101094FEA5808B8F1000F16
:105C80003FF4D4AE18F0010FF4D05FFA89FB594607
:105C9000206805F08FFA824610F0010FCCD009F091
:105CA0000F03012101FA03F27B6B23EA02037B63FA
:105CB00005EB4913C3F80819A3798B42B8D109EB56
:105CC000C90304EB8303D9691A6A0A441A62B9F159
:105CD000000FADD109EBC90304EB83035B6A002B12
:105CE000A6D104F29C420121206805F0BDFA9FE78D
:105CF0004946284604F012FE09EBC90304EB83036E
:105D0000DB7D012B05D005EB49130222C3F80829DE
:105D1000ADE709EBC90304EB83030022DA755946AA
:105D2000204609F031FBEEE749462046FFF700FB2D
:105D3000A0E77B6823F001037B6094F8CC34012B4F
:105D400008D0204609F014FB2268536903F0004391
:105D5000536171E6002184F8CC14204600F056F916
:105D6000F2E7204609F0ECFA71E6204609F0E8FA7D
:105D70008EE67B6823F001037B601021206804F02D
:105D8000CDFD1AE005EB46134FF67F31C3F8081935
:105D9000D3F8002922F40012C3F80029C3F8081B25
:105DA000D3F8002B22F40012C3F8002BD3F8002BF9
:105DB00042F00062C3F8002B01362379B342E1D8E8
:105DC000FB6943F00113FB61E37BDBB1D7F884305F
:105DD00043F00B03C7F884307B6C43F00B037B6408
:105DE000D5F8003823F4FE63C5F8003804F29C426D
:105DF000A179206805F038FA2268536903F48053CA
:105E000053614CE67A6942F22B0313437B613B6991
:105E100043F00B033B61E3E7206805F015FA2068C7
:105E200004F092FEE071266800F0B0FE0146E279CF
:105E3000304604F0F5FC204609F06DFA22685369FB
:105E400003F40053536131E6204609F05EFA2268FC
:105E5000536903F0080353612FE601362379B342F7
:105E60000CD906EBC60304EB830393F85732012BDE
:105E7000F3D1F1B22046FFF772FDEEE7206805F09E
:105E80007CF910F4801F25D1206805F076F910F414
:105E9000001F58D0012326E001362379B3421BD9D5
:105EA00005EB4613D3F8002906EBC60304EB830386
:105EB0001B7E012BF0D1002AEEDA06EBC60304EBC1
:105EC00083030122DA7566F07F01C9B22046FFF72D
:105ED00046FDE1E70126E0E72268536903F48013F9
:105EE0005361D1E7013322799A4227D905EB431256
:105EF000D2F8001B03EBC30204EB820292F8582293
:105F0000012AEFD10029EDDAD4F8D42482EA114233
:105F100012F0010FE6D103EBC30204EB8202012170
:105F200082F85712AA6942F08002AA616A6912F0E7
:105F3000800FD7D17B6843F400737B60226853697C
:105F400003F400135361206805F017F910F0804F37
:105F500010D1206805F011F910F0040F3FF422ADC4
:105F600023685D6815F0040F0DD1226853682B4338
:105F7000536017E5204609F00DFA2268536903F0D3
:105F800080435361E5E7204609F00AFAEDE710B4D3
:105F90000468606A31B940EA0240A06200205DF8FE
:105FA000044B70478C46A36A00EB1340002308E0C3
:105FB00003F1400104EB8101496800EB114001331A
:105FC000DBB20CF1FF318B42F2D340EA02400CF11C
:105FD0003F0104EB81014860E0E70368596200205B
:105FE00070470000034602680121C0F8D814002061
:105FF00083F8CC04936943F000639361516D024BC5
:106000000B435365704700BF03000010704700004A
:10601000134BDB6813F0040F07D1114BDB6803F05F
:10602000070383421AD00120704710B50C4AD36889
:1060300023F007031843D060FCF736FE0446084BF4
:106040005B6813F4005F07D1FCF72EFE001BB0F570
:106050007A7FF4D9012000E0002010BD00207047B5
:1060600000480258024AD36843F08073D3607047F7
:1060700000480258002800F0D78238B5044603686B
:1060800013F0010F25D0A04A136903F03803926A78
:10609000102B15D0182B0FD06368B3F5803F3FD07D
:1060A000002B53D1984B1A6822F480321A601A6878
:1060B00022F480221A6038E002F00302022AEBD1B7
:1060C000914B1B6813F4003F03D06368002B00F072
:1060D000AD82236813F0020F00F088808A4A1369AA
:1060E000926A13F038035AD0182B55D0E368002B6E
:1060F00000F0A98084490A6822F0190213430B605A
:10610000FCF7D2FD0546804B1B6813F0040F40F0EE
:106110009180FCF7C9FD401B0228F4D903208CE2D2
:10612000794A136843F48033136063682BB3FCF738
:10613000BBFD0546744B1B6813F4003FC9D1FCF747
:10614000B3FD401B6428F5D9032076E2B3F5A02FF8
:1061500009D06D4B1A6822F480321A601A6822F452
:1061600080221A60E1E7684B1A6842F480221A60C4
:106170001A6842F480321A60D7E7FCF795FD0546AD
:10618000614B1B6813F4003FA3D0FCF78DFD401B4F
:106190006428F5D9032050E212F0030FA6D15A4B20
:1061A0001B6813F0040F03D0E368002B00F040825B
:1061B000554A136823F01903E1680B431360FCF799
:1061C00073FD0546504B1B6813F0040F06D1FCF716
:1061D0006BFD401B0228F5D903202EE24A4A536882
:1061E00023F0FE43216943EA01635360236813F0FF
:1061F000100F51D0444A136903F03803926A082BF8
:1062000039D0182B33D0E369002B69D03E4A13688C
:1062100043F080031360FCF747FD05463A4B1B68CB
:1062200013F4807F53D1FCF73FFD401B0228F5D9C2
:10623000032002E2344A536823F0FE43216943EA13
:1062400001635360D2E7304A136823F001031360FF
:10625000FCF72AFD05462C4B1B6813F0040FC5D034
:10626000FCF722FD401B0228F5D90320E5E102F0EE
:106270000302012AC7D1244B1B6813F4807F03D08B
:10628000E369802B40F0D6811F4AD36823F07C530A
:10629000216A43EA0163D360236813F0080F49D0F1
:1062A0006369002B32D0184A536F43F001035367E0
:1062B000FCF7FAFC0546144B5B6F13F0020F39D163
:1062C000FCF7F2FC401B0228F5D90320B5E10E4A89
:1062D000D36823F07C53216A43EA0163D360DBE790
:1062E000094A136823F080031360FCF7DDFC0546C0
:1062F000054B1B6813F4807FCED0FCF7D5FC401B08
:106300000228F5D9032098E1004402589D4A536FB2
:1063100023F001035367FCF7C7FC0546994B5B6FFD
:1063200013F0020F06D0FCF7BFFC401B0228F5D982
:10633000032082E1236813F0200F29D0A3699BB1C9
:10634000904A136843F480531360FCF7ADFC054694
:106350008C4B1B6813F4005F1AD1FCF7A5FC401BA3
:106360000228F5D9032068E1864A136823F4805394
:106370001360FCF799FC0546824B1B6813F4005F21
:1063800006D0FCF791FC401B0228F5D9032054E10C
:10639000236813F0040F21D1636A002B00F04C81B5
:1063A000784A126902F03802182A00F0F380022BB2
:1063B00075D0744A136823F080731360FCF774FC83
:1063C0000446704B1B6813F0007F00F0D880FCF788
:1063D0006BFC001B0228F4D903202EE16A4A1368E3
:1063E00043F480731360FCF75FFC0546664B1B6843
:1063F00013F4807F06D1FCF757FC401B6428F5D9C5
:1064000003201AE1A368012B0AD00BBB5D4B1A6F66
:1064100022F001021A671A6F22F004021A6704E0E0
:10642000584A136F43F001031367A36833B3FCF7B3
:106430003BFC0546534B1B6F13F0020FACD1FCF72E
:1064400033FC401B41F288339842F3D90320F4E037
:10645000052B09D04B4B1A6F22F001021A671A6FF5
:1064600022F004021A67E0E7464B1A6F42F004027A
:106470001A671A6F42F001021A67D6E7FCF714FC9C
:106480000546404B1B6F13F0020F85D0FCF70CFC48
:10649000401B41F288339842F3D90320CDE0394ABA
:1064A000136823F080731360FCF7FEFB0546354B41
:1064B0001B6813F0007F06D0FCF7F6FB401B022898
:1064C000F5D90320B9E02F4B996A304A0A40A16AF6
:1064D000E06A41EA00110A439A62226B013AC2F370
:1064E0000802616B0139490289B20A43A16B013983
:1064F000090401F4FE010A43E16B0139090601F0C8
:10650000FE410A431A63DA6A22F00102DA62596B29
:106510001F4A0A40A16C42EAC1025A63DA6A22F0B9
:106520000C02216C0A43DA62DA6A22F00202616C20
:106530000A43DA62DA6A42F48032DA62DA6A42F4F0
:106540000032DA62DA6A42F48022DA62DA6A42F00F
:106550000102DA621A6842F080721A60FCF7A4FB4A
:106560000446084B1B6813F0007F06D1FCF79CFB28
:10657000001B0228F5D903205FE000205DE0002029
:106580005BE000BF00440258004802580CFCFFFFCB
:106590000700FFFF30498A6A086B012B4ED002F0DA
:1065A0000303A16A8B424BD1C2F30512E36A9A42FC
:1065B00048D1C0F30802236B013B9A4244D1C0F397
:1065C0004622636B013B9A4240D1C0F30642A36B63
:1065D000013B9A423CD1C0F30660E36B013B984219
:1065E00038D11D4B5B6BC3F3CC03A26C9A4201D133
:1065F000002022E0184AD36A23F00103D362FCF79B
:1066000053FB0546FCF750FBA842FBD0124A516BE6
:10661000124B0B40A16C43EAC1035363D36A43F0AE
:106620000103D362002008E001207047012004E04C
:10663000012002E0012000E0002038BD0120FCE73D
:106640000120FAE70120F8E70120F6E70120F4E74E
:106650000120F2E70120F0E7004402580700FFFFA5
:1066600070B588B00C46154610BB234ED6F8E03006
:1066700043F00103C6F8E030D6F8E03003F0010340
:106680000193019B4FF4807303930223049303232C
:10669000069300230593079303A91848FEF738FDD6
:1066A000336923F0FE7325431D43356108B070BD87
:1066B000114ED6F8E03043F00403C6F8E030D6F8C7
:1066C000E03003F004030293029B4FF40073039342
:1066D000022304930323069300230593079303A93E
:1066E0000748FEF715FD336923F07E4344EAC514DD
:1066F0001C433461DAE700BF00440258000002582E
:1067000000080258744B1B6903F03803102B00F08B
:10671000DE80182B10D00BB1704870476E4B1B6891
:1067200013F0200F00F0D5806B4B1868C0F3C10048
:106730006B4B23FA00F0704710B4674A916A01F07E
:106740000301946AC4F30510D36A03F0010C536B80
:10675000C3F3CC030CFB03F307EE903AF8EE677A31
:1067600014F47C7F00F09380012965D0022900F0A9
:106770009180E1B107EE100AF8EE476A9FED596A81
:1067800086EE267A544B1B6BC3F3080306EE903A51
:10679000F8EE666A9FED546A67EE867A76EEA77A1F
:1067A000F7EE006A77EEA67A27EE277A60E01368A4
:1067B00013F0200F23D011461268C2F3C102484BD8
:1067C000D34007EE103AF8EE476A07EE100AB8EE2B
:1067D000476A86EE867A0B6BC3F3080306EE903A9F
:1067E000F8EE666A9FED406A67EE867A76EEA77AE3
:1067F000F7EE006A77EEA67A27EE277A38E007EE02
:10680000100AF8EE476A9FED396A86EE267A324B17
:106810001B6BC3F3080306EE903AF8EE666A9FED31
:10682000326A67EE867A76EEA77AF7EE006A77EE3E
:10683000A67A27EE277A1BE007EE100AF8EE476AE1
:106840009FED286A86EE267A234B1B6BC3F3080361
:1068500006EE903AF8EE666A9FED236A67EE867A56
:1068600076EEA77AF7EE006A77EEA67A27EE277A19
:10687000194B1B6BC3F34623013307EE903AF8EE36
:10688000677AC7EE276AFCEEE67A17EE900A5DF8A3
:10689000044B704707EE100AF8EE476A9FED146A42
:1068A00086EE267A0C4B1B6BC3F3080306EE903A78
:1068B000F8EE666A9FED0C6A67EE867A76EEA77A46
:1068C000F7EE006A77EEA67A27EE277AD0E7094836
:1068D00070470348704700BF0044025800093D005C
:1068E0000090D0030024744A000000390024744C46
:1068F000001BB74B00366E01002800F0328170B5E6
:106900000D4604469B4B1B6803F00F038B420BD2D2
:10691000984A136823F00F030B431360136803F0C6
:106920000F038B4240F01F81236813F0040F0CD03B
:106930002269914B9B6903F070039A4205D98E49F5
:106940008B6923F070031A438A61236813F0080FE0
:106950000CD06269884BDB6903F070039A4205D959
:106960008549CB6923F070031A43CA61236813F089
:10697000100F0CD0A269804BDB6903F4E0639A42EC
:1069800005D97D49CB6923F4E0631A43CA612368C2
:1069900013F0200F0CD0E269774B1B6A03F07003F1
:1069A0009A4205D974490B6A23F070031A430A62AC
:1069B000236813F0020F0CD0E2686F4B9B6903F061
:1069C0000F039A4205D96C498B6923F00F031A43D0
:1069D0008A61236813F0010F41D0674A936923F459
:1069E0007063A1680B4393616368022B0AD0032B89
:1069F00027D0012B2CD0604A126812F0040F06D168
:106A00000120ADE0126812F4003F00F0AE805A4958
:106A10000A6922F0070213430B61FCF745F90646A9
:106A2000554B1B6903F038036268B3EBC20F16D0F5
:106A3000FCF73AF9801B41F288339842F0D90320E1
:106A40008EE04D4A126812F0007FE0D1012087E00D
:106A5000494A126812F4807FD9D1012080E023686E
:106A600013F0020F0CD0E268434B9B6903F00F0355
:106A70009A4205D240498B6923F00F031A438A6179
:106A80003C4B1B6803F00F03AB420AD9394A136829
:106A900023F00F032B431360136803F00F03AB4283
:106AA00065D1236813F0040F0CD02269324B9B6927
:106AB00003F070039A4205D22F498B6923F07003CB
:106AC0001A438A61236813F0080F0CD062692A4BBD
:106AD000DB6903F070039A4205D22749CB6923F0A2
:106AE00070031A43CA61236813F0100F0CD0A26917
:106AF000214BDB6903F4E0639A4205D21E49CB695E
:106B000023F4E0631A43CA61236813F0200F0CD00A
:106B1000E269194B1B6A03F070039A4205D21649C9
:106B20000B6A23F070031A430A62FFF7EBFD124968
:106B30008B69C3F30323114AD35C03F01F03D840CE
:106B40008B6903F00F03D35C03F01F0320FA03F3F8
:106B50000B4A13600B4B18600B4B1868FBF7C2FA1B
:106B600070BD012070470120FAE70120F8E70120FD
:106B7000F6E700BF00200052004402587C050208DE
:106B800004000024000000240C00002408B5FFF7D6
:106B9000B9FD0B4A9369C3F303230A49CB5C03F0A5
:106BA0001F0320FA03F3926902F00F02885C00F0E1
:106BB0001F0023FA00F0044A1060044A136008BD65
:106BC000004402587C050208040000240000002450
:106BD00008B5FFF7DBFF054BDB69C3F30213044A7B
:106BE000D35C03F01F03D84008BD00BF0044025827
:106BF0007C05020808B5FFF7C9FF054BDB69C3F345
:106C00000223044AD35C03F01F03D84008BD00BF31
:106C1000004402587C0502083F230360114B1A69A7
:106C200002F0070242609A6902F4706282609A6917
:106C300002F00F02C2609A6902F070020261DA6922
:106C400002F070024261DA6902F4E06282611B6A5A
:106C500003F07003C361044B1B6803F00F030B6068
:106C6000704700BF0044025800200052404B9B6A0E
:106C700003F00303032B79D070B505460E463C4A5A
:106C8000136823F080631360FCF70EF80446384B5A
:106C90001B6813F0006F06D0FCF706F8031B022BED
:106CA000F5D9032070BD324B9A6A22F47C322968F0
:106CB00042EA01329A626A68013AC2F30802A9689C
:106CC0000139490289B20A43E9680139090401F42A
:106CD000FE010A4329690139090601F0FE410A4310
:106CE0009A63DA6A22F0C00269690A43DA62DA6AF0
:106CF00022F02002A9690A43DA62DA6A22F010025D
:106D0000DA62D96B1B4A0A40E96942EAC102DA63D6
:106D1000DA6A42F01002DA62C6B91A46DB6A43F454
:106D20000023D362124A136843F080631360FBF7B9
:106D3000BBFF04460E4B1B6813F0006F14D1FBF72A
:106D4000B3FF001B0228F5D90320ABE7012E05D0C5
:106D5000074AD36A43F40013D362E3E7044AD36AD1
:106D600043F48013D362DDE700209BE701207047E6
:106D7000004402580700FFFF404B9B6A03F00303E7
:106D8000032B79D070B505460E463C4A136823F0B4
:106D900080531360FBF788FF0446384B1B6813F0E1
:106DA000005F06D0FBF780FF031B022BF5D9032001
:106DB00070BD324B9A6A22F07C72296842EA015215
:106DC0009A626A68013AC2F30802A9680139490265
:106DD00089B20A43E9680139090401F4FE010A4352
:106DE00029690139090601F0FE410A431A64DA6A89
:106DF00022F4406269690A43DA62DA6A22F40072B4
:106E0000A9690A43DA62DA6A22F48072DA62596C9A
:106E10001B4A0A40E96942EAC1025A64DA6A42F44A
:106E20008072DA62C6B91A46DB6A43F48003D36221
:106E3000124A136843F080531360FBF735FF044692
:106E40000E4B1B6813F0005F14D1FBF72DFF001BE6
:106E50000228F5D90320ABE7012E05D0074AD36AF3
:106E600043F08073D362E3E7044AD36A43F4000338
:106E7000D362DDE700209BE7012070470044025801
:106E80000700FFFFF8B50446036813F0006F30D029
:106E9000436EB3F5001F26D00ED8EBB1B3F5801FBB
:106EA00007D102210830FFF7E1FE054645B12E4625
:106EB00021E0012635461EE0B3F5401F09D100252B
:106EC0009F4A136D23F44013616E0B431365002634
:106ED00011E0012635460EE0994AD36A43F40033A7
:106EE000D3620025ECE702212830FFF745FF054675
:106EF000DCE700263546236813F4807F27D0A36D96
:106F0000042B20D8DFE803F00311180808008C4A8E
:106F1000D36A43F40033D362C5B9894A136D23F0B1
:106F20000703A16D0B43136511E0002104F1080074
:106F3000FFF79CFE0546EFE7002104F12800FFF76C
:106F40001BFF0546E8E70126354600E02E4623688C
:106F500013F4806F22D0D4F8A430B3F5800F3FD063
:106F60000DD8BBB3B3F5001F06D1002104F1080012
:106F7000FFF77CFE054608E0012635460EE0B3F536
:106F8000000F02D0B3F5200F1ED185BB6C4A936D64
:106F900023F46003D4F8A4100B439365236813F41F
:106FA000006F39D0D4F8A830B3F1007F5AD023D87D
:106FB000002B51D0B3F1807F1BD1002104F10800D8
:106FC000FFF754FE05461DE0B3F5C00FDDD00126E6
:106FD0003546E3E75A4AD36A43F40033D362D4E731
:106FE000002104F12800FFF7C7FE0546CDE72E4635
:106FF000D4E7012635460FE0B3F1806F02D0B3F13C
:10700000A06F23D1002D34D14D4A936D23F0E0635E
:10701000D4F8A8100B439365236813F0007F31D098
:10702000E36C202B42D029D833B1102B23D1444A12
:10703000D36A43F40033D362002D3ED1404AD36C6F
:1070400023F03003E16C0B43D3641BE0B3F1407FCA
:10705000D8D001263546DFE7394AD36A43F40033F6
:10706000D362CFE7002104F12800FFF785FE054633
:10707000C8E72E46D0E70126354603E0302BDBD0AB
:1070800001263546236813F4805F3BD0E36DB3F5EA
:10709000005F2FD016D83BB3B3F5805F0FD100212E
:1070A00004F10800FFF7E2FD054611E0022104F1BA
:1070B0000800FFF7DBFD0546BEE72E46E2E70126A6
:1070C00035461FE0B3F5405F02D0B3F5804F08D1DD
:1070D000BDB91B4A136D23F4E043E16D0B43136507
:1070E00010E0012635460DE0154AD36A43F400331B
:1070F000D362EDE7002104F12800FFF73DFE0546CD
:10710000E6E72E46236813F4005F29D0236EB3F51B
:10711000003F44D019D843B1B3F5803F12D10121CB
:1071200004F10800FFF7A2FD0546002D3ED1044AF8
:10713000136D23F4E023216E0B43136510E000BFB1
:1071400000440258012635460AE0B3F5802FECD002
:10715000B3F5A02FE9D0B3F5403FE6D00126354680
:10716000236813F4804F31D0D4F8AC30B3F1005F12
:1071700045D020D843B1B3F1805F19D1012104F18A
:107180000800FFF773FD0546002D3FD18F4A936D30
:1071900023F0E043D4F8AC100B43936516E00121D3
:1071A00004F12800FFF7E8FD0546BEE72E46D7E7C5
:1071B000012635460AE0B3F1804FE5D0B3F1A04F88
:1071C000E2D0B3F1405FDFD001263546236813F4E7
:1071D000004F09D0E36EB3F1805F19D0B3F1005FC7
:1071E00024D0D3B101263546236813F0807F33D0F5
:1071F000A36C032B5BD8DFE803F027225327012180
:1072000004F12800FFF7B8FD0546BDE72E46DDE78F
:107210006E4AD36A43F40033D36275B96B4A136D77
:1072200023F04053E16E0B431365DDE7012104F1C8
:107230000800FFF71BFD0546EFE72E46D4E7634A3B
:10724000D36A43F40033D362A5BB604AD36C23F006
:107250000303A16C0B43D364236813F4800F2BD179
:10726000236813F0010F00F0A380A36F282B00F216
:107270009D80DFE803F08B9B9B9B9B9B9B9B859B4F
:107280009B9B9B9B9B9B949B9B9B9B9B9B9B8B9B65
:107290009B9B9B9B9B9B8B9B9B9B9B9B9B9B8B00F9
:1072A000022104F10800FFF7E1FC0546CCE70126C6
:1072B0003546D1E72E46CFE7454A136843F480733D
:1072C0001360FBF7F1FC0746414B1B6813F4807F0A
:1072D00005D1FBF7E9FCC01B6428F5D90325002D77
:1072E0004AD13A4B1B6FD4F8B020534013F4407F7F
:1072F0000CD0364B1A6F22F44072196F41F4803172
:107300001967196F21F4803119671A67D4F8B03002
:10731000B3F5807F15D08DBBD4F8B03003F4407244
:10732000B2F5407F1ED0294A136923F47C531361C0
:1073300026490B6FD4F8B020C2F30B0213430B673E
:107340008EE7FBF7B1FC0746204B1B6F13F0020FD3
:10735000E1D1FBF7A9FCC01B41F288339842F3D975
:107360000325D8E71948026922F47C52194901EA39
:10737000131313430361DBE72E4671E72E466FE7D5
:10738000012104F10800FFF771FC0546E5B90F4A39
:10739000536D23F03803A16F0B43536508E00121BF
:1073A00004F12800FFF7E8FC0546EFE70126354623
:1073B000236813F0020F1DD0636F052B2ED8DFE872
:1073C00003F0110B261111112E46F1E7004402586B
:1073D00000480258CFFFFF00012104F10800FFF729
:1073E00045FC0546EDB9A94A536D23F00703616FCB
:1073F0000B435365236813F0040F23D0D4F8903067
:10740000052B45D8DFE803F0150F3D1515150121B3
:1074100004F12800FFF7B0FC0546E3E701263546F6
:10742000E8E72E46E6E7012104F10800FFF71EFC1D
:10743000054685BB954A936D23F00703D4F8901059
:107440000B439365236813F0200F34D0D4F88C30AD
:10745000B3F1005F4ED023D843B1B3F1805F1CD1AC
:10746000002104F10800FFF701FC0546002D48D17A
:10747000864A536D23F0E043D4F88C100B435365D8
:1074800019E0012104F12800FFF776FC0546D0E75A
:1074900001263546D6E72E46D4E7012635460AE0D2
:1074A000B3F1804FE2D0B3F1A04FDFD0B3F1405F32
:1074B000DCD001263546236813F0400F31D0D4F8D4
:1074C0009830B3F5006F4DD020D843B1B3F5806F3D
:1074D00019D1002104F10800FFF7C8FB0546002D73
:1074E00047D16A4A936D23F4E053D4F898100B43C4
:1074F000936516E0022104F12800FFF73DFC0546E4
:10750000B4E72E46D7E7012635460AE0B3F5805F9B
:10751000E5D0B3F5A05FE2D0B3F5406FDFD0012630
:107520003546236813F0800F33D0D4F89C30B3F580
:10753000804F00F0A18021D843B1B3F5005F1AD18C
:10754000002104F10800FFF791FB0546002D40F0F3
:107550009A804E4A936D23F46043D4F89C100B43F9
:10756000936516E0022104F12800FFF705FC0546AB
:10757000B5E72E46D5E7012635460AE0B3F5004FBC
:10758000E4D0B3F5204FE1D0B3F5C04FDED00126F3
:107590003546236813F0080F0CD0D4F88030B3F5CB
:1075A000805F75D0394A536D23F44053D4F880106E
:1075B0000B435365236813F0100F0CD0D4F89430AC
:1075C000B3F5807F6DD0314A936D23F44073D4F8C6
:1075D00094100B439365236813F4002F0BD0D4F859
:1075E000A030B3F5803F75D0B3F5003F68D0002BD5
:1075F00060D001263546236813F4802F0CD0D4F8D0
:107600008430B3F5001F7DD0B3F5401F70D0B3F5C3
:10761000801F68D001263546236813F4803F08D0C8
:10762000236D002B77D0B3F5803F00F082800126D8
:107630003546236813F0005F40F08480236813F41C
:10764000003F00F08C80E36FB3F5807F00F0DF80B7
:1076500040F28280B3F5007F03D0B3F5407F40F065
:10766000D480002D40F0D980084A536D23F4407334
:10767000E16F0B43536572E0022104F12800FFF72C
:107680007BFB054662E72E4683E700BF00440258B5
:10769000022104F12800FFF76FFB002882D00126A9
:1076A00080E7022104F12800FFF766FB00288AD05A
:1076B000012688E7002104F10800FFF7D7FA054604
:1076C0007DB9724A936D23F44033D4F8A0100B4374
:1076D000936590E7022104F12800FFF74DFB054672
:1076E000EEE72E4687E7694AD36A43F40033D36254
:1076F0007DB9664A536D23F44013D4F884100B43CC
:10770000536589E7012104F12800FFF735FB0546A1
:10771000EEE72E4680E75D4AD36A43F40033D36236
:1077200075B95A4AD36C23F48033216D0B43D3646B
:107730007FE7022104F10800FFF798FA0546EFE71A
:107740002E4676E7022104F12800FFF715FB0028FA
:107750003FF474AF012671E7002B82D00126236825
:1077600013F4801F06D0494A136D23F00043216FA4
:107770000B431365236813F4001F06D0434A136DAF
:1077800023F08073A16E0B431365236813F0804FC1
:1077900009D03E4B1A6922F400421A611A69D4F8E2
:1077A000B4100A431A612368002B06DA374AD36CF7
:1077B00023F04053616D0B43D364236813F4000F2F
:1077C00007D0324A536D23F44003D4F888100B439A
:1077D0005365636813F0010F21D1636813F0020F42
:1077E00026D1636813F0040F2BD1636813F0080FE0
:1077F00030D1636813F0100F35D1636813F0200F98
:107800003AD106B101263046F8BD0126A7E71F4A46
:10781000D36A43F40033D36223E72E469FE7002167
:1078200004F10800FFF722FA0028D6D00646D4E774
:10783000012104F10800FFF719FA0028D1D006460B
:10784000CFE7022104F10800FFF710FA0028CCD09E
:107850000646CAE7002104F12800FFF78DFA002848
:10786000C7D00646C5E7012104F12800FFF784FAD6
:107870000028C2D00646C0E7022104F12800FFF725
:107880007BFA0028BDD00646BBE700BF0044025883
:1078900008B5FFF77BF9054B1B6AC3F30213044AD3
:1078A000D35C03F01F03D84008BD00BF004402585A
:1078B0007C05020810B5774A916A946AC4F3053EC4
:1078C000D36AC3F3001CD36BC3F3CC030CFB03F3E9
:1078D00014F47C3F00F0D88001F0030107EE903AE9
:1078E000F8EE677A012965D0022900F0B080E1B195
:1078F00007EE10EAB8EE477A9FED676AC6EE076AB0
:10790000644B9B6BC3F3080307EE103AB8EE477A5B
:107910009FED626A67EE867A77EE277AB7EE007A95
:1079200077EE877A66EEA76A60E0136813F0200F9F
:1079300023D011461268C2F3C102594BD34007EE5F
:10794000103AB8EE477A06EE90EAB8EE666AC7EEED
:10795000066A8B6BC3F3080307EE103AB8EE477A5A
:107960009FED4E6A67EE867A77EE277AB7EE007A59
:1079700077EE877A66EEA76A38E007EE10EAB8EE8F
:10798000477A9FED486AC6EE076A424B9B6BC3F38A
:10799000080307EE103AB8EE477A9FED406A67EEAB
:1079A000867A77EE277AB7EE007A77EE877A66EEF8
:1079B000A76A1BE007EE10EAB8EE477A9FED366A39
:1079C000C6EE076A334B9B6BC3F3080307EE103A0E
:1079D000B8EE477A9FED316A67EE867A77EE277ABE
:1079E000B7EE007A77EE877A66EEA76A294A936B3C
:1079F000C3F3462307EE103AB8EE477AB7EE006AB3
:107A000037EE067AC6EE877AFCEEE77AC0ED007AAA
:107A1000936BC3F3064307EE103AB8EE477A37EE9E
:107A2000067AC6EE877AFCEEE77AC0ED017A936BB0
:107A3000C3F3066307EE903AF8EE677A77EE867A3C
:107A400086EEA77ABCEEC77A80ED027A10BD07EE0B
:107A500010EAB8EE477A9FED146AC6EE076A0D4B3E
:107A60009B6BC3F3080307EE103AB8EE477A9FED1D
:107A70000B6A67EE867A77EE277AB7EE007A77EEB2
:107A8000877A66EEA76AB1E70023036043608360EC
:107A9000DCE700BF004402580024744A00000039AB
:107AA0000090D0030024744C001BB74B10B5774AEC
:107AB000916A946AC4F3055ED36AC3F3002C536CD5
:107AC000C3F3CC030CFB03F314F07C7F00F0D880ED
:107AD00001F0030107EE903AF8EE677A012965D0CC
:107AE000022900F0B080E1B107EE10EAB8EE477A63
:107AF0009FED676AC6EE076A644B1B6CC3F308030D
:107B000007EE103AB8EE477A9FED626A67EE867A22
:107B100077EE277AB7EE007A77EE877A66EEA76A75
:107B200060E0136813F0200F23D011461268C2F3EF
:107B3000C102594BD34007EE103AB8EE477A06EE31
:107B400090EAB8EE666AC7EE066A0B6CC3F30803E8
:107B500007EE103AB8EE477A9FED4E6A67EE867AE6
:107B600077EE277AB7EE007A77EE877A66EEA76A25
:107B700038E007EE10EAB8EE477A9FED486AC6EEA5
:107B8000076A424B1B6CC3F3080307EE103AB8EECA
:107B9000477A9FED406A67EE867A77EE277AB7EEEE
:107BA000007A77EE877A66EEA76A1BE007EE10EAA6
:107BB000B8EE477A9FED366AC6EE076A334B1B6C08
:107BC000C3F3080307EE103AB8EE477A9FED316A27
:107BD00067EE867A77EE277AB7EE007A77EE877AC5
:107BE00066EEA76A294A136CC3F3462307EE103AE0
:107BF000B8EE477AB7EE006A37EE067AC6EE877AB5
:107C0000FCEEE77AC0ED007A136CC3F3064307EE8F
:107C1000103AB8EE477A37EE067AC6EE877AFCEE6F
:107C2000E77AC0ED017A136CC3F3066307EE903A6E
:107C3000F8EE677A77EE867A86EEA77ABCEEC77A98
:107C400080ED027A10BD07EE10EAB8EE477A9FED9C
:107C5000146AC6EE076A0D4B1B6CC3F3080307EEEC
:107C6000103AB8EE477A9FED0B6A67EE867A77EEA8
:107C7000277AB7EE007A77EE877A66EEA76AB1E7E1
:107C80000023036043608360DCE700BF00440258C8
:107C90000024744A000000390090D0030024744C82
:107CA000001BB74B10B402685369916941F0080199
:107CB000916101688A6942F010028A6101680A686C
:107CC00022F001020A6001680C69294A22400A6117
:107CD00001688A6822F440428A6090F88120D2B21A
:107CE000042A0DD013F0200F0AD0D0F8842042F0DF
:107CF0008002C0F8842001688A6942F020028A610B
:107D000090F88120D2B2032A0DD013F0400F0AD090
:107D1000D0F8842042F00402C0F8842001688A6907
:107D200042F040028A6113F4007F0AD0D0F8842028
:107D300042F00102C0F8842001688A6942F40072AE
:107D40008A6113F4807F0AD0D0F8843043F00803AE
:107D5000C0F884300268936943F480739361002310
:107D6000A0F86230A0F86A305DF8044B704700BF9D
:107D700090FCFFFFC36B5B09C0680830C00803FBC1
:107D8000000070472DE9F04107460E4615461C4697
:107D9000DDF8188000E0B4B13B685B6936EA0303A4
:107DA0000CBF01230023AB420AD1FAF77DFFA0EB01
:107DB0000800A042EFD3B4F1FF3FECD0032000E075
:107DC0000020BDE8F0810320FBE70000002800F060
:107DD000B78070B504460023836205685C4B5D4E36
:107DE0009D4218BFB54214BF0126002607D0A3F557
:107DF00074439D4203D0C3680F2B00F2A38020463A
:107E0000FFF7B8FF2EB1544B9D4202D0082800F274
:107E10009B804F4A4F4B9D4218BF954203D003F5BC
:107E200080639D4202D1102800F2908094F8813046
:107E3000F3B1022384F881302268136823F0010330
:107E4000136021688A6802F4F812A369B3F1806FA5
:107E500014D0636813F4800F23D0E368062B20D975
:107E600021680B6823F48073206D03430B601DE0D1
:107E700084F880302046FAF715F8DAE76368B3F53E
:107E8000800F06D0002BE4D1A36BB3F1805FE0D16B
:107E900002E0A06B0028F5D10B6843F480530B601F
:107EA000D7E721680B6823F480730B60E369A16A4C
:107EB0000B431343E26B1343E16822680B43936067
:107EC000636B626A1343A26B1343A2691343226973
:107ED000134362691343226A134362681343E26CDB
:107EE0001343A2681343A26C1343A16D22680B4392
:107EF000D36063686BB92268936823F4C05343F47A
:107F0000006393602268936823F4C06343F4806342
:107F100093602268136D23F001031365636813F403
:107F2000800F06D02268D36823F00043616D0B43B5
:107F3000D3600020C4F88400012384F8813070BD30
:107F4000012070470120FAE70120F8E70120F6E759
:107F50000030014000380040003C00402DE9F0476F
:107F600082B004468A4691461D46D0F80080FAF752
:107F70009BFE94F88160F6B2012E40F048810746DE
:107F8000B9F1000F18BFBAF1000F00F0418194F869
:107F90008030012B00F04081012384F880300323DE
:107FA00084F881300023C4F88430C4F85CA0A4F8BD
:107FB0006090A4F862906366A4F86830A4F86A3010
:107FC00063672367A368B3F5C02F1CD02268D3680A
:107FD00023F4C02343F40033D360236859688F4AE5
:107FE0000A4049EA02025A602268136843F001031A
:107FF00013606368B3F5800F0BD0E3680F2B1BD8B9
:10800000072B4DD8ACE02268136843F4006313607B
:10801000E3E72268136843F400731360EDE7E26D51
:1080200012681A62E36D0433E365B4F8622092B219
:10803000013A92B2A4F86220B4F862309BB2002BED
:1080400000F0C98023685A6912F0020FE7D1FAF7ED
:108050002BFEC01BA84202D3B5F1FF3F01D1002D7A
:10806000EAD12046FFF71EFED4F8843043F4807333
:10807000C4F88430012384F88130002384F88030F0
:108080000326C5E0E36D1B88A8F82030E36D0233BA
:10809000E365B4F862309BB2013B9BB2A4F8623056
:1080A000B4F862309BB2002B00F0958022685369CF
:1080B00013F0020F15D0B4F862309BB2012BE1D956
:1080C000E36B002BDED0E36D1B681362E36D0433BA
:1080D000E365B4F862309BB2023B9BB2A4F8623015
:1080E000DEE7FAF7E1FDC01BA84202D3B5F1FF3F7E
:1080F00001D1002DD4D12046FFF7D4FDD4F884302F
:1081000043F48073C4F88430012384F88130002361
:1081100084F8803003267BE0B4F862309BB2012BF8
:1081200010D9E36B73B1E36D1B88A8F82030E36DC1
:108130000233E365B4F862309BB2023B9BB2A4F811
:1081400062300DE0E36D1B7882F82030E36D01337F
:10815000E365B4F862309BB2013B9BB2A4F8623095
:10816000B4F862309BB2002B35D02268536913F00B
:10817000020F15D0B4F862309BB2032BCCD9E36B5D
:10818000402BC9D9E36D1B681362E36D0433E365CB
:10819000B4F862309BB2043B9BB2A4F86230DFE7D4
:1081A000FAF782FDC01BA84202D3B5F1FF3F01D10F
:1081B000002DD5D12046FFF775FDD4F8843043F467
:1081C0008073C4F88430012384F88130002384F85C
:1081D000803003261CE000972B4600220821204611
:1081E000FFF7D0FD28B1D4F8843043F02003C4F861
:1081F00084302046FFF756FD012384F881300023A8
:1082000084F88030D4F8843013B9002600E00226C8
:10821000304602B0BDE8F0870226F9E70000FFFF14
:108220002DE9F04F83B004468A4691461D46D0F8AA
:1082300000B0C66BC6F34F16FAF736FD94F881709E
:10824000FFB2012F40F02F820136B6B28046B9F15D
:10825000000F18BFBAF1000F00F02682002D00F0C9
:10826000238294F88030012B00F02282012384F8CD
:108270008030052384F881300023C4F88430C4F8AA
:108280006490A4F86A50A4F86850C4F85CA0A4F8FC
:108290006250A4F86050236763672268D36823F4B0
:1082A000C023D36022689C499C4B9A4218BF8A42E3
:1082B00009D003F580639A4202D04FF0080904E028
:1082C0004FF0100901E04FF010095168944B0B403A
:1082D0002B4353602268136843F001031360636803
:1082E000B3F5800F06D0E3680F2B7AD94FEA990BCC
:1082F000A9461FE02268136843F400731360F2E795
:1083000023685A69B9F1000F14D0596911F0010FAF
:1083100032D0626E1B6B1360636E04336366B4F815
:108320006A309BB2013B9BB2A4F86A30B4F86A9001
:108330001FFA89F945EA09039BB2002B00F09681E8
:1083400023685A6912F0020FDAD0002DD8D005EB5D
:108350000B029145D4D2E26D12681A62E36D0433C8
:10836000E365B4F862309BB2013B9BB2A4F8623083
:10837000B4F86250ADB2C3E7B14514D212F4004F65
:1083800011D0626E1B6B1360636E04336366B4F8C6
:108390006A309BB2013B9BB2A4F86A30B4F86A9091
:1083A0001FFA89F9C6E7FAF77FFCA0EB08000C9BDF
:1083B000984202D3B3F1FF3F02D10C9B002BB9D1FD
:1083C0002046FFF76FFCD4F8843043F48073C4F880
:1083D0008430012384F88130002384F8803003271F
:1083E00062E1072B40F240814FEA59039A46A946C1
:1083F0001AE023685A69B9F1000F15D05B6913F0D0
:10840000010F34D0636EBBF830201A80636E0233E4
:108410006366B4F86A309BB2013B9BB2A4F86A3041
:10842000B4F86A901FFA89F945EA09039BB2002B58
:1084300000F01C8123685B6913F0020FD9D0002D76
:10844000D7D05346EB189945D3D2E36D1B88ABF8D0
:108450002030E36D0233E365B4F862309BB2013B38
:108460009BB2A4F86230B4F86250ADB2C1E7B14536
:108470001BD212F4004F18D0636EBBF830201A8064
:10848000636E9A1C6266BBF830205A80636E0233BA
:108490006366B4F86A309BB2023B9BB2A4F86A30C0
:1084A000B4F86A901FFA89F9BEE7B9F1010F15D146
:1084B00012F4005F12D0636EBBF830201A80636E36
:1084C00002336366B4F86A309BB2013B9BB2A4F8F6
:1084D0006A30B4F86A901FFA89F9A5E7FAF7E4FB65
:1084E000A0EB08000C9B984202D3B3F1FF3F02D1EE
:1084F0000C9B002B98D12046FFF7D4FBD4F8843096
:1085000043F48073C4F88430012384F8813000235D
:1085100084F880300327C7E0003001400038004075
:108520000000FFFF23685A69BBF1000F15D059699D
:1085300011F0010F34D0626E93F830301370636E17
:1085400001336366B4F86A309BB2013B9BB2A4F876
:108550006A30B4F86AB01FFA8BFB45EA0B039BB292
:10856000002B00F0838023685A6912F0020FD9D0E3
:10857000002DD7D005EB09029345D3D2E26D1278D6
:1085800083F82020E36D0133E365B4F862309BB2D9
:10859000013B9BB2A4F86230B4F86250ADB2C1E7BF
:1085A000B3452AD212F4004F27D0626E93F83030D0
:1085B0001370636E5A1C6266226892F830205A70FB
:1085C000636E5A1C6266226892F830205A70636E9D
:1085D0005A1C6266226892F830205A70636E01332A
:1085E0006366B4F86A309BB2043B9BB2A4F86A306D
:1085F000B4F86AB01FFA8BFBAFE7BBF1030F15D8D5
:1086000012F4C04F12D0626E93F830301370636E64
:1086100001336366B4F86A309BB2013B9BB2A4F8A5
:108620006A30B4F86AB01FFA8BFB96E7FAF73CFBA6
:10863000A0EB08000C9B984202D3B3F1FF3F02D19C
:108640000C9B002B89D12046FFF72CFBD4F88430FB
:1086500043F48073C4F88430012384F8813000230C
:1086600084F8803003271FE0AB4676E7CDF8008022
:108670000C9B002208212046FFF784FB28B1D4F888
:10868000843043F02003C4F884302046FFF70AFB0F
:10869000012384F88130002384F88030D4F88430BA
:1086A00013B9002700E00227384603B0BDE8F08F79
:1086B0000227F9E7704770477047704708B5806B2D
:1086C0000023A0F86A30A0F86230012380F88130DE
:1086D000FFF7F3FF08BD70472DE9F843044606682D
:1086E0003269736902EA0305D6F8089090F8817040
:1086F000FFB213F4006F02D012F0080F3FD105F063
:108700006403042B42D0002305F04508B8F1010FA3
:1087100044D005F02602022A45D0002B46D115F0A0
:10872000080F79D02268936943F0080393612268A7
:10873000936943F0100393612268936943F40063E3
:1087400093612268136923F00803136123689B680F
:1087500013F4404F3BD02046FFF7A4FA012384F8DE
:108760008130D4F88430002B4AD1052F4CD0042F0F
:108770004ED0032F1AD12046FFF79CFF16E0B369B5
:1087800043F40063B361FFF7A6FF0FE0636F204679
:108790009847236F204698470123B5E7236F20466B
:1087A00098474346B5E7636F20469847BDE8F8838E
:1087B000072B1CD9636E328E1A80636E0233636698
:1087C000B4F86A309BB2013B9BB2A4F86A30B4F8AB
:1087D0006A309BB2002BBED0E3680F2BE8D9226829
:1087E000636E126B1A60636E04336366E8E7226897
:1087F000636E92F830201A70636E01336366DFE7B0
:108800002046FFF75AFFD1E72046FFF755FFCDE797
:108810002046FFF750FFC9E715F4587FC6D015F082
:10882000400F0AD0D4F8843043F00403C4F88430F5
:108830002268936943F04003936115F4007F0AD0E6
:10884000D4F8843043F00103C4F88430226893697B
:1088500043F40073936115F4807F0AD0D4F8843018
:1088600043F00803C4F884302268936943F48073AA
:10887000936115F0200F0AD0D4F8843043F08003C0
:10888000C4F884302268936943F020039361D4F8DC
:108890008430002B8AD02268136823F00103136010
:1088A000226811691A4B0B40136109F44049B9F56C
:1088B000404F25D12268936823F440439360E36FCF
:1088C0005BB1144A1A65E06FFBF732F928B1D4F8AE
:1088D000843043F04003C4F88430A36F002B3FF48E
:1088E00065AF0C4A1A65A06FFBF722F900283FF428
:1088F0005DAFD4F8843043F04003C4F8843055E7CA
:10890000012384F881302046FFF7D7FE4EE700BFF1
:1089100094FCFFFFBD860008F0B4036A026A22F0EF
:1089200001020262466884691F4A22400D681543AD
:1089300023F002038C6823431C4A1D4CA04218BF3D
:1089400090420CBF012200220CD004F58044A042CA
:1089500014BF00240124174FB84203D014B9164C99
:10896000A04205D123F00803CC68234323F004037D
:108970005AB9124A904214BF002201220D4CA04263
:1089800003D012B90C4A904207D126F4407C4A69C0
:1089900042EA0C0C8E6946EA0C06466085614A681C
:1089A00042630362F0BC70478CFFFEFF0000014091
:1089B00000040140004001400048014000440140E3
:1089C00070B4036A026A22F4807202624568C46964
:1089D0001A4A22400E68164323F400738A6843EA59
:1089E0000223174A174CA04218BF90420CBF012225
:1089F000002206D123F40063CC6843EA042323F465
:108A000080635AB9104A904214BF002201220F4CD1
:108A1000A04203D012B90E4A904207D125F4405C1F
:108A20004A694CEA021C8D694CEA05154560C6612D
:108A30004A68C263036270BC704700BF8CFFFEFFD0
:108A4000000001400004014000440140004001409A
:108A50000048014070B4036A026A22F48052026244
:108A60004468C569144A2A400D6842EA052223F485
:108A700000538D6843EA0533104E114DA84218BFCC
:108A8000B0420DD005F58045A84214BF0025012550
:108A900006F58046B04203D015B90A4DA84204D16C
:108AA00024F480444D6944EA85144460C2614A68F4
:108AB0000264036270BC7047FF8CFFFE000001403F
:108AC000000401400048014070B4036A026A22F4C5
:108AD000803202624268456D144C2C400D682C4374
:108AE00023F400338D6843EA0543114E114DA8422B
:108AF00018BFB0420DD005F58045A84214BF00252F
:108B0000012506F58046B04203D015B90A4DA842AA
:108B100004D122F480324D6942EA05224260446564
:108B20004A688265036270BC704700BF8FFFFEFF1A
:108B300000000140000401400048014070B4036A95
:108B4000026A22F4801202624468456D144A2A4087
:108B50000D6842EA052223F400138D6843EA0553A9
:108B6000104E114DA84218BFB0420DD005F58045FA
:108B7000A84214BF0025012506F58046B04203D067
:108B800015B90A4DA84204D124F480244D6944EA61
:108B90008524446042654A68C265036270BC7047C0
:108BA000FF8FFFFE0000014000040140004801402B
:108BB00010B4036A046A24F001040462846924F096
:108BC000F00C4CEA021223F00A030B4382610362A9
:108BD0005DF8044B704710B4036A046A24F0100473
:108BE0000462846924F4704C4CEA023223F0A0033E
:108BF00043EA0113826103625DF8044B7047000091
:108C00008268034B13400B4343F0070383607047B4
:108C10008FFFCFFF90F83D30DBB2012B42D1022312
:108C200080F83D300268D36843F00103D3600368E5
:108C30001E4AB3F1804F18BF934225D0A2F57C4263
:108C4000934221D002F5806293421DD002F58062EA
:108C5000934219D002F57842934215D0A2F56C42A6
:108C6000934211D002F5943293420DD0A2F5C04246
:108C7000934209D002F58062934205D01A6842F00F
:108C800001021A60002070479968094A0A40062AC2
:108C900018BFB2F5803F07D01A6842F001021A608F
:108CA00000207047012070470020704700000140FD
:108CB00007000100704770477047704770B5044661
:108CC0000368DE681D6915F0020F10D016F0020F60
:108CD0000DD06FF002021A610123037703689B69CC
:108CE00013F0030F64D0FFF7E6FF0023237715F09E
:108CF000040F12D016F0040F0FD023686FF0040297
:108D00001A610223237723689B6913F4407F55D0AF
:108D10002046FFF7D0FF0023237715F0080F12D06D
:108D200016F0080F0FD023686FF008021A610423B1
:108D300023772368DB6913F0030F46D02046FFF743
:108D4000BAFF0023237715F0100F12D016F0100F82
:108D50000FD023686FF010021A610823237723686D
:108D6000DB6913F4407F37D02046FFF7A4FF0023D0
:108D7000237715F0010F02D016F0010F33D115F44F
:108D8000025F02D016F0800F35D115F4807F02D03B
:108D900016F0800F37D115F0400F02D016F0400FBB
:108DA00039D115F0200F02D016F0200F3BD170BD45
:108DB000FFF780FF2046FFF77FFF96E72046FFF78B
:108DC00079FF2046FFF778FFA5E72046FFF772FFFF
:108DD0002046FFF771FFB4E72046FFF76BFF204600
:108DE000FFF76AFFC3E723686FF001021A612046AC
:108DF0000DF038F8C3E723686FF402521A61204679
:108E000000F0BFFBC1E723686FF480721A6120464F
:108E100000F0B8FBBFE723686FF040021A612046FC
:108E2000FFF74BFFBDE723686FF020021A61204671
:108E300000F0A6FBBBE7000070B403683E4A904216
:108E400014BF00220122B0F1804F14BF144642F03B
:108E50000104ACB9394DA84214BF00250125384E94
:108E6000B0420DD065B905F1804505F58235A842BF
:108E700014BF0025012506F50066B04200D01DB1E3
:108E800023F070034D682B4364BB2C4CA04214BFED
:108E9000002401242A4DA84224D01CBB04F18044A4
:108EA00004F58234A04214BF0024012405F50065B6
:108EB000A84217D0B4B9234CA04214BF0024012407
:108EC00005F59A35A8420DD064B91F4CA04214BFD5
:108ED0000024012405F50065A84203D014B91B4CF9
:108EE000A04203D123F44073CC68234323F08003D2
:108EF0004C6923438C68C4620C688462144CA042A1
:108F000008BF42F0010262B90E4A904214BF00222B
:108F1000012204F57054A04203D012B90D4A9042C8
:108F200001D10A690263026842F004020260012270
:108F30004261036070BC70470000014000080040BF
:108F4000000400400044014000E0004000E4004014
:108F5000000401400048014060B310B5044690F899
:108F60003D3013B3022384F83D30214651F8040B01
:108F7000FFF762FF012384F8483084F83E3084F81C
:108F80003F3084F8403084F8413084F8423084F82F
:108F9000433084F8443084F8453084F8463084F80F
:108FA000473084F83D30002010BD80F83C30F9F7A0
:108FB00085FAD7E70120704760B310B5044690F8F2
:108FC0003D3013B3022384F83D30214651F8040BA1
:108FD000FFF732FF012384F8483084F83E3084F8EC
:108FE0003F3084F8403084F8413084F8423084F8CF
:108FF000433084F8443084F8453084F8463084F8AF
:10900000473084F83D30002010BD80F83C30F9F73F
:109010003BFAD7E70120704770B4036A026A22F076
:1090200010020262456884691A4A22400E6842EAC8
:10903000062623F020038A6843EA0213164A174CD7
:10904000A04218BF90420CBF0122002206D123F09B
:109050008003CC6843EA041323F040035AB9104A52
:10906000904214BF002201220E4CA04203D012B93C
:109070000D4A904207D125F4406C4A694CEA820CB3
:109080008D694CEA8505456086614A6882630362A2
:1090900070BC7047FF8CFFFE0000014000040140DF
:1090A00000440140004001400048014038B590F8BC
:1090B0003C30012B00F0958004460D46012380F8DA
:1090C0003C30142A00F28880DFE802F00B868686A6
:1090D0001F86868634868686488686865D86868650
:1090E00071000068FFF718FC2268936943F00803D9
:1090F00093612268936923F0040393612268936962
:1091000029690B439361002067E00068FFF784FF43
:109110002268936943F4006393612268936923F49E
:109120008063936122689369296943EA012393610B
:10913000002052E00068FFF743FC2268D36943F047
:109140000803D3612268D36923F00403D361226842
:10915000D36929690B43D36100203EE00068FFF723
:1091600079FC2268D36943F40063D3612268D36930
:1091700023F48063D3612268D369296943EA012318
:10918000D361002029E00068FFF79EFC2268536D40
:1091900043F0080353652268536D23F004035365BD
:1091A0002268536D29690B435365002015E0006860
:1091B000FFF7C4FC2268536D43F4006353652268D3
:1091C000536D23F4806353652268536D296943EA24
:1091D00001235365002000E00120002384F83C3087
:1091E00038BD0220FCE710B4846824F47F4C42EAC6
:1091F00003220A4342EA0C0282605DF8044B704786
:1092000090F83C30012B00F08F8010B5044601230C
:1092100080F83C30022380F83D3002689068434B70
:10922000034093600B68702B55D031D8502B6CD015
:109230000CD9602B2AD1CA6849682068FFF7CBFC9B
:1092400060212068FFF7DCFC002035E0402B0AD1CC
:10925000CA6849682068FFF7ABFC40212068FFF727
:10926000CFFC002028E05BD8202B07D003D9302B7F
:1092700004D0012020E00BB1102B05D11946206845
:10928000FFF7BEFC002017E0012015E0012013E0ED
:10929000B3F5005F2CD00BD9254A9342EED012D9FA
:1092A000244A9342EAD010329342E7D0012003E0EF
:1092B000B3F5805F36D10020012384F83D300023D0
:1092C00084F83C3010BDB3F5801FD7D0B3F1101F28
:1092D000D4D00120F0E7CB684A6889682068FFF79E
:1092E00082FF2268936843F0770393600020E3E7EE
:1092F000CB684A6889682068FFF775FF2268936821
:1093000043F4804393600020D6E7CA684968206828
:10931000FFF74EFC50212068FFF772FC0020CBE7DE
:109320000120C9E70120C7E7022070478800CEFF6F
:10933000200010003000100001F01F01012303FA8B
:1093400001FC036A23EA0C030362036A02FA01F1D7
:109350000B4303627047000010B50446084600291D
:1093600056D194F83E30DBB2013B18BF0123002BED
:1093700040F0A380002876D1022384F83E300122F9
:1093800001462068FFF7D8FF23684E494E4A9342B2
:1093900018BF8B420BD002F57052934207D002F5F2
:1093A0008062934203D002F58062934203D15A6CEB
:1093B00042F400425A642368424AB3F1804F18BF16
:1093C00093426CD0A2F57C42934268D002F5806251
:1093D000934264D002F58062934260D002F57842F5
:1093E00093425CD0A2F56C42934258D002F594327D
:1093F000934254D0A2F5C042934250D002F580620D
:1094000093424CD01A6842F001021A60002055E0E5
:1094100004290CD0082911D00C2916D010291BD0F2
:1094200094F84330DBB2013B18BF01239FE794F867
:109430003F30DBB2013B18BF012398E794F840307E
:10944000DBB2013B18BF012391E794F84130DBB256
:10945000013B18BF01238AE794F84230DBB2013B9D
:1094600018BF012383E7042809D008280BD00C2853
:109470000DD010280FD0022384F843307FE7022359
:1094800084F83F307BE7022384F8403077E70223FB
:1094900084F8413073E7022384F842306FE799681B
:1094A0000A4A0A40062A18BFB2F5803F07D01A6858
:1094B00042F001021A60002000E0012010BD0020EF
:1094C000FCE700BF0000014000040140070001006C
:1094D00090F83C30012B4DD070B4012380F83C3023
:1094E000022380F83D3003685A689C68224E234D61
:1094F000AB4218BFB34203D122F470024D682A4335
:1095000022F070020D682A435A6003681A4AB3F1C8
:10951000804F18BF93421FD0A2F57C4293421BD0CC
:1095200002F58062934217D002F58062934213D015
:1095300002F5784293420FD0A2F56C4293420BD0D1
:1095400002F59432934207D0A2F5C042934203D071
:1095500002F58062934204D124F080048A681443A7
:109560009C60012380F83D30002380F83C30184691
:1095700070BC7047022070470000014000040140A9
:10958000704770477047026852E8003F23F0C003FD
:1095900042E800310029F6D1026802F1080353E8DD
:1095A000003F23F40003083242E800310029F3D1E0
:1095B0002023C0F888307047026852E8003F23F447
:1095C000907342E800310029F6D1026802F10803E5
:1095D00053E8001F0D4B0B40083242E800310029D0
:1095E000F3D1C36E012B06D02023C0F88C300023AA
:1095F000C36643677047026852E8003F23F01003D8
:1096000042E800310029F6D1EEE700BFFEFFFFEF90
:1096100008B5026852E8003F23F0400342E80031F9
:109620000029F6D12023C0F888300023836709F091
:10963000A9FC08BD7047704738B5846BD4F8882002
:10964000D4F88C5023689B6813F0800F01D0212A36
:1096500010D023689B6813F0400F01D0222D10D04A
:10966000D4F8903043F01003C4F8903020460DF049
:10967000DDFD38BD0023A4F856302046FFF783FFF8
:10968000E7E70023A4F85E302046FFF795FFE7E701
:1096900008B5806B0023A0F85E300DF0C7FD08BD53
:1096A00070B504460168CB6908688D6840F60F0202
:1096B0001A4008D113F0200F05D010F0200F34D13C
:1096C00015F0805F31D12AB18B4A2A4033D18B4EBD
:1096D000304230D1E26E012A00F0C68013F4801FC0
:1096E00003D015F4800F40F0A98113F0800F07D04C
:1096F00010F0800F40F0A98115F4000F40F0A58113
:1097000013F0400F03D010F0400F40F0A58113F488
:10971000000F03D010F0804F40F0A28113F0807F43
:1097200002D00028C0F2A08170BD636F002BFBD077
:1097300020469847F8E713F0010F09D010F4807F16
:1097400006D001260E62D4F890103143C4F8901070
:1097500013F0020F0BD015F0010F08D0216802267C
:109760000E62D4F8901041F00401C4F8901013F088
:10977000040F0BD015F0010F08D0216804260E62EB
:10978000D4F8901041F00201C4F8901013F0080FC3
:109790000BD010F0200F00D13AB1226808211162DD
:1097A000D4F890200A43C4F8902013F4006F0CD032
:1097B00010F0806F09D022684FF400611162D4F874
:1097C000902042F02002C4F89020D4F89020002A83
:1097D000AAD013F0200F09D010F0200F02D115F0FD
:1097E000805F03D0636F0BB120469847D4F8902078
:1097F00023689B6813F0400F02D112F0280F2CD081
:109800002046FFF7D9FE23689B6813F0400F20D055
:10981000226802F1080353E8003F23F040030832B6
:1098200042E800310029F3D1D4F880306BB1344ADA
:109830001A65D4F88000FAF77BF900283FF474AF7A
:10984000D4F88000036D98476EE720460DF0EEFCDB
:109850006AE720460DF0EAFC66E720460DF0E6FCDC
:109860000023C4F890305FE713F0100F3FF436AFD9
:1098700010F0100F3FF432AF10230B6223689B6887
:1098800013F0400F00F0A080D4F8802013681D482A
:109890001D498B4218BF834238D018318B4235D0D6
:1098A00018318B4232D018318B422FD018318B4275
:1098B0002CD018318B4229D018318B4226D001F59B
:1098C00056718B4222D018318B421FD018318B42F7
:1098D0001CD018318B4219D018318B4216D0183158
:1098E0008B4213D018318B4210D018318B420DD0DF
:1098F0005B689BB20CE000BF010000102001000477
:109900009196000810000240280002405B689BB25C
:10991000002B49D0B4F85C10994245D9A4F85E30C8
:10992000D369B3F5807F32D0226852E8003F23F438
:10993000807342E800310029F6D1226802F1080361
:1099400053E8003F23F00103083242E800310029C8
:10995000F3D1226802F1080353E8003F23F04003EB
:10996000083242E800310029F3D12023C4F88C30BA
:109970000023E366226852E8003F23F0100342E828
:1099800000310029F6D1D4F88000F9F731FF022325
:109990002367B4F85C10B4F85E309BB2C91A89B280
:1099A00020460DF0ABFBBFE6B4F85C1099427FF4A3
:1099B000BBAED369B3F5807F7FF4B6AE02232367D5
:1099C00020460DF09BFBAFE6B4F85C10B4F85E30B7
:1099D0009BB2C91A89B2B4F85E309BB2002B3FF437
:1099E000A3AE00293FF4A0AE226852E8003F23F462
:1099F000907342E800300028F6D1226802F1080393
:109A000053E8000F1A4B0340083242E800300028A8
:109A1000F3D12023C4F88C300023E3666367226807
:109A200052E8003F23F0100342E800300028F6D14E
:109A30000223236720460DF061FB75E64FF4801387
:109A40000B62204600F0E0FD6EE6A36F002B3FF4B2
:109A50006BAE2046984767E62046FFF7D9FD63E6E0
:109A6000204600F0D3FD5FE6204600F0CEFD5BE629
:109A7000FEFFFFEF08B5806B01230367C36E012B68
:109A800002D0FFF7D8FD08BDB0F85C1049080DF012
:109A900035FBF8E708B50346806BDB69B3F5807FDB
:109AA00029D00023A0F85E30026852E8003F23F47A
:109AB000807342E800310029F6D1026802F1080300
:109AC00053E8003F23F00103083242E80031002947
:109AD000F3D1026802F1080353E8003F23F040038A
:109AE000083242E800310029F3D12023C0F88C303D
:109AF000C36E012B07D000230367C36E012B0CD06C
:109B0000FFF798FD08BD026852E8003F23F01003FC
:109B100042E800310029F6D1EDE7B0F85C100DF015
:109B2000EDFAEFE770B586B0044601688368026914
:109B3000134342691343C26913430868904A0240C1
:109B400013430B602268536823F44053E1680B43CE
:109B50005360A16922688B4B9A4201D0236A194352
:109B60009068894B03400B4393602268D36A23F0CB
:109B70000F03616A0B43D3622268844B9A4229D057
:109B8000834B9A4200F09480824B9A4200F0AA8064
:109B9000814B9A4200F0C080804B9A4200F0D68000
:109BA0007F4B9A4200F008817E4B9A4200F02D8153
:109BB0007D4B9A4200F040817C4B9A4200F05381E9
:109BC0007B4B9A4200F078816E4B9A4200F09D8167
:109BD000802333E0774B5B6D03F03803282B65D887
:109BE000DFE813F02900640064006400640064008E
:109BF00064006400AB0164006400640064006400FD
:109C0000640064002B00640064006400640064006D
:109C1000640064005E00640064006400640064002A
:109C20006400640060006400640064006400640018
:109C3000640064006200012300E0082351498A4265
:109C400000F09481E069B0F5004F00F00A82202B0B
:109C500000F26282202B00F2AC82DFE813F079027E
:109C60007F02AA02AA028202AA02AA02AA0287020A
:109C7000AA02AA02AA02AA02AA02AA02AA028C02A2
:109C8000AA02AA02AA02AA02AA02AA02AA02AA0274
:109C9000AA02AA02AA02AA02AA02AA02AA02980276
:109CA0001023CBE72023C9E74023C7E78023C5E77C
:109CB000404B5B6D03F00703052B11D8DFE813F071
:109CC00006003F0108000A000C000E000023B5E763
:109CD0000823B3E71023B1E72023AFE74023ADE724
:109CE0008023ABE7334B5B6D03F00703052B11D8E3
:109CF000DFE813F00600270108000A000C000E0040
:109D000000239BE7082399E7102397E7202395E793
:109D1000402393E7802391E7264B5B6D03F0070315
:109D2000052B11D8DFE813F006000F0108000A0028
:109D30000C000E00002381E708237FE710237DE756
:109D400020237BE7402379E7802377E7194B5B6D7E
:109D500003F00703052B11D8DFE813F00600F70026
:109D600008000A000C000E00002367E7082365E7DF
:109D7000102363E7202361E740235FE780235DE74B
:109D8000F369FFCF000C0058FFF4FF1100100140F1
:109D90000044004000480040004C0040005000409B
:109DA0000014014000780040007C00400018014091
:109DB000001C014000440258694B5B6D03F03803FE
:109DC000282B20D8DFE803F0151F1F1F1F1F1F1FA0
:109DD000C31F1F1F1F1F1F1F171F1F1F1F1F1F1FF7
:109DE000191F1F1F1F1F1F1F1B1F1F1F1F1F1F1F8D
:109DF0001D00012322E7082320E710231EE720236C
:109E00001CE740231AE7802318E7554B5B6D03F0EE
:109E10000703052B0ED8DFE803F0039C0507090BA9
:109E200000230BE7082309E7102307E7202305E7B2
:109E3000402303E7802301E7494B5B6D03F00703F1
:109E4000052B0ED8DFE803F003870507090B002375
:109E5000F4E60823F2E61023F0E62023EEE64023A2
:109E6000ECE68023EAE63E4B5B6D03F03803282BDB
:109E700020D8DFE803F0151F1F1F1F1F1F1F721FB1
:109E80001F1F1F1F1F1F171F1F1F1F1F1F1F191FF0
:109E90001F1F1F1F1F1F1B1F1F1F1F1F1F1F1D00F7
:109EA0000123CBE60823C9E61023C7E62023C5E635
:109EB0004023C3E68023C1E6294B5B6D03F03803E2
:109EC000282B20D8DFE803F0151F1F1F1F1F1F1F9F
:109ED0004E1F1F1F1F1F1F1F171F1F1F1F1F1F1F6B
:109EE000191F1F1F1F1F1F1F1B1F1F1F1F1F1F1F8C
:109EF0001D000123A2E60823A0E610239EE62023EE
:109F00009CE640239AE6802398E603F50E339B6D8A
:109F100003F00703052B0ED8DFE803F0032605073F
:109F2000090B02238AE6082388E6102386E620230D
:109F300084E6402382E6802380E604237EE6042331
:109F40007CE604237AE6042378E6042376E60423F9
:109F500074E6042372E6042370E604236EE600BF71
:109F600000440258042369E6042367E6202B27D81F
:109F7000022BC0F01081023B1E2B00F20E81DFE8A5
:109F800013F050000C0156000C010C010C015B0099
:109F90000C010C010C010C010C010C010C01600006
:109FA0000C010C010C010C010C010C010C010C0149
:109FB0000C010C010C010C010C010C010C016C00DA
:109FC000402B2CD14FF40040626A804B33F81220B2
:109FD000B0FBF2F3656805EB4501994200F2DF80C2
:109FE000B3EB053F00F2DD80002633463146F6F73D
:109FF000D3FE090241EA106100026B08C0182A462C
:10A00000334641F10001F6F7C7FEA0F54072704BF0
:10A010009A4200F2C8802368D8603046CAE0012026
:10A02000C8E0FDF735FC0028CED10020C2E003A82F
:10A03000FDF740FC0498F6E76846FDF737FD019808
:10A04000F1E7644B1B6813F0200F08D0614B1B68CD
:10A05000C3F3C1036048D840E5E76048B4E75E4811
:10A06000B2E7202B15D8202B00F29F80DFE803F009
:10A0700031379D9D3A9D9D9D3F9D9D9D9D9D9D9DA3
:10A08000449D9D9D9D9D9D9D9D9D9D9D9D9D9D9D59
:10A090005000402B1BD1626A4C4B33F81230B0FB9E
:10A0A000F3F06268530803EB4000B0FBF2F0A0F15C
:10A0B00010024FF6EF739A4279D883B223F00F0360
:10A0C000C0F3420018432368D860002072E00120EA
:10A0D00070E0FCF77DFD0028DDD100206AE0FCF790
:10A0E00089FDF8E703A8FDF7E5FB0498F3E7684668
:10A0F000FDF7DCFC0198EEE7364B1B6813F0200FF0
:10A1000008D0344B1B68C3F3C1033348D840E2E79F
:10A110003248C0E73048BEE7402B17D14FF400402B
:10A12000626A2A4B33F81230B0FBF3F0636800EB3D
:10A130005300B0FBF3F0A0F110024FF6EF739A4218
:10A1400042D8236880B2D860002033E0012031E09B
:10A15000FCF73EFD0028E3D100202BE0FCF74AFD90
:10A16000F8E703A8FDF7A6FB0498F3E76846FDF7B8
:10A170009DFC0198EEE7174B1B6813F0200F08D0E9
:10A18000144B1B68C3F3C1031348D840E2E71348DC
:10A19000C6E71148C4E701200CE001200AE00120D5
:10A1A00008E0012006E0012004E0012002E0012097
:10A1B00000E001200123A4F86A30A4F868300023ED
:10A1C0006367A36706B070BD0120F3E7A40502082A
:10A1D000FFFC0F00004402580090D00300093D002E
:10A1E000836A13F0080F06D00268536823F4004313
:10A1F000816B0B435360836A13F0010F06D0026832
:10A20000536823F40033C16A0B435360836A13F02D
:10A21000020F06D00268536823F48033016B0B43AE
:10A220005360836A13F0040F06D00268536823F466
:10A230008023416B0B435360836A13F0100F06D0E9
:10A240000268936823F48053C16B0B439360836A65
:10A2500013F0200F06D00268936823F40053016CBA
:10A260000B439360836A13F0400F0AD0026853686F
:10A2700023F48013416C0B435360436CB3F5801F90
:10A280000BD0836A13F0800F06D00268536823F462
:10A290000023C16C0B43536070470268536823F47A
:10A2A000C003816C0B435360EBE72DE9F84305468F
:10A2B0000E4617469946DDF820802C68E46936EA98
:10A2C00004030CBF4FF0010C4FF0000CBC453AD119
:10A2D000B8F1FF3FF1D0F8F7E7FCA0EB09004045EB
:10A2E00034D8B8F1000F33D02B681A6812F0040F7D
:10A2F000E3D0B6F1400218BF0122802EDDD0002A43
:10A30000DBD0DA6912F0080F11D1DA6912F4006FAC
:10A31000D3D04FF400621A622846FFF74DF920238C
:10A32000C5F89030002385F8843003200CE0082421
:10A330001C622846FFF740F9C5F89040002385F8D5
:10A340008430012000E00020BDE8F8830320FBE713
:10A350000320F9E730B583B004460023C0F89030FD
:10A36000F8F7A2FC05462268126812F0080F10D117
:10A3700023681B6813F0040F28D12023C4F8883009
:10A38000C4F88C300020E066206784F8840003B0B5
:10A3900030BD6FF07E430093034600224FF400115E
:10A3A0002046FFF782FF0028E2D0226852E8003FF3
:10A3B00023F0800342E800310029F6D12023C4F8BD
:10A3C0008830002384F884300320E0E76FF07E4378
:10A3D00000932B4600224FF480012046FFF765FFD3
:10A3E0000028CAD0226852E8003F23F4907342E864
:10A3F00000310029F6D1226802F1080353E8003F3A
:10A4000023F00103083242E800310029F3D1202370
:10A41000C4F88C30002384F884300320B7E778B385
:10A4200010B50446D0F888300BB32423C4F8883024
:10A430002268136823F001031360A36AE3B920467E
:10A44000FFF770FB012811D02268536823F4904372
:10A4500053602268936823F02A039360226813688C
:10A4600043F0010313602046FFF774FF10BD80F82E
:10A470008430F8F797F9D8E72046FFF7B1FEDEE71A
:10A480000120704710B5044613468165A0F85C2092
:10A490000022C0F890202222C0F88C20D0F8802022
:10A4A000AAB12149D163D0F8802020491164D0F8A5
:10A4B00080201F49D164D0F88020002111650168F7
:10A4C000826D2431D0F88000F9F746F820BB23696B
:10A4D00043B1226852E8003F43F4807342E8003100
:10A4E0000029F6D1226802F1080353E8003F43F047
:10A4F0000103083242E800310029F3D1226802F159
:10A50000080353E8003F43F04003083242E80031BB
:10A510000029F3D1002010BD1023C4F8903020236F
:10A52000C4F88C300120F6E7959A0008759A000867
:10A5300039960008436E2BB90123A0F86A30A0F8C1
:10A540006830704730B403689A68C2F34262996811
:10A55000490F094D6B5C1B01084C615C93FBF1F3E7
:10A56000A0F86A30AB5C1B01A25C93FBF2F3A0F88D
:10A57000683030BC704700BFC4050208BC05020843
:10A5800000283CD0F8B50F4616461D460446D0F8C4
:10A5900088305BB32423C4F888302268136823F022
:10A5A00001031360A36A33BB2046FFF7BBFA0128FF
:10A5B0001BD02268936843F48043936023689968B2
:10A5C00021F400410F439F602D0445EA465522685F
:10A5D00011680C4B0B401D4315602268136843F053
:10A5E000010313602046FFF7B5FEF8BD80F8843004
:10A5F000F8F7D8F8CEE72046FFF7F2FDD4E70120C0
:10A60000704700BFFFFF00FC70477047704790F82D
:10A610008430012B18D0012380F884302423C0F823
:10A62000883003681A68196821F00101196022F066
:10A6300000520023436601680A602022C0F8882087
:10A6400080F88430184670470220704738B590F87B
:10A650008430012B1DD00446012380F8843024234C
:10A66000C0F8883003681D681A6822F001021A6079
:10A670000268936823F0604319439160FFF75AFF23
:10A6800023681D602023C4F88830002084F88400EB
:10A6900038BD0220FCE738B590F88430012B1DD07E
:10A6A0000446012380F884302423C0F888300368EE
:10A6B0001D681A6822F001021A600268936823F08C
:10A6C000606319439160FFF735FF23681D60202305
:10A6D000C4F88830002084F8840038BD0220FCE7EC
:10A6E000D0F88C30202B21D110B50446002A18BF99
:10A6F000002901D1012010BD0123C3660023036797
:10A70000FFF7C0FE0028F6D1E36E012B01D0012037
:10A71000F1E7236810221A62226852E8003F43F0F2
:10A72000100342E800310029F6D1E4E70220704727
:10A7300082B000230193019B01330193019BB3F18C
:10A74000706F15D80369002BF5DA002301930369B4
:10A7500043F001030361019B01330193019BB3F1BA
:10A76000706F08D8036913F0010FF4D1002000E0E6
:10A77000032002B070470320FBE7000084B010B54F
:10A78000044603A880E80E009DF81130012B1FD16C
:10A79000A36B23F48033A363E2681F4B1340E36091
:10A7A000E36823F44013E3609DF81830012B0AD0CE
:10A7B0002046FFF7BDFF9DF80E30012B1CD0BDE8F1
:10A7C000104004B07047E36843F48013E360EFE7A0
:10A7D000E36843F04003E3602046FFF7A9FF9DF8DC
:10A7E000153023B9A36B43F48033A363E3E7A36B72
:10A7F00023F48033A363DEE7E36D9BB2E365E26D90
:10A80000064B1343E365A36843F00603A360A36804
:10A8100043F02003A360D2E7BFFFBDFF0000EE03BB
:10A82000022A0AD00921C26822F47052C260C368A9
:10A8300043EA8123C36000207047204B0B44204A29
:10A84000934229D91F4B0B441F4A934226D91F4BD1
:10A850000B441F4A934223D91E4B0B441E4A93427A
:10A8600020D31E4B0B441E4A93421DD91D4B0B4453
:10A870001D4A93421AD31D4B0B441D4A934217D3D2
:10A880001C4B0B441C4A934214D31C4B0B441C4AD4
:10A89000934211D20721C6E70F21C4E70E21C2E778
:10A8A0000D21C0E70C21BEE70B21BCE70A21BAE766
:10A8B0000921B8E70821B6E70621B4E7405327FF8E
:10A8C000FF340C00401E1BFF3F420F0000DC0BFF5B
:10A8D0007F4F1200808CF9FE20D6130060B6E5FE93
:10A8E0005FE3160000D3CEFE40771B00C05BB3FED3
:10A8F000C091210000CA91FE20753800E05459FE35
:10A90000E09C4100836843F00103836000207047AE
:10A91000836823F0010383600020704782B0002326
:10A920000193019B01330193019BB3F1706F15D823
:10A930000369002BF5DA00230193890141F020011E
:10A940000161019B01330193019BB3F1706F08D842
:10A95000036913F0200FF4D1002000E0032002B0BF
:10A9600070470320FBE782B000230193019B013372
:10A970000193019BB3F1706F13D80369002BF5DAD3
:10A980000023019310230361019B01330193019B79
:10A99000B3F1706F08D8036913F0100FF4D10020E1
:10A9A00000E0032002B070470320FBE7D0F8003836
:10A9B0001943C0F8001800207047000084B0F8B5B3
:10A9C000044607A880E80E00002306E003F14002D9
:10A9D00004EB82020021516001330E2BF6D99DF861
:10A9E000266006BBD4F8043843F00203C4F80438E8
:10A9F000A36B23F40013A363236843F04003236095
:10AA0000236843F0800323600023C4F8003E9DF8D0
:10AA10002130012B11D19DF81F304BB90021204668
:10AA2000FFF7C4FF0DE0A36B43F40013A363EBE750
:10AA300001212046FFF7BAFF03E003212046FFF77C
:10AA4000B5FF10212046FFF769FF054600B101253B
:10AA50002046FFF788FF00B1012504F5006C0023B4
:10AA6000CCF81030CCF81430CCF81C300AE0CBB95C
:10AA70004FF00060C2F8000900220A614FF67F32F1
:10AA80008A6001339DF81C10994210D904EB4312DF
:10AA900002F51061D2F800090028E8DB0020C2F8B6
:10AAA0000009E9E74FF09040C2F80009E4E700230D
:10AAB0000AE0BBB14FF09047C2F8007B0022026170
:10AAC0004FF67F3282600133994210D904EB431272
:10AAD00002F53060D2F8007B002FEADB0027C2F8D5
:10AAE000007BEBE74FF00067C2F8007BE6E7DCF89D
:10AAF000103023F48073CCF810300023A3616FF082
:10AB0000804363619DF81E301BB9A36943F01003B5
:10AB1000A361A2690A4B1343A3619DF822301BB1C4
:10AB2000A36943F00803A361012E04D02846BDE8C1
:10AB3000F84004B07047A269024B1343A361F5E7E4
:10AB400000383C8004000040D0F8083813F00603B9
:10AB500005D0062B18BF022B03D10220704700201E
:10AB600070470F207047000010B591F800C04B7877
:10AB7000012B21D000F5006ED0F81C380CF00F042A
:10AB80000122A24043EA0243C0F81C3800EB4C10FB
:10AB9000D0F8003B13F4004F0CD1D0F8002B8B6899
:10ABA000C3F30A03097943EA81431343144A1A435E
:10ABB000C0F8002B002010BDD0F81C280CF00F0EA0
:10ABC00003FA0EF39BB21343C0F81C3800EB4C1091
:10ABD000D0F8003913F4004FECD1D0F800298B687D
:10ABE000C3F30A03097943EA814343EA8C5C42EAEE
:10ABF0000C0C034B4CEA0303C0F80039DAE700BF42
:10AC00000080001030B40B784A78012A26D000EB7F
:10AC10004313D3F8002B002A52DBD0F83C480A78C3
:10AC200002F00F024FF0010C0CFA02F224EA024289
:10AC3000C0F83C28D0F81C28097801F00F010CFA64
:10AC400001FC22EA0C42C0F81C28D3F8001B234A5E
:10AC50000A40C3F8002B002030BC704700EB4313C0
:10AC6000D3F80029002A1EDBD0F83C580A7802F0FD
:10AC70000F02012404FA02F292B225EA0202C0F89D
:10AC80003C28D0F81C28097801F00F018C40A4B2B0
:10AC900022EA0404C0F81C48D3F80019104A0A40FC
:10ACA000C3F80029D7E7D3F8002942F00062C3F8BF
:10ACB0000029D3F8002942F08042C3F80029D3E7E5
:10ACC000D3F8002B42F00062C3F8002BD3F8002B1E
:10ACD00042F08042C3F8002B9FE700BF0078F3EFFB
:10ACE000007833EC10B483B0024600230193487817
:10ACF00001280BD00B7802EB4313D3F8000B00288C
:10AD00002DDB002003B05DF8044B70470B7802EB9D
:10AD10004313D3F80049002C01DB0020F2E7D3F8FD
:10AD2000004944F00064C3F800490B7802EB431378
:10AD3000D3F8004944F08044C3F80049019B013333
:10AD40000193019C42F210739C42DBD80B7802EB1A
:10AD50004313D3F80039002BF0DB0020D2E7D3F8FF
:10AD6000000B40F00060C3F8000B0B7802EB4313BC
:10AD7000D3F8000B40F08040C3F8000B019B013377
:10AD80000193019842F21073984208D80B7802EBB5
:10AD90004313D3F8003B002BF0DB0020B2E7012087
:10ADA000B0E710B59DF8084084B903334FEA930E1D
:10ADB0004FF0000C08E000EB023303F5805351F82C
:10ADC000044B1C600CF1010CF445F4D3002010BDC1
:10ADD000F0B583B00C784B78012B2DD000EB441CE0
:10ADE0000CF530631E69894D35401D611E69884D23
:10ADF00035401D61002C40F0CD800C690CB18C6891
:10AE00000C618C680C621D69C4F312042C431C6134
:10AE10001C6944F400241C61012A00F0DE800B79D7
:10AE2000012B00F0E080DCF8003B43F00443CCF859
:10AE3000003B002003B0F0BD0B6973BB00EB441373
:10AE4000D3F81069724D3540C3F81059D3F8105932
:10AE500045F40025C3F81059D3F810696B4D3540FF
:10AE6000C3F81059012A53D000EB4414D4F8003928
:10AE700043F00443C4F800390B79012B71D00B69FE
:10AE8000002BD6D0D0F834380A7802F00F01012216
:10AE90008A401343C0F83438CBE700EB441303F582
:10AEA00010631E69594D35401D611E69584D35406E
:10AEB0001D617CB90E698D68AE4200D90D611D69B6
:10AEC00045F400251D611D690E69C6F31206354360
:10AED0001D61C7E70E698F68F519013DB5FBF7F5F0
:10AEE0001E691FFA85FC4B4F07EAC54535431D61B6
:10AEF0000D79012DE7D11D6925F0C0451D611D6942
:10AF00004FEA4C7C0CF0C04C45EA0C051D61DAE7B9
:10AF1000CB691BB100EB4412C2F814390B79012B39
:10AF200008D000EB4410D0F8003943F00443C0F8D7
:10AF300000397EE7D0F8083813F4807F08D100EBA1
:10AF40004412D2F8003943F00053C2F80039E8E760
:10AF500000EB4412D2F8003943F08053C2F80039B4
:10AF6000DFE7D0F8083813F4807F0CD1D4F800392B
:10AF700043F00053C4F8003900920B8A0A78C9687C
:10AF8000FFF70FFF55E7D4F8003943F08053C4F8BA
:10AF90000039F1E70C6954B91C698D68C5F31205D5
:10AFA0002C431C611C6944F400241C6134E78D6847
:10AFB0002C44013CB4FBF5F4A4B204FB05F50D628E
:10AFC0001D69144E06EAC4442C431C611C690D6AB9
:10AFD000C5F312052C431C611EE7CA68002A3FF422
:10AFE0001EAF5A611BE7D0F8083813F4807F06D1F2
:10AFF000DCF8003B43F00053CCF8003B13E7DCF8EF
:10B00000003B43F08053CCF8003B0CE70000F8FF16
:10B01000FFFF07E00000F81F00B583B08446084634
:10B020004FEA920E02F00302002305E00CF5805176
:10B03000096840F8041B01337345F7D39AB10CF546
:10B04000805CDCF8003001934FF0000C5FFA8CF369
:10B05000D900019BCB4000F8013B0CF1010C013AF7
:10B0600092B2002AF2D103B05DF804FB0B784A7863
:10B07000012A14D000EB4310D0F8002B002A06DB85
:10B080002BB1D0F8003B23F08043C0F8003BD0F850
:10B09000003B43F40013C0F8003B0020704700EB76
:10B0A0004310D0F80029002A06DB2BB1D0F8003974
:10B0B00023F08043C0F80039D0F8003943F400137E
:10B0C000C0F80039E9E70B784A78012A0ED000EB86
:10B0D0004310D0F8003B23F40013C0F8003B0B7979
:10B0E000023BDBB2012B15D90020704700EB431067
:10B0F000D0F8003923F40013C0F800390B79023B73
:10B10000DBB2012BF0D8D0F8003943F08053C0F8FF
:10B110000039E9E7D0F8003B43F08053C0F8003B2A
:10B12000E2E7D0F8003823F4FE63C0F80038D0F826
:10B130000038090101F4FE611943C0F8001800202D
:10B140007047D0F8003E23F00303C0F8003ED0F86B
:10B15000043823F00203C0F8043800207047D0F808
:10B16000003E23F00303C0F8003ED0F8043843F05B
:10B170000203C0F80438002070474269806910401B
:10B180007047D0F8183800F50060C0691840000C0E
:10B190007047D0F8183800F50060C069184080B2D8
:10B1A000704700EB4111D1F8082B00F500604069B1
:10B1B0001040704710B4D0F81048D0F8343801F07F
:10B1C0000F02D340DB01DBB2234300EB411000F55B
:10B1D0001060806818405DF8044B7047406900F0CB
:10B1E0000100704738B50546C36823F0C043C3600B
:10B1F000012913D019BBC36843F08043C360002406
:10B200000A20F7F757FD0A342846FFF7E7FF08B191
:10B21000C72CF5D9C82C14D0002038BDC36843F022
:10B220000053C36000240A20F7F744FD0A3428467F
:10B23000FFF7D4FF0128EDD0C72CF4D9EAE70120AD
:10B24000EBE70120E9E70000D0F80029054B1340A7
:10B25000C0F80039D0F8043843F48073C0F80438DB
:10B260000020704700F8FFFF10B4046C154B9C429F
:10B2700003D9D0F8003B002B16DB0024C0F8104B9C
:10B28000D0F8104B44F40024C0F8104BD0F8104B09
:10B2900044F01804C0F8104BD0F8104B44F0C044F0
:10B2A000C0F8104B012903D000205DF8044B704713
:10B2B000C0F8142BD0F8003B43F08023C0F8003BCB
:10B2C000F2E700BF0A30544F10B5D0F8D43203F182
:10B2D000B00250F822408CB100EB820043687BB191
:10B2E00094F80002FF280DD09B6894F801222146B3
:10B2F0009847FF2384F80032002010BD0320FCE7AC
:10B300000020FAE70020F8E70A230380004870478E
:10B310008C000024F8B506460F4F8221384600F015
:10B3200041FC05460121384600F03CFC04468121E1
:10B33000384600F037FC0DB11022AA711CB1402232
:10B3400022710022627118B1402202710022427102
:10B35000432333800048F8BD48000024F8B5064672
:10B360000F4F8221384600F01DFC0546012138466A
:10B3700000F018FC04468121384600F013FC0DB1A2
:10B380001022AA711CB1402222710022627118B1F0
:10B390004022027100224271432333800048F8BDED
:10B3A00048000024F8B506460F4F8221384600F0C9
:10B3B000F9FB05460121384600F0F4FB04468121E3
:10B3C000384600F0EFFB0DB11022AA711CB100222B
:10B3D00022710222627118B10022027102224271AE
:10B3E000432333800048F8BD4800002438B5D0F826
:10B3F000D432B03350F8235095B1044604F024F809
:10B40000C5F80C02D4F8D432B03304EB830463687B
:10B41000DB6805F50371D5F804029847002038BDB4
:10B420000320FCE738B5D0F8C852D0F8D432B03396
:10B4300050F8234084B301F00F0303EB830200EBC9
:10B44000820292694AB103EBC30C05EB8C05ED69EE
:10B45000B2FBF5FC05FB1C2292B10023C4F81432A8
:10B46000D0F8D432B03300EB830043681B69ABB132
:10B470000A4604F50471D4F808029847002038BD44
:10B4800003EB830300EB830300249C6123462246E5
:10B4900004F022F82046F2E70320F0E70020EEE770
:10B4A000F0B583B0D0F8D43203F1B00250F8227076
:10B4B00000228DF80720ADF80420002F7BD0044631
:10B4C0000D46097811F0600634D0202E6CD1EA8840
:10B4D0002AB311F0800F07D16B7887F80032EA8821
:10B4E0003F2A13D8D2B212E0B03300EB83035B687B
:10B4F0009B68394668789847EA88072A28BF072258
:10B500003946204600F017FF002651E0402287F818
:10B5100001223946204600F023FF002648E0B033E0
:10B5200000EB830463689B6800222946687898478B
:10B5300000263DE06F780B2F31D8DFE807F00639A1
:10B540003030303030303030162690F89C32DBB25C
:10B55000032B04D0294600F062FB032628E00222D8
:10B5600001A900F0E8FE3E4622E090F89C32DBB2F2
:10B57000032B04D0294600F052FB032618E00122D9
:10B580000DF1070100F0D7FE12E090F89C32DBB21B
:10B59000032B0DD0294600F042FB032608E0294684
:10B5A00000F03DFB032603E0294600F038FB0326AC
:10B5B000304603B0F0BD0326FAE738B504468121D2
:10B5C00003F06AFF002525870121204603F064FF70
:10B5D000A4F878518221204603F05EFFA4F84C5075
:10B5E000A4F84E50D4F8D43203F1B00254F822201B
:10B5F0009AB1B03304EB83035B685B689847D4F877
:10B60000D432B03354F8230003F028FFD4F8D432F6
:10B61000B03344F82350C4F8BC52002038BD70B594
:10B6200004464FF4077003F015FF002849D0054683
:10B630004FF4077200210CF07FFCD4F8D432B03301
:10B6400044F82350C4F8BC52237C002B41D14FF462
:10B65000007302228121204603F013FF0126268772
:10B660004FF4007302223146204603F00AFFA4F88B
:10B6700078611023A4F84E3008230322822120464B
:10B6800003F0FFFE0123A4F84C300026C5F8046245
:10B69000D4F8D432B03304EB83035B681B6898475B
:10B6A000C5F81462C5F81862D5F8042262B3257C87
:10B6B0001DBB4FF400730121204603F015FF2846FF
:10B6C00070BDD4F8D432B033002244F823200225D0
:10B6D000F5E7402302228121204603F0D2FE012615
:10B6E0002687402302223146204603F0CAFEA4F8F2
:10B6F00078611023A4F84E30BEE740230121204694
:10B7000003F0F2FE0025DAE70225D8E739B1D0F8D8
:10B71000D432B03300EB8300416000207047032037
:10B720007047D0F8D432B03350F823302BB1C3F87F
:10B730000812C3F810220020704703207047D0F889
:10B74000D432B03350F823301BB1C3F804120020B8
:10B7500070470320704708B5D0F8D432B03350F8A2
:10B7600023209AB1D2F814320BB1012008BD012375
:10B77000C2F81432D2F81032C362D2F81032D2F8C2
:10B780000822812103F0A8FE0020EFE70320EDE767
:10B7900010B5D0F8D432B03350F8232092B1047CE5
:10B7A00044B94FF40073D2F80422012103F09CFE47
:10B7B000204610BD4023D2F80422012103F094FE5C
:10B7C0000024F5E70324F3E798B108B50346002009
:10B7D000C3F8B802C3F8C402C3F8D00209B1C3F871
:10B7E000B412012183F89C121A70184603F0DEFD92
:10B7F00008BD0320704710B582B00023ADF80630B5
:10B8000089B10446C0F8B812CB6A23B10DF1060025
:10B810009847C4F8D002D4F8D8320133C4F8D832EB
:10B82000002002B010BD0320FBE708B503F021FEA5
:10B8300008BD08B5D0F8B83213B11B68984708BDE9
:10B840000020FCE708B5D0F8B8325B68984700B92B
:10B8500008BD0320FCE738B5044600F2AA252846B7
:10B8600000F0C9F90123C4F89432B4F8B032C4F836
:10B87000983294F8AA1201F01F03012B0DD0022B6D
:10B8800010D02BB101F08001204603F00DFE03E043
:10B890002946204600F096FB38BD2946204600F098
:10B8A000CCFBF9E72946204600F009FCF4E7F8B59F
:10B8B0000446012380F89C320023C0F89432436090
:10B8C000C0F8A43280F8A032D0F8B832DBB15B689F
:10B8D000DBB1002198470746C8B940230022114632
:10B8E000204603F0CEFD0126A4F864614025C4F88B
:10B8F00060512B4600228021204603F0C2FDA68421
:10B9000025623846F8BD0027E7E70027E5E703276B
:10B91000E3E701740020704790F89C32DBB2042BFF
:10B9200004D090F89C32DBB280F89D32042380F87A
:10B930009C320020704790F89C32DBB2042B01D07F
:10B940000020704790F89D32DBB280F89C32F7E718
:10B9500008B590F89C32DBB2032B01D0002008BD63
:10B96000D0F8B832002BF9D0DB69002BF6D098471D
:10B97000F4E708B5D0F8D432AE3350F823205AB1EA
:10B9800090F89C32DBB2032B01D0002008BD136A73
:10B9900023B198470020F9E70320F7E70020F5E7F7
:10B9A00008B5D0F8D432AE3350F823205AB190F80D
:10B9B0009C32DBB2032B01D0002008BD536A23B1B7
:10B9C00098470020F9E70320F7E70020F5E700207B
:10B9D000704708B5012380F89C32D0F8B83223B103
:10B9E0005B680179984710B908BD0020FCE7032087
:10B9F000FAE7002070470020704738B504460D462E
:10BA0000002943D11346D0F89422032A01D00846D6
:10BA100038BDD0F85C11D0F86021914212D890F86E
:10BA2000AA3203F01F03012B17D0022B1CD028468B
:10BA300094F89C32DBB2032B1BD0204600F0A7FC0D
:10BA40002846E5E7891AC0F85C118A4228BF0A46F1
:10BA5000194600F094FC2846DAE790F8AE12FFF79A
:10BA6000C8FF0028E9D1E3E790F8AE12FFF7C3FF63
:10BA7000F7E700F1AE0354F823301A69002ADCD04E
:10BA8000C4F8D4021B6920469847D6E701F07F012D
:10BA9000FFF7B1FF90B994F89C32DBB2032BB7D11A
:10BAA00000F1AE0354F823309A69002AB0D0C4F8EC
:10BAB000D4029B69294620469847A9E70020A7E7BA
:10BAC00038B504460D4600294BD11346D0F89422D0
:10BAD000022A07D094F8A00218B1002384F8A032FB
:10BAE000284638BDC269016A8A420ED88A4218D0F7
:10BAF00094F89C32DBB2032B27D08021204603F040
:10BB0000D3FC204600F04EFCE4E7521AC26119460D
:10BB100000F01EFC00231A461946204603F0E4FC00
:10BB2000D8E783699942E3D8D0F898229342DFD2CC
:10BB30000022114600F00CFC0021C4F898120B46BC
:10BB40000A46204603F0D0FCC4E7D4F8B832DA68DD
:10BB5000002AD2D00022C4F8D422DB6820469847BD
:10BB6000CBE741F08001FFF746FF90B994F89C3293
:10BB7000DBB2032BB5D100F1AE0354F823305A6980
:10BB8000002AAED0C4F8D4025B6929462046984703
:10BB9000A7E70020A5E703780A8813440B80037801
:10BBA00018447047428803789A4218D930B583B058
:10BBB00004460D46ADF806306288BDF806309A425C
:10BBC0000AD90DF10601FFF7E6FF4378052BF3D103
:10BBD0008378AB42F0D100E0002003B030BD0020FC
:10BBE00070470346002002E00130C0B201331A78EA
:10BBF000002AF9D170470B7803704B7843708B782B
:10BC0000CA7843EA022343800B794A7943EA022344
:10BC100083808B79CA7943EA0223C380704710B5C9
:10BC20000446802103F040FC0021204603F03CFC48
:10BC300010BD30B583B004460D460023ADF8063084
:10BC40004A88130A013B0E2B00F2BC80DFE803F0A8
:10BC5000153044BABA9EABBABABABABABABA080080
:10BC6000D0F8B432DB6923B10DF10601007C9847AE
:10BC70000AE02946FFF7D3FF18E0D0F8B4321B687A
:10BC80000DF10601007C9847EA88002A00F0A380A5
:10BC9000BDF80630002B00F099809A4228BF1A4662
:10BCA000ADF806200146204600F045FB03B030BD4C
:10BCB000037C43B9D0F8B8329B6A0DF1060098476F
:10BCC00002234370E0E7D0F8B832DB6A0DF10600DA
:10BCD000984702234370D7E7D2B2052A52D8DFE84B
:10BCE00002F003101D2A3744D0F8B4325B6823B148
:10BCF0000DF10601007C9847C6E72946FFF78FFF44
:10BD0000D4E7D0F8B4329B6823B10DF10601007C72
:10BD10009847B9E72946FFF782FFC7E7D0F8B43262
:10BD2000DB6823B10DF10601007C9847ACE729469A
:10BD3000FFF775FFBAE7D0F8B4321B6923B10DF1F4
:10BD40000601007C98479FE72946FFF768FFADE7AB
:10BD5000D0F8B4325B6923B10DF10601007C98473D
:10BD600092E72946FFF75BFFA0E7D0F8B4329B6962
:10BD700023B10DF10601007C984785E72946FFF7BE
:10BD80004EFF93E72946FFF74AFF8FE7037C33B95D
:10BD9000D0F8B8325B6B0DF10600984774E729467E
:10BDA000FFF73DFF82E7037C43B9D0F8B8321B6B45
:10BDB0000DF1060098470723437065E72946FFF712
:10BDC0002EFF73E72946FFF72AFF6FE72946204633
:10BDD000FFF725FF6AE7204600F0D9FA66E738B595
:10BDE00004468B88FBB9CB88EBB94B887F2B1AD8DC
:10BDF00003F07F0590F89C32DBB2032B0CD080F867
:10BE00009E52294603F060FB204600F0C0FA35B18F
:10BE1000022384F89C3209E0FFF701FF06E00123CA
:10BE200084F89C3202E02046FFF7F9FE38BD00009E
:10BE300070B504460E468D782F4B1D70012D10D81D
:10BE400090F89C32DBB2022B0FD0032B26D0FFF7E9
:10BE5000E6FE294B19782046FFF7F4FC0325284617
:10BE600070BDFFF7DCFE0325F9E7A5B14560294663
:10BE7000FFF7DFFC054638B131462046FFF7CFFE1D
:10BE8000022384F89C32EAE7204600F080FA03237C
:10BE900084F89C32E3E700F07AFAE0E7CDB141683C
:10BEA0008D4225D0C9B2FFF7CDFC134B19786160E4
:10BEB0002046FFF7BEFC0546B0B131462046FFF7ED
:10BEC000AEFE21792046FFF7BDFC022384F89C32A8
:10BED000C5E7022380F89C3245602946FFF7B2FC93
:10BEE000204600F054FABAE7204600F050FAB6E7D0
:10BEF00000F04DFA0025B2E7E028002408B5CB8811
:10BF0000012B0BD190F89C32DBB2022B09D9032B09
:10BF100009D10122011D00F00EFA01E0FFF77FFEBA
:10BF200008BD5BB213B9FFF77AFEF9E701460023BB
:10BF300041F8083F012200F0FEF9F1E708B590F85A
:10BF40009C32013B022B12D8CB88022B0CD101234F
:10BF5000C360D0F8A4320BB10323C360022200F106
:10BF60000C0100F0E8F908BDFFF759FEFBE7FFF709
:10BF700056FEF8E708B54B88012B04D0022B07D0FA
:10BF8000FFF74DFE08BDC0F8A43200F000FAF9E753
:10BF90008B881B0A80F8A03200F0F9F9F2E708B5A7
:10BFA00090F89C32013B022B09D84B88012B00D022
:10BFB00008BD0023C0F8A43200F0E9F9F8E7FFF764
:10BFC0002EFEF5E738B50C7804F06004202C06D07E
:10BFD000402C04D06CB1FFF722FE002407E0D0F81B
:10BFE000D432AE3350F823309B689847044620463D
:10BFF00038BD4D78092D1DD8DFE805F012191C1643
:10C000001C08051C0F0BFFF714FEF0E7FFF7E7FE17
:10C01000EDE7FFF70DFF0446E9E7FFF76FFFE6E7FF
:10C02000FFF78CFF2C46E2E7FFF7A4FFDFE7FFF7FF
:10C03000B6FFDCE7FFF7F3FDD9E770B505460C4620
:10C040000B7803F06003202B07D0402B05D023B1E1
:10C05000FFF7E5FD0026304670BD95F89C32013BA8
:10C06000022B26D82179012905D921462846FFF738
:10C07000D6FD0026EFE72846FFF7BBFC68B900F1C4
:10C08000AE0255F82220916889B1C5F8D4029368B0
:10C09000214628469847064600E00326E388002B01
:10C0A000D9D1002ED7D1284600F071F9D3E7032665
:10C0B000F4E721462846FFF7B2FD0026CBE72DE93D
:10C0C000F04106460D468B88DFB20C7804F0600420
:10C0D000202C08D0402C06D0DCB1FFF7A0FD0024B6
:10C0E0002046BDE8F08139463046FFF784FC04461F
:10C0F000002840F0F980C6F8D40200F1AE0356F8EB
:10C1000023309B68002BEBD02946304698470446E5
:10C11000E6E791F80180B8F1010F31D0B8F1030FD3
:10C1200005D0B8F1000F66D0FFF779FDD8E790F899
:10C130009C32DBB2022B04D0032B11D0FFF76FFD32
:10C14000CEE7002F18BF802F07D0394603F0ACF997
:10C150008021304603F0A8F9C2E7FFF760FDBFE792
:10C160004B882BB9002F18BF802F01D0CB881BB173
:10C17000304600F00CF9B3E7394603F095F9F7E7DC
:10C1800090F89C32DBB2022B04D0032B11D0FFF7C6
:10C1900046FDA5E7002F18BF802F07D0394603F0D2
:10C1A00083F98021304603F07FF999E7FFF737FDE7
:10C1B00096E74B88002B93D117F07F0F17D13046AD
:10C1C00000F0E5F839463046FFF715FC002887D126
:10C1D000C6F8D40200F1AE0256F822209268002A76
:10C1E00000F08480294630469047044678E7394677
:10C1F00003F062F9E3E790F89C22D2B2022A05D05C
:10C20000032A28D0FFF70BFD444669E7002F18BF2B
:10C21000802F13D113F0800F14D107F07F0707EBA5
:10C220008707B90001F5A8710144043100230B60B0
:10C230000222304600F07FF8444651E7FFF7EFFC5A
:10C2400044464DE707F07F0707EB8707B900103139
:10C2500001440431EAE75BB2002B20DB07F00F0258
:10C2600002EB820200EB8202B2F8642122B3002BBF
:10C2700026DB07F07F0303EB83039C0004F5A8741F
:10C2800034440434802F18BF002F22D100232360B0
:10C2900002222146304600F04EF8444620E707F0DF
:10C2A0000F0202EB820200EB8202928C002ADED1A6
:10C2B000FFF7B5FC444613E7FFF7B1FC44460FE730
:10C2C00007F07F0303EB83039C00103434440434F1
:10C2D000D8E73946304603F0A1F810B101232360B6
:10C2E000D6E700232360D3E70024F9E60446F7E607
:10C2F00000B370B50D4616460446FFF772FC0130D8
:10C300004300B3F5007F06D89BB233802B70032324
:10C310006B7002230AE04FF40073F6E7EA5401342D
:10C320005A1CD2B20021A9540233DBB22278002A6F
:10C33000F4D170BD704708B513460222C0F89422AC
:10C340008361C3610A46002103F0C6F8002008BDDE
:10C3500008B513460A46002103F0BEF8002008BDC8
:10C3600008B513460322C0F89422C0F85831C0F82B
:10C370005C310A46002103F0B7F8002008BD08B57B
:10C3800013460A46002103F0AFF8002008BD08B5A7
:10C390000422C0F8942200231A46194603F09CF8A0
:10C3A000002008BD08B50522C0F8942200231A46D3
:10C3B000194603F099F8002008BD842801D0033005
:10C3C000704700207047EFF30580003818BF012048
:10C3D000704708B501F0E8FC002008BD08B5FFF77C
:10C3E000F2FF10B101F044FD08BD01F03BFDFBE799
:10C3F0002DE9F04387B004460F464569BDB1866913
:10C40000AEB1D0F80480D0F80090B0F90800FFF782
:10C41000D4FF0296019500903B462269494640466A
:10C4200001F050FC0590059807B0BDE8F083656801
:10C430002668D4F81080B4F90800FFF7BEFF05ABFA
:10C44000019300903B461FFA88F23146284601F0DE
:10C4500076FC0128E7D00020E6E708B5416819B16D
:10C46000012000F032FF08BD012000F023FFFAE7B1
:10C4700010B582B0426892B1012906D0084600F09A
:10C48000EBFD0446204602B010BD03230093134683
:10C4900000221146012000F068FD0446F2E7012960
:10C4A00004D0084600F0FBFD0446EBE70322002120
:10C4B000012000F0ADFD04460028E3D000231A4619
:10C4C000194600F00AFEDDE770B582B00023019343
:10C4D00018B30C460646FFF776FF0546A0B101AA41
:10C4E0000021304601F06AF9012818D1019D8DB173
:10C4F0004FF0E0234FF08052C3F8042DBFF34F8F6D
:10C50000BFF36F8F002505E02146304601F083F828
:10C51000012806D1284602B070BD8025FAE7FF2524
:10C52000F8E7FF25F6E710B582B004460023019333
:10C53000FFF749FF98B101A9204600F056FF0128F6
:10C540001AD1019BD3B14FF0E0234FF08052C3F8D2
:10C55000042DBFF34F8FBFF36F8F002008E000233F
:10C560001A461946204600F0B8FD012802D0FF20E7
:10C5700002B010BD0020FBE7FF20F9E70020F7E73D
:10C5800000B583B0826842B1C36833B10021009125
:10C590004168006800F0E9FC04E00022416800689E
:10C5A00000F036FD03B05DF804FB30B585B00446FD
:10C5B000019100230393154602B90125FFF703FFFC
:10C5C000A8B1002303AA01A9204600F08DFE01288E
:10C5D00018D1039BC3B14FF0E0234FF08052C3F852
:10C5E000042DBFF34F8FBFF36F8F002008E00023AF
:10C5F0002A4601A9204600F070FD012806D100203E
:10C6000005B030BDFF20FBE70020F9E7FF20F7E78A
:10C6100070B584B00446029100230193E1B10D4648
:10C62000164600230393FFF7CEFE00B303AA01A929
:10C63000284601F0C3F8012816D000230093039B7D
:10C64000FBB14FF0E0234FF08052C3F8042DBFF34D
:10C650004F8FBFF36F8F14E0802300936B4693E8F6
:10C66000070084E8070011E010230093E7E7324653
:10C6700001A9284600F020FF01280AD006B1402673
:10C6800000966B4693E8070084E80700204604B054
:10C6900070BD10230093F4E700F1080343604FF0EE
:10C6A000FF328260C3600361002303607047002390
:10C6B0000361704743684B609A688A605160996073
:10C6C0000861036801330360704730B40D68B5F149
:10C6D000FF3F11D000F108031C465B681A68AA42AC
:10C6E000FAD963684B6099608C6061600861036887
:10C6F0000133036030BC70470469F2E703694168A5
:10C7000082688A60416851605A68824206D000227D
:10C7100002611A68013A1A601868704782685A60A4
:10C72000F5E7000082B0002301930D4B1B68B3F1C5
:10C73000FF3F08D04FF0500383F31188BFF36F8F92
:10C74000BFF34F8FFEE74FF0500383F31188BFF321
:10C750006F8FBFF34F8F019B002BFCD002B070474F
:10C760009800002408480068006880F308884FF0AB
:10C77000000080F3148862B661B6BFF34F8FBFF339
:10C780006F8F00DF00BF000008ED00E0DFF80C0055
:10C79000016841F4700101607047000088ED00E01D
:10C7A0004FF0807340F8043C21F0010140F8081C70
:10C7B000054B40F80C3C40F8202C6FF0020340F889
:10C7C000243C4438704700BF25C700080000000023
:10C7D000074B19680868B0E8F04F80F30988BFF389
:10C7E0006F8F4FF0000080F311887047AFF3008027
:10C7F000883603244FF0500383F31188BFF36F8F03
:10C80000BFF34F8F0B4A136801331360012B00D025
:10C8100070474FF0E023D3F8043D13F0FF0FF7D03B
:10C820004FF0500383F31188BFF36F8FBFF34F8F27
:10C83000FEE700BF98000024094B1B6843B94FF086
:10C84000500383F31188BFF36F8FBFF34F8FFEE761
:10C85000013B034A13600BB983F31188704700BF93
:10C86000980000240000000000000000000000000C
:10C87000EFF30980BFF36F8F154B1A681EF0100F8E
:10C8800008BF20ED108A20E9F04F10602DE9090063
:10C890004FF0500080F31188BFF34F8FBFF36F8FBD
:10C8A00001F06EFC4FF0000080F3118809BC19689C
:10C8B0000868B0E8F04F1EF0100F08BFB0EC108A07
:10C8C00080F30988BFF36F8F704700BFAFF300801C
:10C8D0008836032408B54FF0500383F31188BFF363
:10C8E0006F8FBFF34F8F01F0CBFA28B14FF0E023E9
:10C8F0004FF08052C3F8042D002383F3118808BD44
:10C900004FF0E022002313619361054B1B6805493A
:10C91000A1FB03139B09013B53610723136170477C
:10C9200000000024D34D62104FF0E023D3F8002D17
:10C930003D4B9A421CD04FF0E023D3F8002D3B4BE7
:10C940009A421ED030B583B0394B1A78D2B20192D8
:10C95000FF221A701B78DBB28DF803309DF803308C
:10C9600003F05003334A1370334B07221A601BE065
:10C970004FF0500383F31188BFF36F8FBFF34F8FD6
:10C98000FEE74FF0500383F31188BFF36F8FBFF3BF
:10C990004F8FFEE7284A1368013B13609DF8033070
:10C9A0005B00DBB28DF803309DF8033013F0800F8D
:10C9B000F0D1214B1B68032B08D04FF0500383F3B9
:10C9C0001188BFF36F8FBFF34F8FFEE71B021A4A28
:10C9D000136003F4E0631360019BDBB2144A13702D
:10C9E0004FF0E024D4F8203D43F47003C4F8203D18
:10C9F000D4F8203D43F07043C4F8203DFFF780FF9A
:10CA000000250E4B1D60FFF7C1FED4F8343F43F004
:10CA10004043C4F8343FFFF7A5FE01F0B1FBFFF738
:10CA200081FE284603B030BD71C20F4170C20F4174
:10CA300000E400E0E1280024E42800249800002419
:10CA4000EFF305830F2B0FD9114A9B5CDBB2114A20
:10CA500012789A4208D94FF0500383F31188BFF33C
:10CA60006F8FBFF34F8FFEE74FF0E023D3F80C3DFD
:10CA700003F4E063084A1268934208D94FF0500368
:10CA800083F31188BFF36F8FBFF34F8FFEE77047BB
:10CA9000F0E300E0E1280024E4280024124A12F028
:10CAA000070F1ED0D11D21F00701104B5B1A134454
:10CAB0000A460F480260002141601344083B23F0FE
:10CAC00007030C48036059601960991A516013609C
:10CAD000094B1960094B1960094B4FF000421A606D
:10CAE0007047024BE5E700BFEC280024400D03002F
:10CAF00040360324E8280024343603243036032447
:10CB00002C360324164B1A461B688342FBD351680C
:10CB100002EB010C844509D0416800EB010C634530
:10CB200009D00360904219D01060704740680144FA
:10CB300051601046F0E710B40A4C2468A3420BD0B1
:10CB40005B681944416013681B680360904200D021
:10CB500010605DF8044B70470460F7E7704700BF52
:10CB600040360324E828002470B5054601F072F928
:10CB7000364B1B68A3B1364B1B681D424ED135B1F5
:10CB8000083515F0070F02D025F007050835002DF0
:10CB900046D0304B1B68AB4251D32F4A146804E097
:10CBA000FFF77CFFE7E722461C466368AB4202D2F0
:10CBB0002368002BF7D1254B1B68A34241D0166890
:10CBC00008362368136063685B1B102B10D960194B
:10CBD00010F0070F08D04FF0500383F31188BFF314
:10CBE0006F8FBFF34F8FFEE743606560FFF78AFFEB
:10CBF000626818490B689B1A0B60184909688B42D8
:10CC000001D216490B60124B1B681343636000236B
:10CC10002360134A13680133136002E0002600E02A
:10CC2000002601F0B9F916F0070F0CD04FF05003B1
:10CC300083F31188BFF36F8FBFF34F8FFEE700269A
:10CC4000EFE70026EDE7304670BD00BFE82800247E
:10CC50002C36032430360324403603243436032490
:10CC600038360324002834D038B50446A0F108052E
:10CC700050F8043C174A1268134208D14FF0500391
:10CC800083F31188BFF36F8FBFF34F8FFEE750F828
:10CC9000081C41B14FF0500383F31188BFF36F8F2D
:10CCA000BFF34F8FFEE723EA020340F8043C01F094
:10CCB000D1F854F8041C084A13680B441360284642
:10CCC000FFF720FF054A13680133136001F064F990
:10CCD00038BD70472C360324303603243C360324F9
:10CCE0000346406A18B11B6B1868C0F10700704713
:10CCF00010B50446FFF77EFDA26BE36B9A4204D0A9
:10CD00000024FFF799FD204610BD0124F9E710B576
:10CD10000446FFF76FFDA36B23B90124FFF78CFDD9
:10CD2000204610BD0024F9E770B504461546866B11
:10CD3000026C5AB903681BB100200136A66370BDAE
:10CD4000806801F0A3FB0023A360F6E76DB940689B
:10CD5000F4F7A4F9226C636813446360A2689342F9
:10CD600019D3236863602846E7E7C068F4F796F9AB
:10CD7000226C5142E3689B1AE3602268934202D21C
:10CD8000A3680B44E360022D01D00020D5E726B153
:10CD9000013E0020D1E72846CFE70020CDE770B55F
:10CDA00082B00190846C64B1A26BE36B9A4211D3A0
:10CDB0004FF0500383F31188BFF36F8FBFF34F8F92
:10CDC000FEE74FF0500383F31188BFF36F8FBFF37B
:10CDD0004F8FFEE7A26B934203D80025284602B08E
:10CDE00070BD94F8456076B2002201A92046FFF795
:10CDF0009BFF0546B6F1FF3F04D0731C5BB284F87D
:10CE00004530EBE7636A002BE8D004F1240001F021
:10CE10003DFA0028E2D00125E0E70346026C6AB142
:10CE200010B50846D9681144D9609C68A14201D365
:10CE30001968D960D968F4F731F910BD704738B571
:10CE40000546FFF7D7FC95F8454064B208E06B6AE9
:10CE5000B3B105F1240001F019FA70B9013C64B2D4
:10CE6000002C0DDDAB6C002BF1D02846FFF797FFAF
:10CE70000028F3D001F09EFAF0E701F09BFAEDE70D
:10CE8000FF2385F84530FFF7D7FCFFF7B3FC95F893
:10CE9000444064B201E0013C64B2002C0ADD2B691D
:10CEA00043B105F1100001F0F1F90028F3D001F0D1
:10CEB00081FAF0E7FF2385F84430FFF7BDFC38BD69
:10CEC00038B5E0B10D460446FFF794FC2368E26BE9
:10CED000216C01FB0230A0600020A0636360013A76
:10CEE00002FB0133E360FF2384F8443084F84530CB
:10CEF000FDB9236963B9FFF79FFC012038BD4FF0EE
:10CF0000500383F31188BFF36F8FBFF34F8FFEE79A
:10CF100004F1100001F0BAF90028ECD04FF0E02342
:10CF20004FF08052C3F8042DBFF34F8FBFF36F8FC4
:10CF3000E1E704F11000FFF7AFFB04F12400FFF775
:10CF4000ABFBD8E738B51D46049C0B4659B92460A5
:10CF5000E063236401212046FFF7B2FF84F85050BC
:10CF60000023A36438BD2260F2E740B94FF05003BC
:10CF700083F31188BFF36F8FBFF34F8FFEE710B5B8
:10CF800084B01C4683B10B1E18BF0123002A08BFC2
:10CF900043F001038BB94FF0500383F31188BFF3C3
:10CFA0006F8FBFF34F8FFEE74FF0500383F311886D
:10CFB000BFF36F8FBFF34F8FFEE7B1FA81F35B09C9
:10CFC000002A18BF43F0010343B94FF0500383F325
:10CFD0001188BFF36F8FBFF34F8FFEE75423039386
:10CFE000039B542B08D04FF0500383F31188BFF3F9
:10CFF0006F8FBFF34F8FFEE7039B012384F846300A
:10D0000000949DF81830FFF79DFF204604B010BD36
:10D0100040B94FF0500383F31188BFF36F8FBFF314
:10D020004F8FFEE7F0B583B00D461446064601FB70
:10D0300000F05430FFF798FD074650B1002380F808
:10D0400046300090234600F1540229463046FFF74F
:10D0500079FF384603B0F0BD40B94FF0500383F379
:10D060001188BFF36F8FBFF34F8FFEE710B582B00B
:10D070000C46884208D24FF0500383F31188BFF367
:10D080006F8FBFF34F8FFEE70223009313460022FA
:10D090001146FFF76AFF00B1846302B010BD40B9CA
:10D0A0004FF0500383F31188BFF36F8FBFF34F8F9F
:10D0B000FEE710B50C46884208D24FF0500383F3C8
:10D0C0001188BFF36F8FBFF34F8FFEE7022200215D
:10D0D000FFF79EFF00B1846310BDF0B585B00192EB
:10D0E00088B10F461D460446B1B1022D20D1E36B35
:10D0F000012B1DD04FF0500383F31188BFF36F8FC6
:10D10000BFF34F8FFEE74FF0500383F31188BFF357
:10D110006F8FBFF34F8FFEE7036C002BE5D04FF00E
:10D12000500383F31188BFF36F8FBFF34F8FFEE778
:10D1300001F046F9064658B9019B002B65D04FF027
:10D14000500383F31188BFF36F8FBFF34F8FFEE758
:10D1500000265AE0A66B2A4639462046FFF7E4FD32
:10D16000A36CE3B1022D14BF00250125002E08BFDA
:10D17000002525B1FFF760FB012005B0F0BD20467A
:10D18000FFF70DFE0028F5D04FF0E0234FF080525E
:10D19000C3F8042DBFF34F8FBFF36F8FEAE7636AC5
:10D1A00063B90028E6D04FF0E0234FF08052C3F877
:10D1B000042DBFF34F8FBFF36F8FDBE704F1240023
:10D1C00001F064F80028D5D04FF0E0234FF08052F2
:10D1D000C3F8042DBFF34F8FBFF36F8FCAE7FFF77C
:10D1E0002BFB0020C9E702A801F096F8012619E000
:10D1F000002384F8443021E0002384F8453023E004
:10D200002046FFF71CFE00F0C7FEFFF7F3FAA26B03
:10D21000E36B9A429ED3022D9CD0019B002BDED063
:10D22000002EE0D0FFF708FB00F014FEFFF7E2FA53
:10D2300094F8442052B2B2F1FF3FD9D094F845207F
:10D2400052B2B2F1FF3FD7D0FFF7F6FA01A902A818
:10D2500001F06EF8D8B92046FFF74AFD0028CFD07C
:10D26000019904F1100000F0DDFF2046FFF7E7FD13
:10D2700000F092FE0028C8D14FF0E0234FF080521A
:10D28000C3F8042DBFF34F8FBFF36F8FBDE7204668
:10D29000FFF7D5FD00F080FE00206EE748B108B52D
:10D2A000002181600160C1600B460A46FFF715FF4F
:10D2B00008BD704710B5024600210120FFF7A8FE07
:10D2C0000446FFF7EBFF204610BD10B582B00B46B9
:10D2D0000090002211460120FFF747FE0446FFF7A9
:10D2E000DDFF204602B010BDA0B12DE9F0470F468A
:10D2F00016461C460546B1B1022C20D1EB6B012B22
:10D300001DD04FF0500383F31188BFF36F8FBFF32D
:10D310004F8FFEE74FF0500383F31188BFF36F8FF9
:10D32000BFF34F8FFEE7036C002BE5D04FF05003A7
:10D3300083F31188BFF36F8FBFF34F8FFEE7FFF7C3
:10D340007FFBEFF311894FF0500383F31188BFF394
:10D350006F8FBFF34F8FAA6BEB6B9A4206D3022CF1
:10D3600004D0002089F31188BDE8F08795F8458046
:10D370004FFA88F8D5F838A0224639462846FFF7F4
:10D38000D3FCB8F1FF3F06D008F101035BB285F88A
:10D3900045300120E6E7AB6C93B1022C14BF0024AA
:10D3A0000124BAF1000F08BF00240CB10120D9E715
:10D3B0002846FFF7F4FC80B18EB101203060D1E740
:10D3C0006B6A0BB90120CDE705F1240000F05EFF88
:10D3D00038B146B101203060C4E70120C2E7012026
:10D3E000C0E70120BEE70120BCE768B170B50D467B
:10D3F0000446036C8BB14FF0500383F31188BFF3E5
:10D400006F8FBFF34F8FFEE74FF0500383F3118808
:10D41000BFF36F8FBFF34F8FFEE70368EBB1FFF7EA
:10D420000FFBEFF311864FF0500383F31188BFF326
:10D430006F8FBFF34F8FA26BE36B934230D994F899
:10D4400045305BB20132A263B3F1FF3F11D001332B
:10D450005BB284F84530012023E08368002BDED0E6
:10D460004FF0500383F31188BFF36F8FBFF34F8FDB
:10D47000FEE7A36C3BB12046FFF791FCA0B1ADB134
:10D48000012028600DE0636A0BB9012009E004F176
:10D49000240000F0FBFE58B165B10120286000E0D7
:10D4A000002086F3118870BD0120FAE70120F8E71B
:10D4B0000120F6E70120F4E7F0B585B0019290B1C4
:10D4C0000F460446C1B100F07BFF064600BB019B3E
:10D4D000002B5ED04FF0500383F31188BFF36F8FA2
:10D4E000BFF34F8FFEE74FF0500383F31188BFF374
:10D4F0006F8FBFF34F8FFEE7036C002BE3D04FF02D
:10D50000500383F31188BFF36F8FBFF34F8FFEE794
:10D5100000263EE039462046FFF77FFC013DA5632B
:10D52000236923B9FFF788F9012005B0F0BD04F1A4
:10D53000100000F0ABFE0028F4D04FF0E0234FF0D5
:10D540008052C3F8042DBFF34F8FBFF36F8FE9E70D
:10D55000FFF772F90020E8E702A800F0DDFE0126DF
:10D5600021E0002384F8443029E0002384F845308A
:10D570002BE02046FFF763FC00F00EFD09E020469B
:10D58000FFF75DFC00F008FD2046FFF7C0FB002818
:10D590003FD1FFF72FF9A56B002DBBD1019B002BCD
:10D5A000D6D0002ED8D0FFF747F900F053FCFFF794
:10D5B00021F994F844305BB2B3F1FF3FD1D094F835
:10D5C00045305BB2B3F1FF3FCFD0FFF735F901A98A
:10D5D00002A800F0ADFE0028D1D12046FFF797FB4E
:10D5E0000028C6D0019904F1240000F01BFE20465B
:10D5F000FFF725FC00F0D0FC0028CAD14FF0E02353
:10D600004FF08052C3F8042DBFF34F8FBFF36F8FDD
:10D61000BFE7002089E770B584B0019158B1044696
:10D62000036C8BB14FF0500383F31188BFF36F8FFE
:10D63000BFF34F8FFEE74FF0500383F31188BFF322
:10D640006F8FBFF34F8FFEE700F0BAFE054650B96B
:10D65000019B5BB14FF0500383F31188BFF36F8FD1
:10D66000BFF34F8FFEE70026354655E0064653E0F0
:10D67000013BA36323683BB123694BB9FFF7DCF897
:10D680000126304604B070BD00F0B4FFA060F3E79F
:10D6900004F1100000F0FAFD0028EFD04FF0E02375
:10D6A0004FF08052C3F8042DBFF34F8FBFF36F8F3D
:10D6B000E4E746B14FF0500383F31188BFF36F8F57
:10D6C000BFF34F8FFEE7FFF7B7F8DAE702A800F0E5
:10D6D00023FE01252AE0002384F8443032E00023B1
:10D6E00084F8453034E0FFF785F8A06800F078FE54
:10D6F0000646FFF7A1F83BE02046FFF7A0FB00F04D
:10D700004BFC09E02046FFF79AFB00F045FC204661
:10D71000FFF7FDFA002842D1FFF76CF8A36B002B4E
:10D72000A6D1019B002BC4D0002DCFD0FFF784F8E9
:10D7300000F090FBFFF75EF894F844305BB2B3F171
:10D74000FF3FC8D094F845305BB2B3F1FF3FC6D07D
:10D75000FFF772F801A902A800F0EAFD0028D1D174
:10D760002046FFF7D4FA0028C6D02368002BBAD091
:10D77000019904F1240000F055FD2046FFF75FFBFE
:10D7800000F00AFC0028C7D14FF0E0234FF0805290
:10D79000C3F8042DBFF34F8FBFF36F8FBCE70EB9F3
:10D7A00000266EE7FFF726F82046FFF799FA0146B4
:10D7B000A06800F0C5FEFFF73FF8F1E72DE9F84358
:10D7C000B0B10D4616460446D9B1FFF739F9EFF36B
:10D7D00011884FF0500383F31188BFF36F8FBFF3AD
:10D7E0004F8FA76BCFB9002088F31188BDE8F8836D
:10D7F0004FF0500383F31188BFF36F8FBFF34F8F48
:10D80000FEE7036C002BE0D04FF0500383F3118848
:10D81000BFF36F8FBFF34F8FFEE794F844904FFA3A
:10D8200089F929462046FFF7F8FA013FA763B9F1C5
:10D83000FF3F06D009F101035BB284F844300120B8
:10D84000D2E723690BB90120CEE704F1100000F004
:10D850001DFD18B126B101203060C5E70120C3E7E6
:10D860000120C1E70023072B0CD8074A52F83320C8
:10D870000AB10133F7E7044A42F8331002EBC3035D
:10D8800058607047704700BF4836032470B504469F
:10D890000D461646FEF7AEFF94F844305BB2B3F186
:10D8A000FF3F0DD094F845305BB2B3F1FF3F0BD092
:10D8B000FEF7C2FFA36B5BB12046FFF7C0FA70BD55
:10D8C000002384F84430EDE7002384F84530EFE787
:10D8D0003246294604F1240000F0BCFCECE708B510
:10D8E00000220421FFF794FB08BD38B504460D461D
:10D8F000FEF780FFA36C23B10024FEF79DFF2046B6
:10D9000038BDA36B13B9A5640124F6E70024F4E73E
:10D9100000B583B00A460023019301A9FFF7CCFDAF
:10D92000019803B05DF804FB084B1B681B6823B922
:10D93000074B4FF0FF321A607047044B1B68DB68DF
:10D94000DB685A68024B1A60704700BF8C360324AC
:10D95000603703242DE9F04780460D461746994667
:10D96000089EDDF824A00A9C9200A521206B0AF0F5
:10D97000E3FA236B6FF040423A4403EB820727F04F
:10D980000707002D65D04FF0000CBCF10F0F0BD82E
:10D9900015F80C2004EB0C0383F8342015F80C3038
:10D9A00013B10CF1010CF0E7002384F84330062E8C
:10D9B00000D90626E662E66400252565201DFEF7EF
:10D9C00076FE04F11800FEF772FE2461C6F1070628
:10D9D000A6616462C4F8805484F884544FF485626C
:10D9E000294604F158000AF0A7FA04F55173E365DB
:10D9F00004F56B73236604F214436366012200236B
:10DA0000C4E9402343F20E33A4F808314AF6CD337B
:10DA1000A4F80A3141F23423A4F80C314EF26D63BC
:10DA2000A4F80E314DF6EC63A4F810310523A4F8E8
:10DA300012310B23A4F814314A4641463846FEF70A
:10DA4000AFFE2060BAF1000F01D0CAF80040BDE877
:10DA5000F087002384F83430A9E7000038B50024AB
:10DA600007E004EB840293000E481844FEF714FE0E
:10DA70000134062CF5D90C4D2846FEF70DFE0B4C53
:10DA80002046FEF709FE0A48FEF706FE0948FEF7A3
:10DA900003FE0948FEF700FE084B1D60084B1C60A2
:10DAA00038BD00BF94360324343703244837032499
:10DAB0006C37032498370324843703248C360324DB
:10DAC0009036032410B50446FEF794FE224A1368EC
:10DAD00001331360214B1B685BB1214B1B686BB991
:10DAE0001E4B1B68DA6AE36A9A4207D81B4B1C601C
:10DAF00004E01A4B1C601368012B29D0194A1368E3
:10DB0000013313606364E06A01238340164A11689D
:10DB10000B43136000EB8000211D144B03EB8000CE
:10DB2000FEF7C8FDFEF788FE0D4B1B687BB10B4B63
:10DB30001B68DA6AE36A9A4209D24FF0E0234FF099
:10DB40008052C3F8042DBFF34F8FBFF36F8F10BD0A
:10DB5000FFF784FFD2E700BF203703248836032471
:10DB6000803703242C3703243037032494360324CE
:10DB700010B5044658300AF061FA94F8853463B160
:10DB8000012B11D0022B0ED04FF0500383F31188DC
:10DB9000BFF36F8FBFF34F8FFEE7206BFFF762F885
:10DBA0002046FFF75FF810BD2046FFF75BF8FAE765
:10DBB0000F4B1B68D3B110B5FEF71CFE0D4BDB6895
:10DBC000DC68201DFEF79AFD0B4A1368013B1360C9
:10DBD000074A1368013B1360FEF72EFE2046FFF74D
:10DBE000C7FF034B1B68002BE6D110BD704700BF79
:10DBF00024370324983703242037032408B5FFF77C
:10DC0000D7FF074B1B68012BF9D94FF0E0234FF0EA
:10DC10008052C3F8042DBFF34F8FBFF36F8FEEE731
:10DC20009436032470B504460D461F4B1E681F4BE7
:10DC300018680430FEF762FD50B91C4B1B68DA6AA5
:10DC4000012303FA02F21A490B6823EA02030B606C
:10DC5000B4F1FF3F14BF00230123002D08BF0023B0
:10DC60006BB93444114B1B685C60A6420ED9114B52
:10DC700018680E4B19680431FEF727FD70BD0B4B79
:10DC8000196804310C48FEF715FDF7E70B4B1868CF
:10DC9000064B19680431FEF718FD094B1B68A342B7
:10DCA000ECD9074B1C60E9E7AC3703248836032422
:10DCB0003037032490360324843703248C3603241E
:10DCC0006037032430B587B00B9C8CB10C9DC5B177
:10DCD0004FF491650495049DB5F5916F1AD04FF0FE
:10DCE000500383F31188BFF36F8FBFF34F8FFEE7AD
:10DCF0004FF0500383F31188BFF36F8FBFF34F8F43
:10DD0000FEE74FF0500383F31188BFF36F8FBFF32B
:10DD10004F8FFEE7049D0C9D2C63022485F88544FB
:10DD200000240394029505AC01940A9C0094FFF72B
:10DD300011FE0C98FFF7C6FE059807B030BD2DE91F
:10DD4000F04385B00746884614461E469000FEF70D
:10DD50000BFF08B381464FF49160FEF705FF0546BF
:10DD6000B0B1C0F83090E5B1002385F88534039355
:10DD700002950D9B01930C9B00933346224641462E
:10DD80003846FFF7E7FD2846FFF79CFE012005E037
:10DD90004846FEF767FFE6E74FF0FF3005B0BDE805
:10DDA000F0834FF0FF30F9E710B588B000240594F8
:10DDB000069407AA06A905A8F3F7B0FD059B0293F0
:10DDC000069B019300942346079A1A491A48FFF7C5
:10DDD00079FF1A4B186040B100F08AFC012806D088
:10DDE000B0F1FF3F1DD008B010BD0020F6E74FF0A6
:10DDF000500383F31188BFF36F8FBFF34F8F104B26
:10DE00001B6858330F4A13600F4B4FF0FF321A60F4
:10DE10000E4B01221A600E4B00221A60FEF784FDA1
:10DE2000E1E74FF0500383F31188BFF36F8FBFF327
:10DE30004F8FFEE7CC050208FDDB00085C370324AA
:10DE400088360324FC05002460370324803703242C
:10DE5000AC370324024A136801331360704700BFD4
:10DE600028370324014B1868704700BFAC370324E0
:10DE700008B5FEF7E5FD014B186808BDAC37032473
:10DE8000F8B53A4B1B68002B69D1394B1D68013539
:10DE90001D60C5B9374B1B681B6843B14FF0500379
:10DEA00083F31188BFF36F8FBFF34F8FFEE7314AC3
:10DEB0001168314B186810601960304A13680133DB
:10DEC0001360FFF731FD2E4B1B68AB423DD9002795
:10DED0002C4B1B68DB6A03EB83039A002A4B9B588D
:10DEE000012B00D90127294B1B68002B3CD00127AF
:10DEF0003AE001271F4B1B681B6843B31D4B1B688F
:10DF0000DB68DC6863689D4226D3261D3046FEF739
:10DF1000F5FBA36A1BB104F11800FEF7EFFBE36AFF
:10DF200001229A401A49086802430A6003EB8303FE
:10DF30009A00314614481044FEF7BCFBE26A114BCC
:10DF40001B68DB6A9A42D4D2D4E70027D2E70C4B95
:10DF50004FF0FF321A60BBE7094A1360B8E70D4A79
:10DF600013680133136000273846F8BD28370324AF
:10DF7000AC3703248C3603249036032464370324FF
:10DF8000603703248836032494360324B0370324EF
:10DF9000303703246837032438B5354B1B6843B941
:10DFA0004FF0500383F31188BFF36F8FBFF34F8F90
:10DFB000FEE7FEF71FFC2E4B1A68013A1A601B6839
:10DFC000002B4FD12B4B1B680BB900244BE00024D6
:10DFD000294B1B681BB3284BDB68DC6804F1180075
:10DFE000FEF78CFB251D2846FEF788FBE06A01231F
:10DFF0008340224A11680B43136000EB80002946DE
:10E000001F4B03EB8000FEF755FBE26A1D4B1B68BC
:10E01000DB6A9A42DCD31C4B01221A60D8E70CB1B0
:10E02000FFF782FC194B1C6884B9174B1C68D4B1EC
:10E030004FF0E0234FF08052C3F8042DBFF34F8F11
:10E04000BFF36F8F01240EE0013C07D0FFF718FFEC
:10E050000028F9D00C4B01221A60F5E70B4B002287
:10E060001A60E2E70024FEF7E7FB204638BD00BF58
:10E0700028370324203703246C3703243037032444
:10E080009436032488360324B037032468370324E6
:10E0900038B558B10C46054689B94FF0500383F3A3
:10E0A0001188BFF36F8FBFF34F8FFEE74FF0500320
:10E0B00083F31188BFF36F8FBFF34F8FFEE71B4BC6
:10E0C0001B6843B14FF0500383F31188BFF36F8F88
:10E0D000BFF34F8FFEE7FFF7BDFE154B18682B68A7
:10E0E0001C44834209D9A34201D82C600EE0A0420F
:10E0F00001D32C600AE02C6004E0A34201D8A042C6
:10E1000012D22C600021201AFFF78CFDFFF744FF8C
:10E1100048B94FF0E0234FF08052C3F8042DBFF30D
:10E120004F8FBFF36F8F38BD2C60EFE72837032484
:10E13000AC37032410B5A8B10446104B1B6843B19B
:10E140004FF0500383F31188BFF36F8FBFF34F8FEE
:10E15000FEE7FFF77FFE00212046FFF763FDFFF794
:10E160001BFF48B94FF0E0234FF08052C3F8042D55
:10E17000BFF34F8FBFF36F8F10BD00BF283703244D
:10E18000224B1B681BB1224B01221A607047204BA7
:10E1900000221A601F4B1B68B3FA83F3DBB2C3F192
:10E1A0001F0303EB83018A001B498A5842B94FF0D1
:10E1B000500383F31188BFF36F8FBFF34F8FFEE7D8
:10E1C000154903EB830082000A44506840685060A0
:10E1D00003EB830C4FEA8C020832114488420DD0C5
:10E1E00003EB83039A000C4B13445B68DA680B4B18
:10E1F0001A601B6858330A4A1360704740686246C9
:10E200009100054A0A445060EAE700BF283703241A
:10E21000B03703243037032494360324883603248C
:10E22000FC05002458B110B50C46094A1168183194
:10E23000FEF74BFA01212046FFF7F4FC10BD4FF02A
:10E24000500383F31188BFF36F8FBFF34F8FFEE747
:10E250008836032438B570B10D4614460A4A116851
:10E260001831FEF727FA0CB14FF0FF35214628464A
:10E27000FFF7D8FC38BD4FF0500383F31188BFF38C
:10E280006F8FBFF34F8FFEE78836032438B5C3681E
:10E29000DC6824B304F118052846FEF72FFA184B62
:10E2A0001B682BBB251D2846FEF728FAE06A0123D0
:10E2B0008340144A11680B43136000EB8000294629
:10E2C000114B03EB8000FEF7F5F9E26A0F4B1B6878
:10E2D000DB6A9A4211D901200D4B186038BD4FF00E
:10E2E000500383F31188BFF36F8FBFF34F8FFEE7A7
:10E2F00029460848FEF7DEF9E7E70020EEE700BF11
:10E300002837032430370324943603248836032423
:10E31000B03703246C370324034B1B680360034BA3
:10E320001B684360704700BF64370324AC37032485
:10E33000F8B5C8B10C460546F9B1FEF75BFA1B4BC0
:10E3400019686B68C81A2268B2F1FF3F26D0184ED0
:10E3500036682F68B74201D08B4224D9824215D843
:10E360000023236001241AE04FF0500383F3118847
:10E37000BFF36F8FBFF34F8FFEE74FF0500383F370
:10E380001188BFF36F8FBFF34F8FFEE75B1A134403
:10E3900023602846FFF7C0FF002400E00024FEF7BA
:10E3A0004BFA2046F8BD0124F9E700BFAC3703243F
:10E3B00064370324014B01221A607047B0370324ED
:10E3C000054B1B6833B1054B1B680BB10020704730
:10E3D0000220704701207047803703242837032428
:10E3E000002849D038B50446C36A254A1268D26A63
:10E3F000934239D28269002A05DB214A1268D26A27
:10E40000C2F107028261616903EB83031D4A02EBDB
:10E410008303994205D01A4B1B68DB6AE362012033
:10E4200038BD251D2846FEF769F940B9E26A012387
:10E4300003FA02F214490B6823EA02030B60104B43
:10E440001B68D86AE062012404FA00F30E4A1168DE
:10E450000B43136000EB800029460A4B03EB80005E
:10E46000FEF728F92046DBE7C26C054B1B68DB6A28
:10E470009A4203D30020D3E7002070470120CFE762
:10E4800088360324943603243037032400284CD0E4
:10E4900038B50446274B1B68834208D04FF0500321
:10E4A00083F31188BFF36F8FBFF34F8FFEE7036DC8
:10E4B00043B94FF0500383F31188BFF36F8FBFF35D
:10E4C0004F8FFEE7013B0365C16AC26C91422ED0BB
:10E4D0000BB1002038BD051D2846FEF70FF970B9B5
:10E4E000E26A02EB82039B001349CB583BB901233C
:10E4F00003FA02F211490B6823EA02030B60E06C95
:10E50000E062C0F10703A361012404FA00F30B4A9F
:10E5100011680B43136000EB80002946064B03EBA8
:10E520008000FEF7C7F82046D4E70020704700209F
:10E53000D0E700BF88360324943603243037032401
:10E54000002850D038B50446036D43B94FF050034E
:10E5500083F31188BFF36F8FBFF34F8FFEE7C26C59
:10E560008A4200D20A46E16A914201D0012B00D0D2
:10E5700038BD1D4B1B68A3422CD0E262A369002B5F
:10E5800002DBC2F10702A261626901EB8101174B54
:10E5900003EB81018A42EBD1251D2846FEF7AEF838
:10E5A00040B9E26A012303FA02F211490B6823EA37
:10E5B00002030B60E06A012383400D4A11680B439C
:10E5C000136000EB80002946084B03EB8000FEF748
:10E5D00071F8CDE74FF0500383F31188BFF36F8FCD
:10E5E000BFF34F8FFEE77047883603249436032429
:10E5F00030370324054B1B6823B1044B1A68136D95
:10E6000001331365014B1868704700BF8836032437
:10E61000064B1A6813682BB90123036023B9D3682A
:10E62000186870470023F8E700207047B4370324C8
:10E6300008B54160006191420CD8D21A83699A42B0
:10E6400001D3012008BD011D0B4B1868FEF73DF8F2
:10E650000020F7E79A422CBF00220122994238BFDE
:10E6600000220AB10120EDE7011D044B1868FEF7F6
:10E670002CF80020E6E700BFB8370324B4370324A2
:10E6800030B583B0FEF7B6F8114B1B681BB1FEF72F
:10E69000D3F803B030BD0F4D2846FDF7FDFF0E4CFB
:10E6A0002046FDF7F9FF0D4B1D600D4B1C6000234C
:10E6B00000930C4B0C4A10210A20FEF756FC044B29
:10E6C00018600028E3D00949FFF7CCF8DFE700BF66
:10E6D000DC3803245C38032470380324B437032463
:10E6E000B837032488380324BC370324D405020830
:10E6F00010B588B0FFF7C4FF124B1B68CBB10024E4
:10E700000594069407AA06A905A8F3F713F9059B33
:10E710000293069B0193022300932346079A0A491A
:10E720000A48FFF7CFFA0A4B186010B1012008B071
:10E7300010BD4FF0500383F31188BFF36F8FBFF309
:10E740004F8FFEE7DC380324DC05020859EA000895
:10E75000E0380324B8B19C4603461848006858B313
:10E7600000B585B000910192029305291CDCFFF7EA
:10E7700027FE022810D000231A4669460F48006879
:10E78000FEF7ABFC15E04FF0500383F31188BFF3A5
:10E790006F8FBFF34F8FFEE70023069A6946074845
:10E7A0000068FEF79AFC04E0002362466946FEF723
:10E7B0009BFD05B05DF804FB00207047DC380324A6
:10E7C00070B582B01B4B1B681A6862B3DB681E68A9
:10E7D000DC68251D2846FDF791FF236A20469847EF
:10E7E00094F8283013F0040FECD0A36933449E4210
:10E7F00007D26360246129460E4B1868FDF765FF58
:10E80000E0E7002100910B4632462046FFF7A2FFC9
:10E810000028D7D14FF0500383F31188BFF36F8FD7
:10E82000BFF34F8FFEE7044A106802490860136087
:10E8300002B070BDB4370324B837032438B5054699
:10E84000FFF710FB0446074B1B68834205D80023E3
:10E850002B60044B1C60204638BDFFF7B1FF01233D
:10E860002B60F6E78438032470B582B006460D4667
:10E8700017490968C968CC68201DFDF73FFF94F867
:10E8800028C01CF0040F08D12CF0010C84F828C01B
:10E89000236A2046984702B070BDA16933462A46D4
:10E8A00031442046FFF7C4FE0028F1D0002100913A
:10E8B0000B4632462046FFF74DFF0028E8D14FF0C7
:10E8C000500383F31188BFF36F8FBFF34F8FFEE7C1
:10E8D000B437032470B582B006460C46FFF7BAFA87
:10E8E00001A8FFF7ABFF019B3BBB0546B04228BF29
:10E8F000002C19D024B1134A12681268DAB9012425
:10E900002246711B104B1868FEF7C0FFFFF744FB4F
:10E91000A8B94FF0E0234FF08052C3F8042DBFF3A5
:10E920004F8FBFF36F8F0AE0FFF736FB2946304663
:10E93000FFF79AFF03E01C46E2E7FFF72DFB02B06A
:10E9400070BD00BFB8370324DC38032410B588B08D
:10E9500002E0049B002B0FDA002204A93D4B18684B
:10E96000FEF7AAFD002873D0049B002BF1DA07996B
:10E970000698059B9847ECE7069C636913B1201D38
:10E98000FDF7BCFE03A8FFF759FF049B092BE3D852
:10E99000DFE803F00505053037500505303794F8FA
:10E9A000283043F0010384F82830059BA169024612
:10E9B00019442046FFF73CFE0028CDD0236A2046AC
:10E9C000984794F8283013F0040FC5D0A2690021AD
:10E9D00000910B46059802442046FFF7BBFE002835
:10E9E000BAD14FF0500383F31188BFF36F8FBFF399
:10E9F0004F8FFEE794F8283023F0010384F8283085
:10EA0000AAE794F8283043F0010384F828300599E8
:10EA1000A16131B10346024601442046FFF708FEDA
:10EA20009AE74FF0500383F31188BFF36F8FBFF362
:10EA30004F8FFEE794F8283013F0020F04D023F034
:10EA4000010384F8283087E72046FEF70BF983E7B7
:10EA500008B010BDDC38032400B583B001A8FFF76F
:10EA6000D7FD0199FFF736FFFFF770FFF6E703695F
:10EA7000C268934204D88068801A0344581E7047C5
:10EA80009B1A581E70472DE9F843044688461646DF
:10EA9000C5688768A7EB0509914509D940682844EE
:10EAA000F2F7FCFABFF35F8F3544E560BDE8F88309
:10EAB00040684A462844F2F7F1FAED1B35442A46ED
:10EAC00008EB09016068F2F7E9FABFF35F8FE560D0
:10EAD000ECE72DE9F843064688461746C5684FF02F
:10EAE00000091AE0641B621EB3685C1B944228BFD5
:10EAF0001446BC4228BF3C46706822464146284422
:10EB0000F2F7CCFAA144A0443F1B2544B368AB42C2
:10EB10000BD0BFF35F8FF5604FB13469A542E1D3ED
:10EB2000B268641B1444621EDEE70025F1E7484624
:10EB3000BDE8F88310B5154CA8220021204609F045
:10EB4000FBF9032323616361114AA261114BE36165
:10EB50004FF4806323620023A3626362E362226650
:10EB60000D4A62668022A2662367E3666367BFF38D
:10EB70005F8F06E0C3F10F020849895C034AD15454
:10EB800001330F2BF6D9BFF35F8F10BDE438032498
:10EB9000E40502080C3A03248C390324F00502082A
:10EBA000F8B50F461646184B451C05EB450503EB1B
:10EBB000C50500EB400003EBC000C46A012C11D076
:10EBC000022C1CD014B100242046F8BD2846FFF7C3
:10EBD0004EFF8642F8D8324639462846FFF753FFA3
:10EBE0003446F1E72846FFF742FF3446864228BF05
:10EBF0000446224639462846FFF745FFE4E7284603
:10EC0000FFF767FF0446DFE7E4380324F8B504465E
:10EC10000D461646094B1B786BB1EFF311874FF089
:10EC2000200181F31188324629462046FFF7B8FFBC
:10EC300087F31188F8BDFFF77DFFEEE7E438032482
:10EC400008B5FFF777FF08BD10B504468268531C6E
:10EC50004068834205D820688154A360E36801338B
:10EC6000E360A26863689A4200D010BD2168206901
:10EC7000FFF7CCFFA368984203D04FF0FF33E36067
:10EC8000F3E70023A360F0E72DE9F84F81460F4634
:10EC900015461E46DDF828A00B9A0B464FF00108DA
:10ECA00003E0B3FBF5F308F10108AB42F9D2B0453C
:10ECB00000D2B04612F0010B15D1BAF1000F12D0FC
:10ECC00012F0020F02D0A6B1202400E02024C24599
:10ECD00009D90AF1FF3A21464846FFF7B5FFD9F8AE
:10ECE0000C30002BF3DAD9F80C30002B25DB012493
:10ECF00004E03024EBE7013E05FB04F4012EFAD8D2
:10ED0000B7FBF4F39D42F7D900E01C46B7FBF4F3E0
:10ED100004FB1377104AD15C4846FFF795FFD9F8FA
:10ED20000C30002B03DBB4FBF5F3AC42EDD2BBF1AE
:10ED3000000F02D0BAF1000F01D1BDE8F88FC24533
:10ED4000FBD90AF1FF3A20214846FFF77DFFD9F8A9
:10ED50000C30002BF3DAF0E7040602082DE9F04747
:10ED600082B006468846154699460A9FDDF82CA0D3
:10ED700081EAE17CACEBE17C012402E09CFBF5FC48
:10ED800001346545FADD4C4500D24C4637B1B8F147
:10ED9000000F02DB1AF0040F00D0013F1AF0020F3F
:10EDA00002D0B9F1000F03D01AF0010F00D1AFB9B2
:10EDB000F368002B0FDBB8F1000F1ADB1AF0040F19
:10EDC0001ED1F368002B06DB0AF00303022B1CD0D4
:10EDD000F368002B29DA02B0BDE8F087A742E7D933
:10EDE000013F20213046FFF72FFFF368002BF5DAB3
:10EDF000DEE7C8F100082D213046FFF725FFE0E7E8
:10EE00002B213046FFF720FFDBE7B9F1000FDFD100
:10EE1000002FDDD0A742DBD9013F30213046FFF77C
:10EE200013FFF368002BF5DAD2E7CDF804A00097C2
:10EE30004B462A4641463046FFF726FFCBE7000007
:10EE4000F0B599B007460C46164603AB1393402322
:10EE50001493002315931790169388E00020012245
:10EE600011E040F0010001340CE040F002000134F8
:10EE700008E040F00400013404E040F008000134F0
:10EE800000E0002212B32378233B0D2BF9D801A117
:10EE900051F823F07BEE000883EE000883EE0008B3
:10EEA00083EE000883EE000883EE000883EE00087E
:10EEB00083EE000873EE000883EE000863EE00089E
:10EEC00083EE000883EE00086BEE0008002506E0E4
:10EED000013405EB850503EB4503A3F130052378E9
:10EEE000A3F13002D2B2092AF2D92E2B02D000238C
:10EEF000227810E0013400232278A2F13001C9B257
:10EF00000929F5D8013403EB830302EB4303303BBB
:10EF1000F2E714F8012F682A18BF6C2AF9D0252AC5
:10EF20006DD020D3782A1ED8582A1CD3583A202ACC
:10EF300019D8DFE802F03D18181818181818181812
:10EF400018112718181818181818181818185718FA
:10EF50001848183218183D0033681A1D32601978A5
:10EF600013A8FFF771FE0134169B002B4CDB14F83D
:10EF7000011B002948D025293FF470AF13A8FFF7E3
:10EF800063FEF1E73268111D316011680190009550
:10EF90000A2213A8FFF7E2FEE5E73268111D31608F
:10EFA0001168019000950A2213A8FFF76DFEDAE7B9
:10EFB0003268111D3160116801900095102213A86C
:10EFC000FFF762FECFE733681A1D32601D6815F83F
:10EFD000011B0029C7D013A8FFF736FE169B002B94
:10EFE000F5DAC0E733681A1D32601968002301930F
:10EFF00008230093102213A8FFF746FEB3E725214C
:10F0000013A8FFF721FEAEE7169B002B05DD159A2E
:10F0100032B9159A169B13441693169819B0F0BD81
:10F0200003A93846FFF7F2FDF3E700BF0EB400B5C1
:10F0300082B003AB53F8041B019301AAFFF700FF52
:10F0400002B05DF804EB03B07047000008B5012280
:10F0500010491148FCF7B8FB80B910490E48FCF77D
:10F06000CAFB70B90E490C48FCF750FB60B90A485E
:10F07000FCF7DBFB58B9F6F7F5FF08BDF2F7DCFD4E
:10F08000EBE7F2F7D9FDEDE7F2F7D6FDEFE7F2F7A0
:10F09000D3FDF0E7B00000240C3E03241000002450
:10F0A0009C0000240020704700207047002070471B
:10F0B00038B5044607F020FE044D21462846FCF7EB
:10F0C0003EFB2846FCF764FB002038BD0C3E0324C1
:10F0D00010B5064C002206492046FCF722FB0549E4
:10F0E0002046FCF72CFB002010BD00BF0C3E032483
:10F0F000E8480324E8400324094BD3F8BC32D3F892
:10F1000014320BB10120704710B5054C0A46014678
:10F110002046FCF706FB2046FCF71DFB10BD00BF98
:10F120000C3E032412230B8000487047D0000024BB
:10F1300004230B8000487047E4000024002393421E
:10F140001ED200B510E00CF1370C01F813C000011D
:10F150004FEA430C0CF1010C4FF0000E01F80CE0EB
:10F160000133DBB2934209D24FEA107CB0F1204F59
:10F17000E9D20CF1300C01F813C0E8E75DF804FBAC
:10F180007047000038B50B4BD3F80008D3F804489B
:10F19000D3F80838C01800D138BD074D0822A91C83
:10F1A000FFF7CCFF042205F112012046FFF7C6FF4E
:10F1B000F2E700BF00E0F11FE800002408B51A23C1
:10F1C0000B80FFF7DFFF014808BD00BFE800002407
:10F1D00008B50A4628B905490548FDF789F80348E6
:10F1E00008BD02490248FDF783F8F8E7E850032418
:10F1F0001406020810B50A46034C21460348FDF7E1
:10F2000077F8204610BD00BFE85003242C06020802
:10F2100008B50A4628B905490548FDF769F80348C5
:10F2200008BD02490248FDF763F8F8E7E8500324F7
:10F230004006020808B50A4628B905490548FDF701
:10F2400057F8034808BD02490248FDF751F8F8E7AE
:10F25000E85003244C06020810B5B0B00446B822AA
:10F26000002102A808F068FE2268164B9A4201D0DD
:10F2700030B010BD4FF480220023CDE902234FF4BB
:10F280004013239302A8F7F7FDFDB8B9F6F7EAFE9D
:10F290000D4BD3F8D82042F00072C3F8D820D3F831
:10F2A000D83003F000730193019B002205214D200B
:10F2B000F3F730FD4D20F3F763FDD9E7F2F7BCFC1F
:10F2C000E4E700BF000004400044025808B500F223
:10F2D0009C41D0F8E004FCF7BEFA08BD08B501EB8C
:10F2E000C10300EB8303D3F86022D0F8E004FCF7FD
:10F2F00084FB08BD08B501EBC10300EB83031A6A68
:10F30000D0F8E004FCF7DCFB08BD08B5D0F8E00459
:10F31000FCF71EFB08BD10B50446C17911B10229E6
:10F3200009D10121D4F8E004FCF7F3FAD4F8E004A1
:10F33000FCF7BDFA10BDF2F77FFC0121F2E70000F7
:10F3400010B50446D0F8E004FCF7E6FA2268D2F8DB
:10F35000003E43F00103C2F8003EE37A23B1034AC2
:10F36000136943F00603136110BD00BF00ED00E018
:10F3700008B5D0F8E004FCF7DEFA08BD08B5D0F80F
:10F38000E004FCF70DFB08BD08B5D0F8E004FCF77D
:10F39000F0FA08BD08B5D0F8E004FCF718FB08BD8A
:10F3A00008B5D0F8E004FCF714FB08BD0378012B86
:10F3B00001D00020704710B5164BC3F8E004C0F828
:10F3C000C832154A1A6009221A710221D971002225
:10F3D0009A7159729A72DA721A739A73DA731A748A
:10F3E0001846F6F70DF890B90A4C4FF40071204614
:10F3F000F6F7F3FD802200212046F6F7C8FD4FF412
:10F40000BA7201212046F6F7C2FD002010BDF2F7C6
:10F4100013FCE9E7E852032400000440D0F8C832A6
:10F4200011F0800F08D101F07F0101EBC10103EB66
:10F43000810191F85602704701F07F0101EBC10193
:10F4400003EB8101887D704708B5D0F8C802F6F754
:10F45000DBF908BD00487047CC57032470470328E8
:10F4600005D8DFE800F005040205012070470320FD
:10F47000704708B5D0F8C802F6F743F8FFF7EFFF7A
:10F4800008BD08B594461A466346D0F8C802F6F798
:10F4900018F9FFF7E4FF08BD08B5D0F8C802F6F781
:10F4A00056F9FFF7DCFF08BD08B5D0F8C802F6F73B
:10F4B000D9F9FFF7D4FF08BD08B5D0F8C802F6F7B0
:10F4C00014FAFFF7CCFF08BD08B5D0F8C802F6F76C
:10F4D000E5F8FFF7C4FF08BD08B5D0F8C802F6F795
:10F4E0009CF9FFF7BCFF08BD08B5D0F8C802F6F7D5
:10F4F00066F9FFF7B4FF08BDD0ED017A90ED0D7A03
:10F50000D0ED0E6A37EE267AF6EE006A27EE267AFE
:10F5100067EE877A90ED197A67EE877AC0ED137AF5
:10F520007047D0ED0D7A90ED117A27EE877AB5EE1F
:10F53000C07AF1EE10FA26DDF5EEC07AF1EE10FA9F
:10F540001CDD90ED087AB4EEE77AF1EE10FA1ADAE3
:10F55000D0ED076A37EE266AB4EEE76AF1EE10FAEC
:10F560000FDB76EEE77A77EE277A87EEA67AD0ED94
:10F57000137A67EE877AC0ED137A7047F1EE677AF7
:10F58000DFE70023C3647047D0ED116A90ED137A72
:10F5900036EE877A1F4B83ED007AD0ED107A76EE47
:10F5A000A77A90ED126A77EE867A1B4BC3ED007A4C
:10F5B000F5EEC07AF1EE10FA28DD90ED036AB4EEB4
:10F5C000E76AF1EE10FA0AD5D0ED0D7A66EEA76A79
:10F5D000F5EEC06AF1EE10FA01DD0023C364D0ED50
:10F5E000067AB4EEE77AF1EE10FA03DD0023C36485
:10F5F000C0ED117AF1EE677AB4EEE77AF1EE10FA27
:10F6000003D50023C364C0ED117A7047F1EE677A29
:10F61000D3E700BF685A03246C5A0324D0ED027A62
:10F6200090ED0C7AD0ED0B6A37EE667A67EE877A4A
:10F63000D0ED196A87EEA67A80ED127A704790EDC8
:10F64000126AD0ED197A26EE276A90ED0A7A77EEE3
:10F65000877AC6EE276A90ED166A27EE067A87EE5D
:10F66000276A76EE867AC0ED127A704790ED146ABA
:10F67000D0ED197A26EE276A90ED097A77EE877A2F
:10F68000C6EE276A90ED156A27EE067A87EE276A9E
:10F6900076EE867AC0ED147A704790ED147AD0ED4C
:10F6A000037AB4EEE77AF1EE10FA01DDC0ED147AD8
:10F6B00090ED147AF1EE677AB4EEE77AF1EE10FA93
:10F6C00001D5C0ED147A704790ED147AB0EEC77A88
:10F6D000D0ED037ADFED1D6A67EEA67AB4EEE77A25
:10F6E000F1EE10FA2BD4D0ED177AB0EEE77ADFED19
:10F6F000186AB4EEE67AF1EE10FA20D4D0ED0B6A77
:10F7000077EEE67AF0EEE77AC7EE876ADFED117AF8
:10F71000F4EEE76AF1EE10FA12DD836EC26E013389
:10F7200042F100028366C266816EC36E40F2F5123A
:10F73000914273F1000302D3012380F870307047C7
:10F7400000220023C0E91A23EEE700BF6F12833ABC
:10F7500017B7D1383333733F38B50546782008F0F2
:10F7600033F904467822002108F0E6FB2B68236079
:10F770006B686360AB68A360EB68E3602B6923612F
:10F780002B7D2375AB69A361EB69E3612B6A23626F
:10F790006B6A6362AB6AA36204F1600002F0A8FCCA
:10F7A000044A1378591C1170034A42F8234020463A
:10F7B00038BD00BFEC590324F059032410B52DEDDA
:10F7C000028B0446F0EE408AB0EE608A90F9143065
:10F7D000002B71DB04F1600002F08AFC84ED190A51
:10F7E000C4ED0B8A84ED178A78EE680AC4ED0D0A21
:10F7F000F5EEC00AF1EE10FA61DDF0EE607A94EDFC
:10F80000047AB4EEE77AF1EE10FA73D5D4ED007A0B
:10F8100060EEA77AC4ED107AD4ED017A60EEA77A93
:10F8200060EE277AC4ED137AD4ED027A94ED0E7A65
:10F8300070EEC70A67EEA00AC0EE807AC4ED127AB5
:10F84000237D13F0040F3DD1237D13F0200F3DD114
:10F85000237D13F0020F3DD1237D13F0400F3DD1E6
:10F86000237D13F0010F3DD1D4ED137A94ED117A7D
:10F8700077EE877AC4ED117A94ED107A77EE877A75
:10F8800094ED127A77EE877AC4ED147A237D13F023
:10F89000100F2BD12046FFF700FFE36A236394ED9E
:10F8A000140A84ED150AA36CA365636BA363E36C70
:10F8B000E363BDEC028B10BDFFF706FF8AE7F1EEB4
:10F8C000607A9CE72046FFF717FEBDE72046FFF76A
:10F8D00028FEBDE72046FFF7A1FEBDE72046FFF763
:10F8E000AEFEBDE72046FFF74FFEBDE72046FFF71F
:10F8F000BDFECFE700232365E364CEE70023C362A8
:10F90000036343638363C363036443648364C364C3
:10F9100003654365836500220023C0E91A230023A1
:10F9200080F8703070470000F6EE007A60EE277ABB
:10F9300010EE103A074AA2EB630307EE103A67EEA7
:10F94000277A67EE277AB7EE080A30EE670A27EEC5
:10F95000000A7047865A375F10B52DED048B0446B8
:10F96000D0F8EC3093ED009A5C4A82ED009A93ED6A
:10F97000018A5B4A82ED008AD3ED028A594AC2EDC0
:10F98000008AD3ED039A584BC3ED009A69EE097AC9
:10F9900028EE080A77EE807A28EEA80A77EE807AB9
:10F9A00029EEA90A37EE800AFFF7BEFF4F4B83ED21
:10F9B000000A00230BE0D4F8EC2002EB8302D2ED26
:10F9C000007A67EE807AC2ED007A0133DBB2032B56
:10F9D000F1D9474B93ED6F7A28EE077AD4F80021DE
:10F9E000F6EE007A27EE277A82ED047A93ED6F7AAD
:10F9F00028EE877AD4F8002127EE277A82ED057A5F
:10FA000093ED6F7A29EE477AD4F8002127EE277A12
:10FA100082ED0A7A93ED6F7A29EE877AD4F8002185
:10FA200027EE277A82ED0B7A93ED6F7A69EEC79A0B
:10FA3000D4F8002169EEA79AC2ED109A93ED6F7A7F
:10FA400029EE479AD4F8002129EE279A82ED119ADF
:10FA500093ED6F7A68EE878AD4F8002168EEA78A62
:10FA6000C2ED168A93ED6F7A28EE478AD4F800210A
:10FA700028EE278A82ED178AD4F8F82093ED747A5D
:10FA8000D2ED1C6AC6EE877AC2ED1C7AD4F8F82053
:10FA900093ED747AD2ED236AC6EE877AC2ED237AAB
:10FAA000D4F8F83093ED1C7ADFED127AB4EEE77AF1
:10FAB000F1EE10FA01DDC3ED1C7AD4F8F83093EDC5
:10FAC000237ADFED0C7AB4EEE77AF1EE10FA01DD7D
:10FAD000C3ED237ABDEC048B10BD00BF045D03248D
:10FAE0000C5D0324145D03241C5D0324205D0324AA
:10FAF000005B032400401C4638B504469022D0F831
:10FB0000F8100848F1F7CAFA48252A46D4F81C111B
:10FB10000548F1F7C3FA2A46D4F80C110348F1F767
:10FB2000BDFA38BD04010024B85A0324705A0324D6
:10FB30002DE9F84F044600F1780500F180073946B9
:10FB4000284607F0AFFB84F8C800B4F87830A4F872
:10FB5000A830B4F85A30A4F8AA3004F1580A04F1D5
:10FB6000A80842465146284607F064FC84F8C800BD
:10FB7000B4F8A830A4F8B030B4F88230A4F8B230A9
:10FB800004F1B0094A463946404607F053FC84F870
:10FB9000C800B4F89030A4F8A030B4F89230A4F8BB
:10FBA000A23004F1A0052A4604F19001484607F06E
:10FBB000E7FD84F8C8004946284607F0DFFC84F8D2
:10FBC000C800D4F8EC30D3ED007AC44AC2ED007A14
:10FBD00093ED016AC24A82ED006AD3ED026AC14A1E
:10FBE000C2ED006A93ED037ABF4B83ED007AB4F85F
:10FBF0007830A4F8B8300123A4F8BA3066EE075A7A
:10FC000027EEA65A75EEC55AD4F82C3175EEA55AD2
:10FC1000C3ED005A67EE865A26EE875A75EE855A6E
:10FC2000D4F82C3175EEA55AC3ED015A67EEA77AC8
:10FC300026EE066A77EEC67A66EEA66A77EEE67A72
:10FC400027EE077AD4F82C3177EE877AC3ED027A63
:10FC5000002512E0D4F82C3103EB850393ED000A64
:10FC6000B0EEC00A0EF02EF805F160029F4B03EBD8
:10FC7000820383ED010A0135EDB2022DEAD9B4F811
:10FC80004830A4F8C0304FF0010BA4F8C2B004F122
:10FC9000B80504F1C0063246294604F1480007F0D1
:10FCA0005FFB84F8C800B4F8C030A4F8A830A4F80A
:10FCB000AAB042463146484607F0BCFB84F8C8006B
:10FCC000A4F8B8B0B4F8C030A4F8BA302946304629
:10FCD00007F0E8FA84F8C800DFF810B20BF5E0721C
:10FCE0004146284607F0A6FB84F8C8009BED727ACF
:10FCF000DBED737AF6EE006A67EEA66AB4EEE67A9A
:10FD0000F1EE10FA02D501228BF83821B4EEE77A31
:10FD1000F1EE10FA45DD754B93F83831002B40D0E9
:10FD2000724B93F83931DBB1704AD2F84031D2F8D6
:10FD30004411013341F10001C2F84031C2F84411CD
:10FD40006A4BD3F84021D3F84431332A73F10003CE
:10FD50000CD30023654A82F8383184F82C3046E011
:10FD6000624B00200021C3E95001E9E7227B604D8E
:10FD70002B8803FB02F2D4F8EC10D4F8E800F1F77A
:10FD80008DF9227B2B8802FB03F303FB02F2D4F8EC
:10FD9000FC10D4F8F800F1F781F9012384F82C3035
:10FDA0009AE0DFED546A67EEA66AB4EEE67AF1EE09
:10FDB00010FA0FDD4D4B93F838315BB137EEC77A4F
:10FDC000DFED4D6A67EEA67AC7EE276A474BC3EDB3
:10FDD000676A04E0454B4FF07E52C3F89C21434BC9
:10FDE00000200021C3E95001002384F82C30B4F82E
:10FDF0005830A4F8A830B4F88230A4F8AA304246AB
:10FE00003946504607F016FB84F8C80004F19807FD
:10FE10003A464946404607F00DFB84F8C8000023E7
:10FE20000EE0D4F81C2102EB8302304991ED677A91
:10FE3000D2ED007A67EE877AC2ED007A0133DBB249
:10FE4000B4F89820B4F89A1001FB02F29342E8DB70
:10FE5000042201E00132D2B2052A1DD80023022B70
:10FE6000F8D8D4F81C1102EB4200184401EB8001D1
:10FE700002F15C0C1D4800EB8C00D0ED016ADFED57
:10FE80001F7A86EEA77AD1ED007A67EE877AC1ED08
:10FE9000007A0133DBB2E2E7B4F89830A4F8B83066
:10FEA0000123A4F8BA302A463146384607F0C2FA90
:10FEB00084F8C8000D4B93F83831002B4DD1D4F89D
:10FEC000BC300022DA6004F13002294604F1380027
:10FED00007F056FC84F8C800BDE8F88F005D0324E5
:10FEE000085D0324105D0324185D0324005B0324D4
:10FEF000A25D0324CDCCCC3D6666663FDA0FC93FD8
:10FF00000133DBB2052BDAD8D4F8BC10980001EB32
:10FF1000830191ED007A124AD2ED6F7ADFED116A1A
:10FF200067EEA67AB4EEE77AF1EE10FA01DDC1EDE4
:10FF3000007AD4F8BC20024492ED007A0849D1ED51
:10FF40006F7ADFED096A67EEA67AB4EEE77AF1EE32
:10FF500010FAD5D5C2ED007AD2E70423D2E700BF6C
:10FF6000005B03240AD7233C0AD723BC10B52DED30
:10FF7000048B0446D0F8EC3093ED009A39EE099AE0
:10FF80002E4A82ED009A93ED018A38EE088A2C4AB7
:10FF900082ED008AD3ED029A79EEA99A294AC2ED40
:10FFA000009AD3ED038A78EEA88A274BC3ED008A26
:10FFB000827B264B1B8802FB03F3027B03FB02F2CE
:10FFC0000021D0F80C0107F0B7FFD4F80C31F1EEA6
:10FFD000697AC3ED007AD4F80C31C3ED018AD4F804
:10FFE0000C31B1EE497A83ED027AD4F80C3183ED0D
:10FFF000038AD4F80C3183ED068AD4F80C3183EDF2
:020000040801F1
:10000000079AD4F80C31C3ED088AD4F80C31C3ED4B
:10001000099AD4F80C3183ED0C9AD4F80C31B1EE76
:10002000488A83ED0D8AD4F80C31C3ED0E7AD4F8EA
:100030000C31C3ED0F8ABDEC048B10BDE45C0324CE
:10004000E85C0324EC5C0324F05C0324A25D03243D
:1000500038B504462F4B01221A7083ED6C0AC3EDAC
:100060006D0A83ED6E1A2C4AC3F8CC21002283F866
:10007000382100200021C3E95001C3E95201F7EE05
:10008000007AF4EEE71AF1EE10FA01DDF0EE671AED
:10009000204DC5ED741A85ED642A03230022062144
:1000A000281D00F037FC05F5E4730122114605F523
:1000B000E07007F061FB002309E0164AD2F8EC205B
:1000C00002EB830204EB8301096811600133032B07
:1000D000F3DD104C114BC4F8D030114BC4F8D430C0
:1000E000104BC4F8D830104BC4F8DC30012384F82E
:1000F0002E3084F82F3090252A460C49D4F804017C
:10010000F0F7CCFF2A460A49D4F8FC00F0F7C6FF06
:1001100038BD00BF005B032477CC2B32F9FA00080E
:1001200059F900086DFF000831FB00085C06020861
:100130000401002410B52DED068BF0EE61AAB0EE9F
:1001400042AAF0EE629A804C84ED6F3A94ED589A90
:1001500030EE490A84ED5B0A94ED598A70EEC80AC4
:10016000C4ED5C0AD4ED5A8A31EE681A84ED5D1A4A
:10017000F6EE008A20EE280A20EE039A734B83EDF8
:10018000009A60EEA80A20EE838A714B83ED008A04
:1001900021EE281A61EE038A6E4BC3ED008A90228D
:1001A0006D49D4F80401F0F779FFD4F80431F1EE89
:1001B000497AC3ED017AD4F80431F1EE486AC3ED0F
:1001C000026AD4F80431B1EE687A83ED037AD4F888
:1001D000043183ED069AD4F80431C3ED088AD4F8CB
:1001E0000431C3ED096AD4F8043183ED0C8AD4F8E4
:1001F000043183ED0D7AD4F8043183ED0F9AD4F8ED
:100200000431C3ED128AD4F8043183ED138AD4F893
:100210000431C3ED147AD4F84821D4F84C31134397
:1002200005D1C4ED5EAA84ED5FAAC4ED609A464B89
:1002300093ED5E7AD3ED647A27EE277A93ED6F6AB9
:1002400077EE866A87EE260A66EE2AAA8AEEA67AF4
:1002500030EE070A83ED5E0AD3ED5F5A67EEA55ACA
:1002600085EEA67A26EE0AAACAEE265A37EE257A37
:1002700083ED5F7AD3ED605A67EEA55AC5EEA67A94
:1002800026EE296AC6EE265A77EEA57AC3ED607A85
:1002900020EE000A27EE077A30EE070A67EEA77A0B
:1002A00030EE270AFFF740FBB0EE408A2B4B83ED80
:1002B000000A00230FE0244903F15E0201EB8202F1
:1002C000D2ED007A8A6802EB830268EE277AC2EDEB
:1002D000007A0133DBB2022BEDD91B4C94ED5B0AA3
:1002E00020EE000AD4ED5C7A67EEA77A30EE270A9A
:1002F000D4ED5D7A67EEA77A30EE270AFFF714FB9C
:10030000B7EE007AC7EE007AC4ED657AC7EE086AE8
:10031000C4ED666A9FED127AF4EEC77AF1EE10FA38
:1003200024D5DFED107AF4EEE76AF1EE10FA1DDD68
:10033000DFED0D7AF4EEE76AF1EE10FA16D5012240
:1003400084F8392116E000BF005B0324F45C032429
:10035000F85C0324FC5C03245C060208E05C0324D4
:100360009A99993ECDCC1441CDCC24417E4B0022AC
:1003700083F839217C4CD4ED6C7A94ED6F7AD4F803
:10038000183167EE877AC3ED007AD4ED6C7A94ED7C
:100390006F7AD4F8183167EE877AC3ED077AD4ED17
:1003A0006C7A94ED6F7AD4F8183167EE877AC3EDE2
:1003B0000E7AD4ED6C7A94ED6F7AD4F8183167EE3A
:1003C000877AC3ED157AD4ED6D7A94ED6F7AD4F80F
:1003D000183167EE877AC3ED1C7AD4ED6D7A94ED0F
:1003E0006F7AD4F8183167EE877AC3ED237AD4F8A0
:1003F0001C21D4F8B8311360D4F81C211361D4F84F
:100400001C31D4F8B8211A62201D00F007FE636881
:10041000D3ED000AC4ED540AD3ED017AC4ED557A48
:1004200093ED027A84ED567A93ED030A84ED570A30
:100430001A69C4F860215B69C4F864310023C4F808
:10044000683120EE800A27EE877A30EE070A60EEE8
:10045000A00A67EEA77A70EEA70A70EEA00AF7EE80
:10046000008A70EEE80A30EE000A0DF083FC9FED82
:100470003F8A20EE080A84ED6A0AD4ED540A94ED0E
:10048000550A20EE800A94ED567AD4ED577A27EE7D
:10049000277A30EE070A60EEA00A67EEA77A70EEC0
:1004A000A70A70EEA00A70EEE80A30EE000A0DF01E
:1004B00061FC20EE080A84ED690AD4ED557A94EDCA
:1004C000570A67EE807A94ED540A94ED567A20EE3E
:1004D000070A77EEC07AB8EE000A27EE800A0DF020
:1004E0001DFC20EE080A84ED680A94ED6A7AD4EDCA
:1004F000767A77EE677ADFED1E6AF4EEE67AF1EE51
:1005000010FA23DDB4F9D431013BA4F8D431164BF1
:10051000B3F9D42107EE902AF8EEE77ADFED156AF9
:1005200067EEA67A77EE277AC3ED6B7A83ED767A5B
:10053000D3F84821D3F84C11013241F10001C3F83E
:100540004821C3F84C11BDEC068B10BDDFED0A6AE3
:10055000F4EEE67AF1EE10FAD9D5034AB2F9D431C5
:100560000133A2F8D431D2E7005B0324E12E6542C7
:10057000000034430000B443000034C30160426013
:10058000704700004368002B12DD0268511C0160B7
:10059000934200DC036007EE903AF8EEE77A90EDC4
:1005A000007AB8EEC77A87EE270A80ED020A704714
:1005B0009FED010A704700BF0000000038B50546F6
:1005C0000C461420FCF7D0FA0022026042608260E0
:1005D000C260026105604460054AC260054A02616A
:1005E00005490A78541C0C70044941F8220038BDB2
:1005F0007D05010885050108245D0324285D032489
:10060000F0EE405AB5EEC00AF1EE10FA1ED9F6EE41
:10061000007A20EE270A9FED0F6A25EE866A60EECB
:10062000007A77EEE57A70EE006A87EEA67A30EE11
:10063000470AB4EEE76AF1EE10FAF0D4B1EE467A6A
:10064000B4EEE77AF1EE10FAE9DC70479FED020AAA
:10065000704700BF6F12833A0000000010B52DED07
:10066000048B044690ED009A69EE097AD0ED018A78
:1006700028EEA80A77EE807A90ED028A28EE080A22
:1006800037EE800AFFF7BCFFC9EE007AC4ED007AAE
:10069000C8EE807AC4ED017AC8EE007AC4ED027A21
:1006A0002046BDEC048B10BDD0ED017A91ED027AAD
:1006B00067EE877A90ED027AD1ED016A27EE267A0D
:1006C00077EEC77AC2ED007AD0ED027A91ED007A2A
:1006D00067EE877A90ED007AD1ED026A27EE267AEE
:1006E00077EEC77AC2ED017AD0ED007A91ED017A0A
:1006F00067EE877A90ED017AD1ED006A27EE267ACF
:1007000077EEC77AC2ED027A7047D0ED007A91EDAC
:10071000000A67EE807A90ED010A91ED017A20EEF1
:10072000070A77EE807A90ED020A91ED027A20EEC8
:10073000070A37EE800A70470346104605E013F8B3
:10074000011B41400348405C11464A1E0029F6D176
:10075000704700BFEC060208002818BF02290CD918
:1007600038B505464C1EFF222146FFF7E5FF2B5DFD
:10077000834214BF0020012038BD002070470000D4
:10078000034698B1481E99B110B413F8011B5140AB
:10079000C9B2084C34F8111081EA1222014601381E
:1007A0000029F2D110465DF8044B70474FF6FF72F6
:1007B00010467047EC070208002818BF022919D913
:1007C00070B50C4606468D1E0B4B1A882946FFF75E
:1007D000D7FFC2B2735D9A4201D0002070BDC0F352
:1007E0000F20344414F8013C984201D00020F5E772
:1007F0000120F3E7002070479401002470B50446FF
:1008000000250574827B424E338803FB02F2416867
:10081000D0F8F400F0F742FCA27B338803FB02F22D
:100820002946606807F088FBA27B338802FB03F34C
:1008300003FB02F22946D4F8180107F07DFB227B66
:10084000338802FB03F3A27B03FB02F22946D4F8B0
:100850000C0107F071FB294601E00131C9B2A37B0D
:100860008B422AD9D4F8F4304FEA810E03EB810091
:10087000D0ED007AF5EE407AF1EE10FAEDD0227C60
:1008800003EB8203C3ED007A626A237CD154A26930
:10089000D4F80C31207B257C666916F801C005FB75
:1008A00000CC6FF04040604403EB80037244126858
:1008B0001A60237C01332374CFE700230FE0E06943
:1008C000616A11F803C0D4F8181102FB033201EB7E
:1008D000820200EB8C00016811600133DBB2227CE4
:1008E0009A42ECD892B2A4F87820237BA4F87A300C
:1008F000A4F88030A4F88220A4F89020A4F89220D4
:10090000A4F89830A4F89A20A4F8482070BD00BF3D
:10091000A25D03242DE9F04704460D4691461E468C
:10092000DFF8B8830423A8F80030EB4B08221A80C4
:10093000017380F80D90867300270774304607F026
:1009400043F860613246394607F0F6FAB8F800A07D
:1009500006FB0AFA504607F037F8A06152463946BE
:1009600007F0EAFAB8F800A006FB0AFA504607F0CA
:100970002BF8E0615246394607F0DEFAB8F800A0DD
:1009800005FB0AFA504607F01FF820625246394626
:1009900007F0D2FA304607F017F86062324639465F
:1009A00007F0CAFAB8F8000005FB00F007F00CF8F1
:1009B0002060B8F8002005FB02F2394607F0BCFAC7
:1009C000B8F800A006FB0AFA504606F0FDFF60608A
:1009D0005246394607F0B0FAB8F800A009FB0AFA07
:1009E000504606F0F1FFA0605246394607F0A4FADF
:1009F000B8F800A005FB0AFA504606F0E5FFC4F877
:100A0000E8005246394607F097FAD4F8E830012258
:100A1000217B04F1300006F0AFFEB8F8008005FB42
:100A200008F8404606F0D0FFC4F8EC0042463946CC
:100A300007F082FAD4F8EC300122217B04F138006F
:100A400006F09AFEB9F1000F40F04A81DFF88C827F
:100A5000B8F8007006FB07F7384606F0B5FFC4F893
:100A6000F4003A46002107F067FAD4F8F430012286
:100A7000A17B04F1480006F07FFEB8F8007005FB8A
:100A800007F705FB07F7384606F09EFFC4F8F800A5
:100A90003A46002107F050FA217BD4F8F8300A4694
:100AA00004F1500006F068FEB8F8007005FB07F787
:100AB00005FB07F7384606F087FFC4F8FC003A4606
:100AC000002107F039FA217BD4F8FC300A4604F102
:100AD000580006F051FEB8F8007005FB07F705FB5B
:100AE00007F7384606F070FF8246C4F80001384622
:100AF00006F06AFFC4F804013A460021504607F0A8
:100B00001BFAB8F8002005FB02F205FB02F20021F7
:100B1000D4F8040107F010FA217BD4F800310A461A
:100B200004F1600006F028FE217BD4F804310A4667
:100B300004F1680006F020FEB9F1000F40F0E680F5
:100B4000664FB7F800A00AFB06F909FB05F948460D
:100B500006F03AFF8046C4F80C010AFB05F006FBDC
:100B600000F006F031FFC4F810014A46002140466B
:100B700007F0E2F93A8805FB02F206FB02F20021D7
:100B8000D4F8100107F0D8F9D4F80C31227BA17BFE
:100B900004F1780006F0F0FDD4F81031A27B217B3F
:100BA00004F1800006F0E8FDB7F8008005FB08F8C6
:100BB00008FB05F8404606F007FFC4F8140142465A
:100BC000002107F0B9F9217BD4F814310A4604F169
:100BD000880006F0D1FDB7F8008006FB08F808FB96
:100BE00006F8404606F0F0FEC4F81801424600211F
:100BF00007F0A2F9A17BD4F818310A4604F190005D
:100C000006F0BAFD398801FB05F505FB06F630460E
:100C100006F0DAFEC4F81C013246002107F08CF918
:100C2000D4F81C31A27B217B04F1980006F0A4FDCE
:100C3000267B3F8806FB07F707FB06F5284606F0EC
:100C4000C3FE8046C4F82001284606F0BDFEC4F865
:100C50002401284606F0B8FEC4F82801384606F0FC
:100C6000B3FEC4F82C01384606F0AEFEC4F83001DD
:100C7000B1B243460A4604F1A00006F07DFD217B97
:100C8000D4F824310A4604F1A80006F075FD217B52
:100C9000D4F828310A4604F1B00006F06DFDD4F80E
:100CA0002C310122217B04F1B80006F065FDD4F857
:100CB00030310122217B04F1C00006F05DFD0023EC
:100CC00084F8283084F8293084F82A3084F82B30CE
:100CD00084F82C30BDE8F087A05D0324A25D0324D6
:100CE000164B1F8809FB07F7384606F06DFEC4F85F
:100CF000F0003A46002107F01FF9D4F8F030012245
:100D0000617B04F1400006F037FD9FE6B8F8002053
:100D100005FB02F202FB09F9484606F055FEC4F84D
:100D200008014A46002107F007F9D4F80831627B30
:100D3000217B04F1700006F01FFD01E7A25D032492
:100D400038B50446C37B63B1FFF758FD627B0E4B99
:100D50001B8803FB02F2A168D4F8F000F0F79EF9BB
:100D600038BD827B084D2B8803FB02F24168D0F826
:100D7000F400F0F793F9A27B2B8803FB02F2002129
:100D8000606807F0D9F8E1E7A25D032490F8283005
:100D9000B3BB70B50446437B43B3037BA0F8B830C4
:100DA0000126A0F8BA6000F1B8052A4600F130012A
:100DB000603006F03FFB84F8C800237BA4F8C03005
:100DC000A4F8C26004F1C006324604F1400104F107
:100DD000700006F02FFB84F8C80004F13802314699
:100DE000284606F0CDFC84F8C80070BD00F138023A
:100DF00000F13001603006F01DFB84F8C800F4E714
:100E00007047F8B590F8293003B1F8BD044600F1F9
:100E1000600600F168073946304606F043FA84F868
:100E2000C80004F158052A4604F15001304606F086
:100E300001FB84F8C800B4F85830A4F8A830B4F81E
:100E40006A30A4F8AA3004F1A8063246394628468A
:100E500006F0F0FA84F8C8002A4604F1880130460A
:100E600006F08EFC84F8C800CFE72DE9F84390F82F
:100E70002A300BB1BDE8F883044600F1780600F192
:100E800080073946304606F00DFA84F8C800B4F8F9
:100E90007830A4F8A830B4F85A30A4F8AA3004F195
:100EA000580804F1A8052A464146304606F0C2FA21
:100EB00084F8C800B4F8A830A4F8B030B4F8823090
:100EC000A4F8B23004F1B00632463946284606F09E
:100ED000B1FA84F8C800B4F89030A4F8A030B4F89F
:100EE0009230A4F8A23004F1A0094A4604F190011E
:100EF000304606F045FC84F8C8003146484606F006
:100F00003DFB84F8C800B4F85830A4F8A830B4F811
:100F10008230A4F8AA302A463946404606F08AFABA
:100F200084F8C80004F198023146284606F082FA97
:100F300084F8C8009EE790F82B3003B170472DE984
:100F4000F0410446B0F87830A0F8B8300126A0F897
:100F5000BA6000F1380700F1B8052A463946783002
:100F600006F068FA84F8C800B4F84830A4F8C03035
:100F7000A4F8C26004F1C0084246294604F14800C2
:100F800006F0EEF984F8C800B4F89830A4F8B83048
:100F9000A4F8BA602A46414604F1980006F04AFADD
:100FA00084F8C80004F130022946384606F0E8FB10
:100FB00084F8C800BDE8F081F8B590F82C3003B192
:100FC000F8BD0446B0F89830A0F8A830B0F87A2000
:100FD000A0F8AA20A0F8B030B0F85A30A0F8B2308B
:100FE00000F1A8073A4600F17801983006F022FA9D
:100FF00084F8C80004F1580504F1B00632462946C9
:10100000384606F017FA84F8C80004F15002314659
:10101000284606F0A5F984F8C800D1E738B504469B
:10102000FFF78EFED4F8CC300BB12046984720460F
:10103000FFF7ACFED4F8D0300BB1204698472046DD
:10104000FFF7DFFED4F8D4300BB120469847237C5D
:101050000BB9E37BCBB92046FFF707FFD4F8D830B4
:101060000BB1204698472046FFF765FFD4F8DC30E7
:101070000BB1204698472046FFF79EFFD4F8E0309A
:101080000BB120469847002319E0227B204D2B8886
:1010900003FB02F2D4F8EC10D4F8E800EFF7FEFFFF
:1010A000227B2B8802FB03F303FB02F2D4F8FC1033
:1010B000D4F8F800EFF7F2FFE0E70133DBB2227B70
:1010C0009A4214D9D4F8F81002FB033201EB8202E1
:1010D00092ED007A216A01EB8301D1ED007AB4EE42
:1010E000E77AF1EE10FAE8D5C2ED007AE5E7084BB1
:1010F0001B8803FB02F2D4F8E8102068EFF7CEFF5C
:10110000D4F8E4300BB120469847206838BD00BFC2
:10111000A25D032408B5002201210248F4F702F978
:1011200008BD00BF0008025808B501221146024858
:10113000F4F7F8F808BD00BF0008025808B500220F
:1011400008210248F4F7EEF808BD00BF0008025875
:1011500008B5012208210248F4F7E4F808BD00BFF1
:101160000008025800B587B08DF80F004FF47A736D
:10117000009301230DF117020DF10F0104480068DF
:10118000F7F74EF89DF8170007B05DF804FB00BFB5
:10119000A45D032438B50D46144640F08000FFF7E7
:1011A000E1FF06E05520FFF7DDFF05F8010B013CEC
:1011B000E4B2002CF6D138BD10B50C46FFF7D2FFD3
:1011C0002046FFF7CFFF10BD10B50C4640F0800061
:1011D000FFF7C8FF5520FFF7C5FF207010BD0000C6
:1011E00030B52DED048B89B00446C54B93E8030060
:1011F0000690ADF81C10090C8DF81E1000238DF818
:101200001F3000F0FFFFBF4B83ED000A00F0FAFF34
:10121000BC4BD3ED007A30EE670ADFEDBB7AB4EE5B
:10122000E70AF1EE10FA0CDC9FEDB80A01F044F881
:10123000002323636362A362E362B0EE689A002531
:10124000DBE0B34B6362B34BA362B34BE362B34BDC
:101250002363B34BA36194ED0C7ADFEDB26AC6EE63
:10126000877AC4ED087A09B0BDEC048B30BD9DF8D7
:101270001B301B021BB29DF81A20134307EE103AD5
:10128000A94BD3ED006AB8EEC77A27EE267A84ED33
:10129000037AD4ED097A37EE877A84ED097A9DF8DE
:1012A0001D301B021BB29DF81C20134307EE103AA1
:1012B000B8EEC77A27EE267A84ED047AD4ED0A7A5E
:1012C00037EE877A84ED0A7A9DF81F301B021BB235
:1012D0009DF81E20134307EE903AF8EEE77A67EE8A
:1012E000A67AC4ED057A94ED0B7A77EE277AC4EDF1
:1012F0000B7AE6E00023022B0DD89A1C04EB820245
:10130000516808AA02EB830242F8141C42F8201C20
:101310000133DBB2EFE7B0EE688A78EEC86A834B40
:10132000C3ED006A00233BE00133DBB2022B24D87B
:1013300019469A1C04EB8202D2ED017A08AA02EB4C
:10134000830212ED057AF4EEC77AF1EE10FA04DDAD
:1013500008AA02EB830242ED057A08AA02EB810299
:1013600012ED087AF4EEC77AF1EE10FADCD508AA8D
:1013700002EB810141ED087AD6E7F0EE498ACCE72D
:1013800008AA02EB830252ED057A12ED087A77EE95
:10139000C77A674A02EB8302C2ED007A0133DBB2FF
:1013A000022BEDD9DFED637AF4EEE76AF1EE10FA85
:1013B00000F39C805E4B93ED007ADFED5F7AB4EE34
:1013C000E77AF1EE10FA00F3918093ED017AB4EE32
:1013D000E77AF1EE10FA00F3898093ED027AB4EE29
:1013E000E77AF1EE10FA00F381809FED540A00F0E5
:1013F00063FF0135ADB2B0EE689A41F287339D428A
:1014000072D8FFF787FE9220FFF7ACFE062206A9EE
:101410001220FFF7BFFEFFF787FE9DF819301B0271
:101420001BB29DF81820134300EE103AB8EEC00A24
:10143000434AD2ED007A20EE270A84ED000A9DF897
:101440001B301B021BB29DF81A100B4307EE103A1B
:10145000D2ED006AB8EEC77A27EE267A84ED017ADB
:101460009DF81D301B021BB29DF81C20134307EE94
:10147000903AF8EEE77A67EEA67AC4ED027A20EEAB
:10148000000A27EE077A30EE070A67EEA77A30EEF9
:10149000270A0CF071FCF0EE408AD4ED0C7A77EE5E
:1014A000807AC4ED0C7AFFF749FE082206A90020D5
:1014B000FFF770FEFFF74CFE9DF818300F2B3FF43E
:1014C000D6AE002D3FF416AFB4EEE89AF1EE10FA66
:1014D00001D5B0EE689AB4EEE88AF1EE10FA01DDBB
:1014E000B0EE688A002321E7F0EE498AD4ED0C6A59
:1014F0009FED147AC6EE877AC4ED0C7A002331E0B2
:1015000078040208005E0324000048430AD7A33B86
:1015100012D358BBF69A1CBAEA5835BADBB41B4151
:1015200000002042C3F51C419C010024EC5D032413
:10153000F05D03249A99993ECDCCCC3D6F12033ACD
:101540009801002400409C4503F1080204EB82024C
:10155000D2ED016A1FED057AC6EE877AC2ED017AF7
:101560000133DBB2022BEFD9FFF7D4FDA220FFF746
:10157000F9FD022206A92220FFF70CFEFFF7D4FD99
:101580009DF818209DF819305B0943EAC203B3F5B2
:10159000806F01DBA3F5006307EE903AF8EEE77A7F
:1015A000B4EE007A67EE877AB3EE077A77EE877A41
:1015B000C4ED067A2D4A1388013313802C4B93ED2A
:1015C000007ADFED2C7AB4EEE77AF1EE10FA3FF70D
:1015D0001DAED4ED0C7A9FED287A77EEC77AF0EE47
:1015E000E77AB6EE007AF4EEC77AF1EE10FA3FF73A
:1015F0000DAE224B93ED007ADFED217AB4EEE77A5F
:10160000F1EE10FA3FF702AE93ED017AB4EEE77A0D
:10161000F1EE10FA3FF7FAAD93ED027AB4EEE77A05
:10162000F1EE10FA3FF7F2ADD4ED097AF0EEE77A79
:101630009FED147AF4EEC77AF1EE10FA3FF7E6ADBB
:10164000D4ED0A7AF0EEE77AF4EEC77AF1EE10FA0A
:101650003FF7DCADD4ED0B7AF0EEE77AF4EEC77A23
:10166000F1EE10FA3FF7D2ADF5E500BFE85D0324D7
:10167000EC5D03249A99993ECDCC1C41F05D032486
:10168000CDCCCC3D0AD7233C70B5FFF743FD80207D
:10169000FFF768FD5520FFF765FD5520FFF762FD58
:1016A000464C2070FFF740FD0120F1F703FBFFF7E8
:1016B00031FD8020FFF756FD5520FFF753FD5520E3
:1016C000FFF750FD2070FFF72FFD0120F1F7F2FA30
:1016D000FFF720FDB6217E20FFF76EFDFFF724FD0A
:1016E0005020F1F7E7FAFFF715FD8020FFF73AFDEC
:1016F0005520FFF737FD5520FFF734FD2070FFF729
:1017000013FD0120F1F7D6FAFFF704FD8020FFF763
:1017100029FD5520FFF726FD5520FFF723FD2070FA
:10172000FFF702FD0120F1F7C5FA23781E2B42D105
:10173000234B00221A7002E00133214A1370204B20
:101740001B78052B35D8FFF7E5FC1D4D2B781D4C7C
:1017500003EB4303E2185178E05CFFF72DFDFFF740
:10176000E3FC0120F1F7A6FAFFF7D4FC2B7803EB9A
:101770004303E05C40F08000FFF7F4FC5520FFF7E6
:10178000F1FC5520FFF7EEFC0C4E3070FFF7CCFC5F
:101790000120F1F78FFA2B7803EB430214446178B0
:1017A00032789142C8D0A2780749087802430A707B
:1017B000C2E7002070BDFF20FCE700BFFC5D0324F2
:1017C000045E0324EC090208EA5D032470B5FFF708
:1017D000B5FC3F4C21460020FFF7F6FCFFF7B8FCB4
:1017E0000120F1F767FAFFF7A9FC21460020FFF777
:1017F000EBFCFFF7ADFC0120F1F75CFAFFF79EFC74
:10180000B6211420FFF7D8FCFFF7A2FC5020F1F717
:1018100051FAFFF793FC21460020FFF7D5FCFFF7B4
:1018200097FC0120F1F746FAFFF788FC21460020DB
:10183000FFF7CAFCFFF78CFC0120F1F73BFA237895
:101840000F2B42D1234B00221A7003E0214A137858
:10185000013313701F4B1B78052B34D8FFF76EFC38
:101860001C4D2B781C4C03EB4303E2185178E05CD1
:10187000FFF7A2FCFFF76CFC0120F1F71BFAFFF762
:101880005DFC134E2B7803EB43033146E05CFFF71E
:101890009BFCFFF75DFC0120F1F70CFA2B7803EBC2
:1018A00043021444617832789142CFD0013BDBB2DD
:1018B0002B7003EB4303094A13449B78084A1178C1
:1018C0000B431370C2E7002070BDFF20FCE700BF90
:1018D000FC5D0324045E0324000A0208EC090208EC
:1018E000EA5D032410B50A4B18600A4C00232370EC
:1018F000FFF7CAFE237818432070FFF767FF2378AD
:10190000184320700448FFF76BFC207810BD00BF1F
:10191000A45D0324EA5D0324A85D032438B50546CD
:10192000FFF7F8FB9220FFF71DFC734C06222146BF
:101930001220FFF72FFCFFF7F7FB63781B021BB2A7
:10194000227813436D4A138007EE903AF8EEE77A57
:101950006B4991ED007A67EE877A95ED087A67EE2C
:10196000877AC5ED007AE3781B021BB2A0780343A7
:101970001380D1ED006A07EE903AF8EEE77A67EE51
:10198000A67A67EE277AC5ED017A63791B021BB24E
:1019900021790B43138007EE903AF8EEE77A67EE71
:1019A000A67A67EE277AC5ED027AFFF7C7FB082211
:1019B00021460020FFF7EEFBFFF7CAFB23780F2B31
:1019C0002BD0FFF7A7FBA220FFF7CCFB4A4C02224B
:1019D00021462220FFF7DEFBFFF7A6FB2278637883
:1019E0005B0943EAC203454A1380B3F5806F02DB0B
:1019F000A3F500631380414BB3F9003007EE903A32
:101A0000F8EEE77AB4EE007A67EE877AB3EE077AFB
:101A100077EE877AC5ED077A38BD3A4B1B78002BF5
:101A20003AD0E3781B021BB2A1780B4333490B80F9
:101A30003548D0ED006A07EE903AB8EEE77A27EE27
:101A4000267AD5ED097A37EE677A85ED037A6379E0
:101A50001B021BB2207903430B8007EE903AB8EECD
:101A6000E77A27EE267AD5ED0A7A37EE677A85EDA2
:101A7000047AE3791B021BB2A27913430B8007EEB1
:101A8000903AF8EEE77A67EEA67A95ED0B7A77EE64
:101A9000C77AC5ED057A94E7174AD3781B021BB2C3
:101AA00091780B4315490B801748D0ED006A07EE7B
:101AB000903AB8EEE77A27EE267A85ED037A5379E5
:101AC0001B021BB2107903430B8007EE903AB8EE6D
:101AD000E77A27EE267A85ED047AD3791B021BB2CA
:101AE000927913430B8007EE903AF8EEE77A67EEAF
:101AF000A67AC5ED057A64E7E05D0324DC5D032486
:101B000098010024A00100249C01002438B504465B
:101B100015460B4B19600021596099600822DA6064
:101B2000196159619961D96119622046F3F704F985
:101B30000028FAD02A4602492046F2F7C0FF38BDF5
:101B4000085E0324F0B59BB0002412941394022580
:101B500014950126159616941794254F12A9384608
:101B6000F2F734FF009423462A4629463846F2F716
:101B700071FF224631463846F3F7E4F83846F2F76B
:101B800084FF0A940B960C950D950E940F94194FA3
:101B90000AA93846F2F71AFF009423462A46294636
:101BA0003846F2F757FF224610213846F3F7CAF8B5
:101BB0003846F2F76AFF0294039504950596069459
:101BC00007940D4F02A93846F2F700FF0094234610
:101BD0002A4629463846F2F73DFF22463146384626
:101BE000F3F7B0F83846F2F750FF1BB0F0BD00BF76
:101BF000C80F0024681000240811002410B58CB010
:101C0000044602E0114B9C4212D040212046F3F7DB
:101C100085F8C0B16B4602AA40212046F2F78AFF40
:101C20000B4B9C42EED16946029800F07DFDE9E73E
:101C30000298092803D0694601F0A8F8E5E769464B
:101C400000F0EFF9E1E70CB010BD00BF081100246F
:101C5000C80F002410B58CB0044602E0144B9C421F
:101C600012D041212046F3F759F8F8B16B4602AA89
:101C700041212046F2F75EFF0E4B9C42EED16946B1
:101C8000029800F051FDE9E76946029801F07EF8FC
:101C9000094B9C42E5D10298092803D0694601F01E
:101CA00075F8DEE7694600F0BCF9DAE70CB010BD64
:101CB00068100024C80F00240811002407EE900AC1
:101CC00070EEC00AF8EEE77A67EEA00A01238B40B7
:101CD000013B07EE903AF8EEE77A80EEA77A37EE0E
:101CE000000A7047034611484068F0B100B583B060
:101CF0004FF0CC0C8DF800C08DF801308DF802103B
:101D0000DD238DF8033000238DF804308DF8053085
:101D10008DF806308DF8073001926A46034B19782A
:101D2000FFF7F4FE03B05DF804FB70472C5E03245C
:101D3000024B187059705A60184670472C5E032485
:101D400008B500221146FFF7CDFF08BD08B50220F7
:101D5000FFF7F6FF08BD08B50320FFF7F1FF08BD48
:101D600070B52DED028B82B00346C278807840EAD0
:101D70000220ADF800005A791D7945EA0225ADF838
:101D80000250DA799C7944EA0224ADF80440DFED90
:101D9000138A9FED138A1021F0EE680AB0EE480A0C
:101DA000FFF78CFF0F4E86ED080A1021F0EE680A4F
:101DB000B0EE480A2846FFF781FF86ED090A102198
:101DC000F0EE680AB0EE480A2046FFF777FF86ED8E
:101DD0000A0A02B0BDEC028B70BD00BF33336B4307
:101DE00033336BC32C5E032470B52DED028B82B0B0
:101DF0000346C278807840EA0220ADF800005A79A4
:101E00001D7945EA0225ADF80250DA799C7944EA59
:101E10000224ADF80440DFED138A9FED138A1021F0
:101E2000F0EE680AB0EE480AFFF748FF0F4E86ED65
:101E3000050A1021F0EE680AB0EE480A2846FFF7BE
:101E40003DFF86ED060A1021F0EE680AB0EE480A62
:101E50002046FFF733FF86ED070A02B0BDEC028B88
:101E600070BD00BF1F850B421F850BC22C5E032473
:101E700070B52DED048B84B00346C278807840EABB
:101E8000022001905A791E7946EA02260296DA79F2
:101E90009D7945EA022503951021DFED2B0A9FED80
:101EA0002B0AFFF70BFF2A4C84ED030ADFED298A8A
:101EB0009FED299A1021F0EE680AB0EE490A3046EB
:101EC000FFF7FCFEB0EE408A84ED040A1021F0EE2C
:101ED000680AB0EE490A2846FFF7F0FE84ED020AD0
:101EE000D4ED117A78EE677AF4EEE87AF1EE10FA32
:101EF00018DDD4ED127AB7EE007A77EEC77AC4ED2A
:101F0000127A134BD3ED127A9FED147A67EE877A2B
:101F100078EE277AC3ED107A83ED118A04B0BDEC18
:101F2000048B70BD9FED0C7AF4EEC77AF1EE10FAD7
:101F3000E7D5074BD3ED127AB7EE007A77EE877AC2
:101F4000C3ED127ADDE700BF0000B4420000B4C266
:101F50002C5E032400003443000034C30000B4436B
:101F6000F8B590F801C08678B21002F03E02360350
:101F700006F44056C37846EA0316037946EA131678
:101F80009D0205F47055437945EA8305837945EA56
:101F900093151C0204F47C54C3791C430E21F7EE04
:101FA000000ABFEE000A42EA8C10FFF787FE114FCD
:101FB00087ED0B0A0E21F7EE000ABFEE000A30464D
:101FC000FFF77CFE87ED0C0A0E21F7EE000ABFEE4C
:101FD000000A2846FFF772FE87ED0D0A0E21F7EE84
:101FE000000ABFEE000A2046FFF768FE87ED0E0AE2
:101FF000F8BD00BF2C5E032408B50378013B032B1A
:1020000005D8DFE803F00205080BFFF7A9FE08BDBD
:10201000FFF7EAFEFBE7FFF72BFFF8E7FFF7A0FF6C
:10202000F5E7092805D108B50846FFF7E5FF0020C8
:1020300008BD4FF0FF3070470E4B1B78C3B982B01C
:102040000C4B01221A700C4B5B680193019A0B4BED
:102050001B689A4203D20A4A136801331360064B85
:102060005A68064B1A60034B00221A7002B0704780
:10207000704700BFA05E0324001000E0985E0324B8
:102080009C5E032408B54FF0E022D2F8FC3D43F0FB
:102090008073C2F8FC3D0E4B002159601A6842F073
:1020A00001021A600B4B03FB00F00B4B18600B4B4B
:1020B000A3FB00239B090A4A13600A4BA3FB0030D1
:1020C000800C094B1860094B1960FFF7B5FF08BD7C
:1020D000001000E040420F00A45E0324D34D6210C4
:1020E000A85E032483DE1B43AC5E03249C5E0324B2
:1020F00000B52DED028B83B00D4B5B680193019B06
:1021000002689B1A07EE903AF8EE677A094B93ED56
:10211000007AB8EE477A87EE878A019B0360FFF763
:102120008BFFB0EE480A03B0BDEC028B5DF804FBF8
:10213000001000E0A45E03242DE9F04182B0274B9B
:102140005B680193FFF778FF254B1C680026650844
:10215000E3071B1B65F10005DB186D411C1945F1F8
:102160000005019BE41845F100071E4B1C605F60F1
:102170001D4B1D682A46334620463946EEF70CFEB5
:102180001A4A10605160A5FB003205FB0125E41AD4
:1021900067EB0505164B1C605D60DFF86480C8F8CE
:1021A0000000144B1F683A46334620462946EEF796
:1021B000F3FD80B2A8F8040007FB00F0201A65F1D7
:1021C00000010D4B186059600C4B1A683346EEF74E
:1021D000E3FDA8F8060002B0BDE8F081001000E0C1
:1021E0009C5E0324905E0324A45E0324785E032493
:1021F000805E0324A85E0324885E0324AC5E03246F
:10220000B45E032408B5FFF797FF0E4B9A8800EEE3
:10221000102AB8EEC00ADFED0C7A60EE277A93ED53
:10222000007AB8EE470A30EE270ADB8807EE903ACC
:10223000F8EEE77A9FED057A67EE877A30EE270AA7
:1022400008BD00BFB45E03246F12833ABD378635E4
:1022500008B5FFF771FF0B4A116893884FF47A7045
:1022600000FB013300EE103AB8EE400AD38807EEC7
:10227000903AF8EEE77A9FED047A67EE877A30EECF
:10228000270A08BDB45E03246F12833A08B5FFF72E
:1022900053FF074A106893884FF47A7101FB03F3E8
:1022A000044901FB0033D0881844002108BD00BF59
:1022B000B45E032440420F0082B0114B5B6801936F
:1022C00017E00F4B5B68019A9B1A0E4AD2ED007A19
:1022D000F8EE677A67EE807A07EE103AB8EE477A42
:1022E000B4EEE77AF1EE10FA4CBF01220022064B61
:1022F0001A70054B1B78002BE3D102B0704700BF6A
:10230000001000E0A45E0324B05E032420B1007836
:10231000003818BF012070474FF0500383F3118835
:10232000BFF36F8FBFF34F8FFEE780B110B50C4640
:1023300013460246A1B1E3B1816819B3007E18B318
:1023400052681846EEF7AAFE0020207010BD4FF02C
:10235000500383F31188BFF36F8FBFF34F8FFEE7F6
:102360004FF0500383F31188BFF36F8FBFF34F8F8C
:10237000FEE74FF0500383F31188BFF36F8FBFF375
:102380004F8FFEE70120E1E70B20DFE730B170B5AA
:102390000D460446836853B10B2070BD4FF05003C7
:1023A00083F31188BFF36F8FBFF34F8FFEE7406851
:1023B000FAF7DAFB064608B36268002105F0BCFDB7
:1023C0000820FAF7D1FB014688B1A660E5610C4B05
:1023D0001A465B68002BFBD113686BB151600C602F
:1023E000002048606062A062A085E085D5E73046A5
:1023F000FAF738FC0520D0E71146F0E70520CCE7D6
:10240000BC5E0324F8B5F8B10F461646054643698D
:102410001D2B25D81020FAF7A7FB044608B300238C
:10242000037047608660C3602B69B3B1D8602861D0
:102430006B6901336B612B7E9BB101232370A36811
:102440007BB1A86898470CE04FF0500383F31188E4
:10245000BFF36F8FBFF34F8FFEE72861E860E7E7B8
:1024600000242046F8BDA0B170B50546D1B1806802
:10247000002836D06E7E002E35D1EB8D103305EB63
:1024800043039A8801329A806A68EEF707FEEC6887
:1024900012E04FF0500383F31188BFF36F8FBFF347
:1024A0004F8FFEE74FF0500383F31188BFF36F8F18
:1024B000BFF34F8FFEE7E4683CB1012323706068EF
:1024C0000028F8D0FAF72FF8F5E701232B76EC680F
:1024D00000E0E46844B1A368002BFAD0A8689847EC
:1024E000F7E7012600E00B26304670BD08B5BDEECB
:1024F000C07AF8EEC77A70EE677ADFED0E6A67EEA3
:10250000A67AFDEEE77A17EE903A17EE102A002A27
:10251000B8BF5242002BB8BF5B42B5EEC00AF1EE25
:1025200010FA03D4044905F0E3FD08BD034905F0A2
:10253000DFFDFAE700007A441C0A0208140A0208C8
:1025400090F83230012B2CD05AB2002A50D0023BE6
:10255000DBB2012B4CD890F82C30042B12D8013B65
:10256000DBB24A68012A0BD0012222494FF0010C4C
:1025700001F802C080F8313080F8302000230BE0F1
:102580000422F2E7053BDBB24A68012A01D00022AF
:10259000EBE70322E9E70133174A12789A42FAD8A7
:1025A000704790F82C301A1FD2B2042A12D8053B7B
:1025B000DBB24A68012A0BD000220E494FF0010C11
:1025C00001F802C080F8313080F8302000230BE0A1
:1025D0000322F2E7093BDBB24A68012A01D002225A
:1025E000EBE70522E9E70133034A12789A42FAD869
:1025F000704700BFE05E0324DC5E032400B5B0F842
:102600001CC0A0F81EC00B784A7842EA03228283DD
:1026100007EE902AF8EE677ADFED3D6A67EEA66A6C
:10262000C0ED026AB0F9203007EE903AF8EEE77A92
:102630009FED386A27EE867A91F802E0CB7843EA7C
:102640000E231BB207EE903AF8EEE77ADFED325A2E
:1026500067EEA57A77EE277AFDEEE77A17EE903AE5
:102660000384D0ED037A27EE867A91F802E0CB78E6
:1026700043EA0E231BB207EE903AF8EEE77A9FED9D
:10268000276A67EE867A77EE277AC0ED037AB0F98B
:10269000223007EE903AF8EEE77A9FED217A27EEA6
:1026A000877A91F804E04B7943EA0E231BB207EED8
:1026B000903AF8EEE77A9FED1B6A67EE867A77EE3E
:1026C000277AFDEEE77A17EE903A43848B7980F80B
:1026D0002430A2EB0C02B2F5805F11DD4369013BAF
:1026E000436143694FF4B47202FB03F307EE903A7F
:1026F000F8EEE77A77EEA67AC0ED047A5DF804FB8F
:1027000012F5805FEDDA436901334361E9E700BF09
:10271000ACFF333D9899193E9A99593F3433A34001
:10272000D0CCCC3D6666663F08B58446002300E009
:102730000133084A12789A4209D9074A52F823000D
:10274000C26A6245F4D1FFF759FF002001E04FF063
:10275000FF3008BDDC5E0324C45E0324002380F840
:1027600033307047012380F83330704770B58CB038
:10277000002500E00135324B1B78AB423BD9314B91
:1027800053F82540002C58D00DF1100C04F1080E20
:10279000BEE80F00ACE80F009EE80F008CE80F00C9
:1027A000A66B0CAB13E90F008DE80F0004AB0FCB49
:1027B000B04794F8302094F831C04FEA4C01C0F390
:1027C000072602EB420E204B03EB8E0303EB4C0E6D
:1027D0008EF8046001310B44187194F83330002BEB
:1027E000C8D102EB4202184B03EB820204320023F1
:1027F00022F81C30BEE700240BE0134B04EB44012D
:1028000003EB8102043253F821101048FFF77EF9E0
:102810000134052C11D80E4B1B5D002BF8D0022C77
:10282000EBD8094B04EB440103EB8102043253F86B
:1028300021100648FFF76AF9EAE70CB070BD00BF47
:10284000DC5E0324C45E0324A4010024C80F00241A
:10285000E05E032470B505460E463C20FAF784F985
:10286000044620B3184B1B78052B2BD83C220021A3
:1028700005F062FB2B7884F83230EB68E362A663E4
:102880006B6823716B68022B16D0032B17D0012BBA
:102890000FD029462046FFF753FE2046FFF762FF80
:1028A000094A1378591C1170084A42F823402046FF
:1028B00070BD074B2360ECE7064B2360E9E7064B4E
:1028C0002360E6E70024F2E7DC5E0324C45E032411
:1028D000C80F0024681000240811002407EE900A95
:1028E00070EEC00AF8EEE77A67EEA00A01238B408B
:1028F000013B07EE903AF8EEE77A80EEA77A37EEE2
:10290000000A704731EE601A30EE600A01238340FE
:10291000013B07EE903AF8EEE77A60EE277A87EE11
:10292000817AFDEEC77A17EE903A98B270470000B0
:1029300038B505460C468368C3600B7803F00F0377
:1029400003710B781B09437148788B781021DFEDF8
:102950001B0A9FED1B0A43EA0020FFF7BFFF85ED2E
:10296000020AE07823791B090C21F2EE0E0ABAEE76
:102970000E0A43EA0010FFF7B1FF85ED040A237940
:102980001B0203F4706360790C21F1EE0C0AB9EEBE
:102990000C0A1843FFF7A2FF85ED050AA37907EE9D
:1029A000903AF8EE677AC5ED067AE37907EE903A49
:1029B000F8EE677AC5ED077A38BD00BF280FC94029
:1029C000280FC9C084B02DE9F0412DED048B0AAC6D
:1029D00084E80F00209C9DF85530012B00F0C98041
:1029E000022B00F0E5802BB1BDEC048BBDE8F0417B
:1029F00004B070479DED1B0ADFED757AB4EEE70A6F
:102A0000F1EE10FA09D9DFED737AB4EEE70AF1EED0
:102A100010FA04DBB0EE670A01E09FED6D0A8DED60
:102A20001B0ADDED1C9AFAEE0E7AF4EEE79AF1EE4F
:102A300010FA09D9F2EE0E7AF4EEE79AF1EE10FAF6
:102A400004DBF0EE679A01E0FAEE0E9ACDED1C9AE7
:102A5000DDED1D8AF5EEC08AF1EE10FA09D9DFED41
:102A60005E7AF4EEE78AF1EE10FA04DBF0EE678AA4
:102A700001E0DFED5A8ACDED1D8A9DED1E8AB5EE8F
:102A8000C08AF1EE10FA09D9F1EE047AB4EEE78AC1
:102A9000F1EE10FA04DBB0EE678A01E09FED4F8A99
:102AA0008DED1E8A9DED1F9AF9EE0C7AB4EEE79A31
:102AB000F1EE10FA09D9F1EE0C7AB4EEE79AF1EEE4
:102AC00010FA04DBB0EE679A01E0B9EE0C9A8DEDD6
:102AD0001F9A10209FED3F1ADFED3D0AFFF712FF0E
:102AE00080463F4B18800C20B2EE0E1AFAEE0E0A0A
:102AF000B0EE690AFFF706FF07463A4B1880DFED94
:102B0000379A0C209FED341AF0EE690AB0EE680A8D
:102B1000FFF7F8FE0646344B18800C20B1EE041A7D
:102B2000F0EE690AB0EE480AFFF7ECFE05462F4BBF
:102B300018800C20B1EE0C1AF9EE0C0AB0EE490A1E
:102B4000FFF7E0FE03462A4A10804FEA182222705F
:102B500084F801803A09A270300A40EA0717E7704A
:102B600026712A096271180A40EA0515A571E371F8
:102B70003AE7204B1BAA1A601F4B1CAA1A609DF84B
:102B80006C3023709DF86D3063709DF86E30A370CB
:102B90009DF86F30E3709DF8703023719DF87130AF
:102BA00063719DF87230A3719DF87330E3711BE778
:102BB000114B1CAA1A609DF8703023709DF871307B
:102BC00063709DF87230A3709DF87330E3700BE76B
:102BD000280FC9C0280FC9400000FA4300000000B8
:102BE0006A6003247260032468600324666003241F
:102BF000706003246C6003247460032470B52DEDB1
:102C0000028BA6B004460DF1780C00F1040EBEE86C
:102C10000F00ACE80F009EE80F008CE80F00FFF7F4
:102C200035FB636A013B504D9E0005EB830393ED3A
:102C3000008AEEF76BF807EE900A77EEC87A4B4BF6
:102C40003344C3ED007AFFF721FB636A013B05EBD8
:102C50008305EEF75BF82860E56BEC460DF1840E1A
:102C6000BEE80F00ACE80F00DEF80030CCF8003012
:102C70001EAB0ECB14A8A84794F82F2094F82E3042
:102C80009A4213D1FC2B38D0FD2B24D1384A4FF077
:102C9000FF311160C2F80310D371616A2068FEF73A
:102CA00035FF94F82F3084F82E3014E0304B4FF07D
:102CB000FF311960C3F80310DA7194F82D30012B3D
:102CC0000DD094F82D3093B194F82F3084F82E3035
:102CD000606BF9F728FC26B0BDEC028B70BD616A11
:102CE000234A01F580712068FEF710FFE9E7204ACA
:102CF000616A2068FEF70AFFE6E719AD14AE0FCE51
:102D00000FC533682B601A4B12930DAD19AE0FCE61
:102D10000FC533682B606D4604F1100CBCE80F0042
:102D20000FC5BCE80F000FC5BCE80F000FC5DCF8ED
:102D300000302B6094E80F00FFF744FE94F82D302C
:102D4000012B09D094F82D30002BC4D1084A616AB8
:102D50002068FEF7DBFEBEE7616A054A01F5807177
:102D60002068FEF7D3FEEDE754600324446003249B
:102D7000E85E032408B590F82E308B4205D080F829
:102D80002F101421406BF9F79FFB08BD08B50020F8
:102D900000E001300D4B1B78834213D900EB001388
:102DA0000B4A02EB83035A6A0B7803F00F039A4233
:102DB000EFD100EB0010064B03EB8000FFF7B8FDEE
:102DC000002001E04FF0FF3008BD00BF6560032424
:102DD000F05E032410B50A4C23785A1C227003EBD2
:102DE00003139A0007481044FFF708FF2278064BA8
:102DF0001B789A4200D010BD00222270FBE700BF72
:102E000064600324F05E03246560032410B500248D
:102E100008E004EB04129300FC2105481844FFF776
:102E2000A9FF0134034B1B78A342F2D810BD00BFA9
:102E3000F05E03246560032410B5002408E004EB71
:102E400004129300FD2105481844FFF793FF013455
:102E5000034B1B78A342F2D810BD00BFF05E0324E1
:102E60006560032470B582B00546404B1C7802783B
:102E700004EB04103E4B03EB800383F82C20EA683C
:102E80009A62AA685A62D9633A4A1A646B68022B3A
:102E900039D0032B3ED0012B30D000230093019377
:102EA00001216846F9F7E4FA314E04EB041406EB0D
:102EB000840460632D4B1B7803EB031206EB820244
:102EC000FD2182F82E1082F82F101046FFF752FFD6
:102ED0002B7C33BB254B1B7803EB031306EB8303DF
:102EE000002283F82D20214B1878421C1A7000EB29
:102EF00000101F4B03EB800002B070BD1C4A1E493E
:102F000042F82010C9E704EB0413194A1B4942F8A0
:102F10002310C2E704EB0413154A194942F82310A1
:102F2000BBE7012B0CD0022B15D0104B1B7803EB09
:102F300003130F4A02EB8303002283F82D20D2E70C
:102F40000A4B1B7803EB0313094A02EB83030122AC
:102F500083F82D20C7E7054B1B7803EB0313044AC6
:102F600002EB8303022283F82D20BCE76560032473
:102F7000F05E0324752D0108C80F0024681000249A
:102F80000811002408B50F4B984203D00E4B98420D
:102F90000CD008BD002210210C48F2F7C3F9002222
:102FA0004FF480410A48F2F7BDF9F2E70022102100
:102FB0000648F2F7B7F900224FF480410448F2F7CF
:102FC000B1F9E6E720270024B4270024000C0258BA
:102FD00000040258004870477860032410B590F848
:102FE00000C043784CEA032CCCF30A0C644CA4F8E0
:102FF00000C0ACF5806C1FFA8CFCA4F800C04178CE
:103000008378C90841EA4311C1F30A016180A1F53F
:10301000806189B261808378C2789B0943EA820328
:10302000027943EA8223C3F30A03A380A3F58063F2
:103030009BB2A380027990F805E0520842EACE12D2
:10304000C2F30A02E280A2F5806292B2E2800CF141
:10305000050C1FFA8CFCBCF10A0F03D84FF0000CD2
:10306000A4F800C0053189B20A2902D844490024D5
:103070004C8005339BB20A2B02D8414B002199802A
:10308000053292B20A2A02D83D4B0022DA804279F8
:1030900092093B4B1A724279C2F301125A72B3F988
:1030A0000030002BB8BF5B429BB207EE903AF8EEBF
:1030B000E77A9FED347AF4EEC77AF1EE10FA55DC38
:1030C0002F4BB3F90230002BB8BF5B429BB207EE27
:1030D000903AF8EEE77AF4EEC77AF1EE10FA45DCB2
:1030E000274BB3F90430002BB8BF5B429BB207EE0D
:1030F000903AF8EEE77AF4EEC77AF1EE10FA35DCA2
:103100001F4BB3F90630002BB8BF5B429BB207EEF2
:10311000903AF8EEE77AF4EEC77AF1EE10FA25DC91
:103120008279C37942EA0322154C6281027A417A9C
:1031300042EA0122A281027BA273427BE273827B7C
:10314000C17B42EA01222282027C417C42EA0122C6
:1031500012B26282A2F58062628204F1140C0FCC7A
:10316000ACE80F002368CCF8003008E0044B0022E4
:103170001A605A609A60DA601A614FF0FF3010BD31
:10318000786003240000254438B58446B64B0068B7
:1031900018609CF804201A71BCF8053040F20E2229
:1031A00093424FD8B3F5007F3ED840F201129342CC
:1031B00066D0B3F5817F0FD3B3F5827F65D040F23F
:1031C0000512934240F0D980A84BBCF807109CF838
:1031D000092019809A70D0E0022B4CD0032B13D118
:1031E000A34CDCF80700DCF80B10DCF80F20DCF84F
:1031F00013300FC4DCF81700DCF81B10DCF81F20BC
:10320000DCF823300FC4B8E0012B40F0B680994BB6
:10321000DCF80700DCF80B1003C3BCF80F109CF8B7
:10322000112019809A70A8E0A3F201230D2B00F25F
:10323000A480DFE803F032444F58A26368737B80B8
:1032400088A3A8B040F20932934200F29680B3F509
:10325000407F40F29280A3F20133082B00F28D8070
:10326000DFE813F09E00A500C500D200E400F400E2
:10327000FB003C0156019CF807207F4B1A707CE054
:10328000DCF807207D4B1A6077E07D4BBCF8071017
:103290009CF8092019809A706FE07A4D2B46DCF873
:1032A0000700DCF80B10DCF80F2007C39CF8132094
:1032B0001A70754C95E80F0007C423705DE0734CDD
:1032C000DCF80700DCF80B10DCF80F20DCF813301A
:1032D0000FC452E06E4BDCF80700DCF80B10DCF892
:1032E0000F2007C349E06B4BDCF807001860BCF8FF
:1032F0000B109CF80D2099809A713EE09CF80720F5
:10330000654B1A7039E0654BDCF807001860BCF8B3
:103310000B109CF80D2099809A712EE0604BDCF820
:1033200007001860BCF80B209A8026E0DCF8072024
:103330005C4B1A6021E05C4BDCF807001860BCF8BD
:103340000B209A8019E00CF1070E584C0CF1270560
:10335000A446DEF80000DEF80410DEF80820DEF8EF
:103360000C30ACE80F000EF1100E6446AE45EFD104
:10337000DEF80000DEF8041003C438BD9CF8072016
:103380004B4B1A70F9E74B4BDCF807001860BCF8A0
:103390000B209A80F1E79CF80720474B1A70ECE766
:1033A00076220CF107014548EDF778FEE5E7444C3D
:1033B000DCF80700DCF80B10DCF80F20DCF8133029
:1033C0000FC4DCF81700DCF81B10DCF81F2007C462
:1033D000BCF823302380002306E0394A52F823103A
:1033E000384A42F823100133062BF6DDC5E7364B89
:1033F000DCF80700DCF80B1003C3BCF80F109CF8D6
:10340000112019809A70B8E7304B1C46DCF8070091
:10341000DCF80B10DCF80F2007C41B4C07CBC4F8FA
:103420001D00C4F82110C4F82520A6E7284CDCF8BC
:103430000700DCF80B10DCF80F20DCF813300FC4A9
:10344000DCF81700DCF81B1003C496E7214BDCF80E
:103450000700DCF80B1003C38FE769220CF10701AA
:103460001D48EDF71BFE88E750620324206103240A
:103470004861032468610324446103242461032414
:1034800030630324E8630324586203243062032476
:10349000DC630324C46003249C61032400640324CC
:1034A00040620324406303241861032474610324ED
:1034B0004C620324F86303244862032464630324F6
:1034C000F860032428610324A061032434630324E7
:1034D00018620324CC600324AC6103240CF1070EB2
:1034E000164C0CF12705A446DEF80000DEF80410A7
:1034F000DEF80820DEF80C30ACE80F000EF1100EFC
:103500006446AE45EFD1BEF80030ACF8003034E789
:103510000B4CDCF80700DCF80B10DCF80F20DCF8B3
:1035200013300FC4DCF81700DCF81B10DCF81F2088
:1035300007C4BCF8233023801FE700BFD4600324F6
:103540004463032470B506460D46002422E0A52AF4
:1035500006D0554B002283F88D2083F88E2017E08B
:10356000514BB3F88D10481CA3F88D0019444A71D3
:1035700001221A710CE04C4B1968A1F80120B3F834
:103580008D10481CA3F88D0019444A7102221A714B
:103590000134A4B2AC4280F08680325D424B1B798C
:1035A000052B7AD801A151F823F000BF4F3501084F
:1035B00077350108C53501080136010817360108BD
:1035C0004F360108384B1868B0F8011041EA022163
:1035D000A0F80110B3F88D10481CA3F88D00194411
:1035E0004A711B68B3F801307E2B03D82E4B03229F
:1035F0001A71CDE78F2200212B4804F09DFCC7E70C
:10360000294BB3F88D10481CA3F88D0019444A715A
:1036100004221A71BCE7244BB3F88D10481C1FFA22
:1036200080FCA3F88D000B445A71BCF1050FAFD19B
:1036300005211E48FDF790F818B11B4B05221A71A1
:10364000A6E78F220021184804F076FCA0E7164B6D
:10365000B3F88D001968B1F801300933984206D2E9
:10366000114B00F1010CA3F88DC003445A710E4BAD
:10367000B3F88D30B1F8011009318B4288D30B4873
:10368000FDF79AF828B98F220021074804F054FC6E
:103690007EE70648FFF778FDF5E78F220021024814
:1036A00004F04AFC74E770BDA0620324A562032401
:1036B00010B588B000238DF807300EE04FF0600C95
:1036C00014E04FF0600C1EE04FF0600CC3F11704E3
:1036D00020346C4404F818CC0133072B21DC41FA68
:1036E00003F414F0010FE9D04FF0780CC3F1070494
:1036F00020346C4404F818CC40FA03F414F0010FA1
:10370000DFD04FF0780CC3F10F0420346C4404F880
:1037100018CC42FA03F414F0010FD5D04FF0780C16
:10372000D4E74FF6FF7300220DF107010F48F4F7BD
:1037300015FC0E4B93F88130DBB2012BF9D14FF61B
:10374000FF73182202A90948F4F708FC002408E0D6
:103750004FF6FF7301220DF107010448F4F7FEFB59
:103760000134632CF4DD08B010BD00BF4C220024EE
:1037700008B500211948FEF709FE00211848FEF798
:1037800005FE00211748FEF701FE00211648FEF74E
:10379000FDFD00211548FEF7F9FD00211448FEF754
:1037A000F5FD00211348FEF7F1FD00211248FEF758
:1037B000EDFD00211148FEF7E9FD00211048FEF75C
:1037C000E5FD00210F48FEF7E1FD00210E48FEF760
:1037D000DDFD00210D48FEF7D9FD08BD0C030024D6
:1037E000DC020024EC0100241C020024FC03002461
:1037F0007C0200249C030024AC020024CC0300249F
:103800002C0400243C0300246C0300244C020024FC
:1038100008B572B6FFF7ACFF00F06AFB02F0D0FA11
:1038200000F0C8FF01F05CFB03F09CFA02F050FFCF
:1038300002F042F902F08EFD62B608BD08B5002222
:1038400011460648FEF7DEFD054B186000221146C2
:103850000448FEF7D7FD044B186008BD0C03002494
:10386000E8640324EC0100241C64032484B008B53C
:103870000DF1080C8CE80F00BDF9203000EE103A75
:103880000B4BB3F9063000EE903AF8EEE00AB8EED2
:10389000C00A084BD868FBF791FFBDEEC00A10EED6
:1038A000103A18B2044B1880BDE8084004B07047C5
:1038B000EC64032420640324FA64032484B008B570
:1038C0000DF1080C8CE80F00BDF9203000EE103A25
:1038D0000B4BB3F9043000EE903AF8EEE00AB8EE84
:1038E000C00A084B9868FBF769FFBDEEC00A10EEEE
:1038F000103A18B2044B1880BDE8084004B0704775
:10390000EC64032420640324F864032484B008B521
:103910000DF1080C8CE80F00BDF9203000EE103AD4
:103920000B4BB3F9023000EE903AF8EEE00AB8EE35
:10393000C00A084B5868FBF741FFBDEEC00A10EE05
:10394000103A18B2044B1880BDE8084004B0704724
:10395000EC64032420640324F664032484B008B5D3
:103960000DF1080C8CE80F00BDF9203000EE103A84
:103970000B4BB3F9003000EE903AF8EEE00AB8EEE7
:10398000C00A084B1868FBF719FFBDEEC00A10EE1D
:10399000103A18B2044B1880BDE8084004B07047D4
:1039A000EC64032420640324F464032482B00A46F4
:1039B000D0ED007A9FED4D7AF4EEC77AF1EE10FA71
:1039C00076D880ED007AD0ED017A9FED497AF4EE59
:1039D000C77AF1EE10FA75D880ED017AD0ED027A4F
:1039E000B8EE087AF4EEC77AF1EE10FA74D880EDEA
:1039F000027A90ED007AD0ED015A77EE656AD0ED4B
:103A0000027A9FED3C6A67EE867A76EEA76A9FEDB2
:103A10003A6A66EE866AFDEEE66A16EE903AADF810
:103A2000003075EE876A77EEA66A66EE866AFDEE6E
:103A3000E66A16EE903AADF8023075EEC76A77EE98
:103A4000A66A66EE866AFDEEE66A16EE903AADF874
:103A50000430B1EE477A37EE657A77EE877A67EE13
:103A6000867AFDEEE77A17EE903AADF806302349F4
:103A70000B68B3F920304868B0F920000344886827
:103A8000B0F920000344C968B1F920100B4407EED7
:103A9000903AF8EEE77ADFED1A6A87EEA67A194BCC
:103AA00083ED047A6B4603CB1060516002B070471F
:103AB0009FED157AF4EEC77AF1EE10FA83DB80ED14
:103AC000007A80E79FED117AF4EEC77AF1EE10FAF2
:103AD00084DB80ED017A81E7B0EE087AF4EEC77AF4
:103AE000F1EE10FA85DB80ED027A82E70080BBC43C
:103AF00000409CC50000E643D0A218404464032463
:103B000009886845306403240080BB4400409C451C
:103B100008B50C4B1868FEF7F9FB28B90A4B186872
:103B2000FEF7F4FB38B908BD084A064B1968084887
:103B3000FEF7FBFBF2E7074A034B19680648FEF75E
:103B4000F4FBF0E7E86403241C6403249C6403246E
:103B50000C03002408640324EC0100242DE9F04741
:103B60002DED028B84B082469FED2F7AC0EE077A4E
:103B7000F1EE677A17EE904A45680068ECF744FD6D
:103B800006460F462046ECF73FFD41EC180B41EC92
:103B9000100B09F095FF54EC103B8DED000B10EE6F
:103BA000102A234630463946ECF786FDCDE902015E
:103BB0002846ECF729FD04460D46B0EE480AF0EE23
:103BC000680A09F0C5FF59EC108B10EE102A4B461D
:103BD00020462946ECF770FD02460B46DDE902015E
:103BE000ECF7B2FBECF77AFFCAF8000042464B460E
:103BF00030463946ECF760FD06460F4622462B4616
:103C0000DDE90001ECF758FD02460B463046394627
:103C1000ECF79CFBECF762FFCAF8040004B0BDECC3
:103C2000028BBDE8F08700BF1B2F654210B588B03E
:103C300017491848FEF717FC002421E0164B53F8EB
:103C40002430EE4603F1080CBCE80F00AEE80F008C
:103C50009CE80F008EE80F00104A210102EB0413CC
:103C60005454BDF814201A81BDF91A205A81BDF9A7
:103C700018205A809DF81C201A73029A5A60013449
:103C8000032CDBDD05490648FEF7EDFB08B010BD4F
:103C9000306403241C020024446403245464032479
:103CA0004C02002410B5FFF733FF002406E0624BFE
:103CB00053F82400FEF756FD0134E4B2032CF6D984
:103CC0005E4B1C7C0E2C00F2B580DFE804F00FB3D5
:103CD0007772B3B3B3B3145211117C868100564B83
:103CE00053F82400FEF73AFD0134E4B2032CF6D970
:103CF000FFF79CFF10BD514BD3ED037A504BC3ED42
:103D0000007A9FED507AF4EEC77AF1EE10FA08D5FA
:103D1000F5EEC07AF1EE10FA03DB484B0022DA60D0
:103D200004E0F5EEC07AF1EE10FA17D4434CDFED63
:103D3000460A94ED030A454B1868FBF73FFD444BD8
:103D400083ED000A84ED020A94ED030A2046FFF792
:103D500005FF40492046FFF729FEC9E79FED3E7A5F
:103D6000F4EEC77AF1EE10FAE0DD344B0022DA60AF
:103D7000DCE73A4BD3ED027AF5EE407AF1EE10FA39
:103D800006D1374B9A6B354BDA604FF07E529A6012
:103D9000334B93ED0E0A314BD3ED037A274C30EEC3
:103DA000670A2046FFF7DAFE2A492046FFF7FEFDA4
:103DB0009EE728492148FFF7F9FD99E7254B0022A6
:103DC0001A605A6094E723491C48FFF7EFFD8FE71C
:103DD00020491A48FFF7EAFD8AE7214B93ED0E0AC6
:103DE0001E4BD3ED037A30EE670AB0EEC07AF6EEE2
:103DF000007AB4EEE77AF1EE10FA01D500229A606B
:103E0000DFED110A114B1868FBF7D8FCB1EE400A40
:103E10000F4B83ED000A0F490848FFF7C7FD67E71E
:103E2000054B53F82400FEF799FC0134E4B2032C4F
:103E3000F6D95DE70024FAE7446403240864032408
:103E4000946403240AD7233C0000000098640324F0
:103E5000FC640324EC6403240AD723BC30640324E9
:103E60009C64032410B58CB02C22002101A804F01E
:103E700063F84FF082430193144B0293144B049365
:103E800007238DF81830134B0793002414E001A882
:103E9000FBF762FC104B43F8240004EB84000F4B4B
:103EA00053F824100E4B03EBC000FEF7D3FC0D4B70
:103EB00043F824000134E4B2032CE8D90A48FBF7A4
:103EC0004BFC0A4B18600CB010BD00BF00007041E5
:103ED00000007A460000FA45206403240C0B020817
:103EE00088040024446403245C04002498640324AC
:103EF00008B5FFF7A3FCFFF7B5FF08BD654B197ABE
:103F00005972654B1868437A012B17D0012B0BD0DF
:103F10009A1ED2B2012A17D9022B25D05D4A127AF5
:103F2000032A2BD0032929D05A4B1B7A072B2FD8D1
:103F3000DFE803F02A3340862E2E2E91554A4FF0AB
:103F4000000C82F808C0E1E7544A1268527A012A4C
:103F500004D019B14F4A127A002ADDD14D4A4FF0F0
:103F6000010C82F808C0D7E74A4A127A022AD5D152
:103F7000484A4FF0030C82F808C0CFE7032BD3D197
:103F8000444B01221A72CFE7424B00225A601A605A
:103F9000404B1B7A012B78D970473E4B0022DA60E8
:103FA0005A601A603E4B1B78012BF1D1394B02222B
:103FB0001A72EDE7B0F9043007EE103AB8EEC77A9E
:103FC000DFED385A27EE257A9FED376A27EE067A1D
:103FD000304BD3ED006A36EEC77A83ED007AB0F944
:103FE000062007EE902AF8EEE77A67EEA57A67EEEC
:103FF000867AD3ED016A76EEE77AC3ED017A2B4B30
:1040000083ED007A2A4BC3ED007A9FED2A7AF4EE15
:10401000C77AF1EE10FA08D81E4B83ED017A00231F
:10402000254A1360254A1360B2E79FED257AF4EE26
:10403000C77AF1EE10FAF2DB164B83ED017AEEE768
:10404000204AD168134B1960D2ED047AF1EE677AF9
:10405000C3ED017A9CE70F4B00225A611A4A5A605D
:10406000B0F9042007EE902AF8EEE77A9FED0D7A7A
:1040700067EE877A9FED0C7A67EE877A93ED007A88
:1040800077EE677AC3ED007A82E7024B00225A602E
:104090001A6081E72C650324AC650324A86503241A
:1040A00044650324FAED6B3ACDCCCC3E6465032421
:1040B00060650324000020C2A0650324A4650324D6
:1040C00000000C42E0650324000030C1414B1A7827
:1040D0005A70414B1B685A7A012A40D95A7A012AF0
:1040E00010D91A7A032A41D03A49002008708880F2
:1040F0008870023AD2B2012A40D91A7A013AD2B271
:10410000012A3FD9354AB2F9021042F21B529142BC
:1041100002DC334A126852B12E4A04211170304A2F
:104120001268B2F5E17F31DA01322D490A60294A7D
:104130001278012A36D0032A10D1264A0A2191800A
:1041400001211161B3F91230B3F5967F22DB1346DA
:1041500002229A70214B1B78032B1FD070471D4AF7
:104160000021117091809170D160B7E719490978E9
:104170000429B9D0174903200870BAE7154A01216C
:10418000D160BAE7134A0021D160BBE7144A00218D
:104190001160CCE70F4B00229A70DBE70D4B042235
:1041A0001A707047B3F91230B3F5967F0DDB094BE7
:1041B00001229A700B4B00221A60084B1B78032BCC
:1041C000CCD1044B04221A70C8E7024B00229A702B
:1041D000F3E700BFB4650324AC650324C86503247A
:1041E000B0650324D8650324934B197C5974934A12
:1041F0001269DA60924B1A68537A012B1CD0537AF9
:10420000012B0AD9023BDBB2012B19D9137A0929F8
:104210001AD08949097C092916D0874B1B7C083B99
:10422000062B00F20881DFE813F0D6007B000601C0
:1042300006011500CA0060007F4B00201874DEE7FD
:104240007D4B0E201874E1E7022BE6D07A4B0D214E
:104250001974E2E7B2F9003007EE103AB8EEC77A07
:10426000DFED787A27EE277ADFED776AC7EE267AD8
:104270009FED767A67EE877A754991ED017A77EE50
:10428000877A6D4BC3ED007AB2F9020007EE100A8F
:10429000B8EEC77ADFED6F7A27EE277AC7EE267A77
:1042A0009FED6D7A67EE877A91ED027A77EE877AE5
:1042B000C3ED017AB2F9041007EE101AB8EEC77A0E
:1042C000C7EE267AB0EE087A67EE877AB2F90A204E
:1042D00007EE102AB8EEC77AF1EE046A27EE267AC6
:1042E00077EE877AC3ED027A70475C4AD2ED067AA0
:1042F0009FED567A67EE877A4F4BC3ED007AD2ED89
:10430000077A9FED557A67EE877AC3ED017AD2ED91
:10431000087AB0EE087A67EE877AC3ED027A7047C2
:10432000454B4FF080419960B2F9001007EE101A2A
:10433000B8EEC77ADFED437A27EE277ADFED426ADF
:10434000C7EE267A9FED417A67EE877A404991ED74
:10435000017A77EE877AC3ED007AB2F9022007EE90
:10436000102AB8EEC77ADFED3B7A27EE277AC7EE40
:10437000267A9FED397A67EE877A91ED027A77EEA9
:10438000877AC3ED017A364B93ED047ADFED357A07
:10439000B4EEE77AF1EE10FA0DD5334A1368013323
:1043A0001360B3F5FA6F46DD234B08221A742E4BC7
:1043B00000221A6070472C4B00221A607047284B6D
:1043C000D3ED027AF5EE407AF1EE10FA33D11A4BC2
:1043D0000C221A747047B2F9003007EE103AB8EEAA
:1043E000C77ADFED187A27EE277ADFED176AC7EE76
:1043F000267A9FED167A67EE877A154991ED017A54
:1044000077EE877A0C4BC3ED007AB2F9022007EE03
:10441000102AB8EEC77ADFED0F7A27EE277AC7EEBB
:10442000267A9FED0D7A67EE877A91ED027A77EE24
:10443000877AC3ED017A704700650324446503243D
:10444000AC650324CDCCCC3E000025440080BB44A9
:10445000A0600324CDCC4C3F00409C45E065032484
:10446000146503249A99D93FDC65032408B500221A
:1044700011461148FDF7C6FF104B18600022114687
:104480000F48FDF7BFFF0F4B1860002211460E4882
:10449000FDF7B8FF0D4B1860002211460C48FDF7E0
:1044A000B1FF0C4B1860002211460B48FDF7AAFF24
:1044B0000A4B186008BD00BF1C02002428650324B5
:1044C0006C03002498650324AC0200245C6503247B
:1044D000CC030024D46503242C04002404660324A4
:1044E00008B51E4B1868FDF711FFA0B91C4B1868E2
:1044F000FDF70CFFB0B91B4B1868FDF707FFC0B9FB
:10450000194B1868FDF702FFD0B9184B1868FDF772
:10451000FDFEE0B908BD164A104B19681548FDF7B5
:1045200004FFE3E7144A0E4B19681448FDF7FDFE3B
:10453000E1E7134A0B4B19681248FDF7F6FEDFE777
:10454000114A094B19681148FDF7EFFEDDE7104AE3
:10455000064B19680F48FDF7E8FEDBE728650324E2
:10456000986503245C650324D4650324046603244E
:10457000146503241C020024886503246C030024B2
:1045800044650324AC020024C8650324CC03002442
:10459000E06503242C040024614B197F5977614B9B
:1045A0001A68537A012B18D0537A012B0AD9023B8F
:1045B000DBB2012B15D9137A01291DD05849097F87
:1045C000012919D0564B1B7F082B68D8DFE803F070
:1045D0001A206767405A676C9E00514B002018777D
:1045E000E2E7514B1B685B7A012B01D00029E2D135
:1045F0004B4B05201877DEE7022BE3D0484B052113
:104600001977DFE7464B00225A61484A9A617047A2
:1046100010B5474C206803699847DFED467A20EED5
:10462000270A03F017F9DFED447A20EE270A30EE6F
:10463000270A3B4B83ED020A2068026843689A42CE
:1046400000D010BDC3684FF4FA6200219847F8E724
:10465000334B3A4A9A61D3ED027AB2EE0E7AF4EE17
:10466000C77AF1EE10FA02D883ED027A70479FED17
:10467000347AF4EEC77AF1EE10FA10DB284B83EDB2
:10468000027A7047264B01225A612E4A9A60002214
:10469000DA60264A9A612C4B1B7B012B00D07047B5
:1046A0001F4B04221A7770471D4B24499961B2F9B8
:1046B000061007EE901AF8EEE77A9FED247A67EE7F
:1046C000877A93ED027A77EE877AC3ED027AB2F9B0
:1046D000122007EE102AB8EEC77ADFED1D6A27EE2A
:1046E000267A83ED047AF5EEC07AF1EE10FA0AD953
:1046F0009FED137AF4EEC77AF1EE10FACFDB084B98
:1047000083ED027A704700229A607047044B0122C1
:104710005A61104A9A600022DA600F4A9A61704723
:1047200068650324AC650324A86503248FC2F53CA7
:104730009C650324DB0FC940000020420AD7233CBC
:104740000000A042000034428865032417B7D13826
:10475000FF3DF83D00008C42CDCCCC3D08B5FFF7C5
:104760001BFFFFF741FDFFF7B1FCFFF7C7FB08BDDB
:1047700008B508490848FDF776FE08490848FDF7DE
:1047800072FE08490848FDF76EFE08490848FDF723
:104790006AFE08BD00650324EC0100242C65032497
:1047A0007C020024B46503249C0300246865032470
:1047B0003C03002408B54FF4FA610020FBF7FEFE2D
:1047C000074B1860FFF752FEFEF704FC054B18601C
:1047D00000F11402044B1A6001230372437208BDF6
:1047E0009C650324AC650324A865032408B5FFF782
:1047F00077FEFFF7B3FFFFF7BBFF08BD08B5002248
:1048000011460D48FDF7FEFD0C4B186000221146C5
:104810000B48FDF7F7FD0B4B1860002211460A48C4
:10482000FDF7F0FD094B1860002211460848FDF71E
:10483000E9FD084B186008BD0C03002450670324F1
:10484000EC0100241C6603247C020024E46603249B
:10485000DC0200240067032484B038B5044605A8B0
:1048600080E80E006A4B1B7A5A1E062A00F29580D9
:10487000DFE802F00463739393938300654A106A40
:1048800065490860516A654A1160654A9268106915
:10489000644908609168644A1160644A00211160AB
:1048A0005B4A527A934240F08880614BD3ED020A12
:1048B0005D4B93ED000A594B1868FAF77FFFF0EE55
:1048C000400A5C4B83ED000A564B93ED000A524BB5
:1048D0001868FAF773FF554D85ED000A564B93EDB6
:1048E000000ADFED567A20EE270A02F0F9FFF3EE18
:1048F0000E7A20EE270ADFED527A20EE270AD5ED58
:10490000007A30EE270A85ED000A414B1B7A072B0F
:104910005CD0464BD3ED007AB9EE0C7AF4EEC77A50
:10492000F1EE10FA56D9B1EE0C7AF4EEC77AF1EE48
:1049300010FA51DBF0EE477A4EE0364A106A3649FB
:104940000860516A354A1160354A926810693549E4
:1049500008609168344A1160A2E72E4A906A2E4995
:104960000860D16A2D4A11602D4A926810692D495C
:10497000086091682C4A116092E7264A106A26491D
:104980000860516A254A1160254A926810692549D4
:1049900008609168244A116082E71E4A106A1E4925
:1049A0000860516A1D4A11601D4A926810691D49CC
:1049B000086091681C4A116072E7184B1868FAF792
:1049C0009DFF154B1868FAF799FF6EE74FF03F42CD
:1049D0002A609EE7F9EE0C7A144BC3ED007A194B6E
:1049E00000221A609A605A60174ADA60C3ED047AAE
:1049F000A6469C46BCE80F00AEE80F00DCF800308D
:104A0000CEF800302046BDE8384004B0704700BF03
:104A10003866032450660324746703245C67032408
:104A2000CC660324306603242466032488670324A9
:104A3000D8660324646703247C67032435FA8E3C1C
:104A40000AD7A33BA0670324CDCC4C3D84B070B5FE
:104A5000044605A880E80E00504B1B7A5A1E062A11
:104A600017D8DFE802F004617116161681004C4A6F
:104A700010694C49086051694B4A11604B4A5268B1
:104A800010694B49086091684A4A11604A4A0021FE
:104A90001160424A527A934276D1464E474BD3ED4B
:104AA000010A96ED000A404B1868FAF787FEF0EE0F
:104AB000400A434B83ED000A3D4B93ED000A394B0E
:104AC0001868FAF77BFE3C4D85ED000A96ED000A6A
:104AD000DFED3C7A20EE270A02F002FFDFED3A7AA2
:104AE00020EE270ADFED397A20EE270AD5ED007A8D
:104AF00030EE270A85ED000A00222A60344B1A6046
:104B00009A605A603349D9601A61A6469C46BCE84F
:104B10000F00AEE80F00DCF80030CEF80030204681
:104B2000BDE8704004B070471D4A10691D49086017
:104B300051691D4A11601D4A526810691C4908607C
:104B400091681C4A1160A4E7154A906915490860EC
:104B5000D169154A1160154A5268106914490860F4
:104B60009168144A116094E70D4A10690D49086074
:104B700051690D4A11600D4A526810690C4908606C
:104B800091680C4A116084E7074B1868FAF7B6FE83
:104B9000044B1868FAF7B2FE7FE700BF38660324BB
:104BA000506603247067032458670324CC660324EB
:104BB0002C6603242066032484670324D866032418
:104BC0006C67032435FA8E3C00002042A69B443CCF
:104BD000B4670324CDCCCC3D08B5FEF717F908BD6A
:104BE00010B500240DE004EB8400084B53F82410AA
:104BF000074B03EBC000FEF735F9064B43F82400E2
:104C00000134022CEFDDFFF7E7FF10BD1C0B02089B
:104C100028050024CC6603242DE9F04F2DED028BEE
:104C2000ADF5057D2C263246002179A803F084F9E4
:104C3000704B7993704B7A93704C7B94704F7C9748
:104C400007258DF8F8514FF0814ACDF8FCA1324686
:104C500000216EA803F070F94FF082436E937094B8
:104C6000DFF8C081CDF8C4818DF8CC5132460021E7
:104C700063A803F061F99FED638A8DED638ADFF825
:104C8000A891CDF89091659466978DF8A051CDF8D4
:104C9000A4A13246002158A803F04EF958975A941F
:104CA000CDF86C818DF8745179A8FAF755FD564C02
:104CB00020606EA8FAF750FD606063A8FAF74CFD1B
:104CC000A06058A8FAF748FDE060324600214DA8E0
:104CD00003F032F94D4B4D93CDF83891DFED4C8A0E
:104CE000CDED4F8ADFF844B1CDF840B18DF8485191
:104CF000DFF83CA1CDF84CA13246002142A803F0D8
:104D00001BF9CDF80881DFF82C91CDF8109145976B
:104D10008DF81C513246002137A803F00DF93D4BA8
:104D200037933D4B3893CDED398ACDF8E8B08DF807
:104D3000F050CDF8F4A0324600212CA803F0FCF886
:104D4000364B2C93CDF8B8902F978DF8C4504DA8C2
:104D5000FAF702FD206242A8FAF7FEFC606237A86B
:104D6000FAF7FAFCA0622CA8FAF7F6FCE0623246E9
:104D7000002121A803F0E0F8294B21938DED228A30
:104D8000CDF88C90CDF890B08DF89850279732469A
:104D9000002116A803F0D0F8CDF858A0CDF8609007
:104DA000CDF864808DF86C50324600210DEB060082
:104DB00003F0C2F88DF8405032460021684603F0F7
:104DC000BBF88DF8145021A8FAF7C6FC206116A88C
:104DD000FAF7C2FC60610DEB0600FAF7BDFCA061BA
:104DE0006846FAF7B9FCE0610DF5057DBDEC028B74
:104DF000BDE8F08F0000A03FCDCCCC3D6F12833AD0
:104E00000000A0406666663F506603246666263F43
:104E1000ACC527376666E63ECDCC4C3E0000604010
:104E200000004041000020419A99993E0000E04076
:104E30000000404017B7D13808B5184B1868FDF787
:104E400065FA78B9164B1868FDF760FA88B9154B02
:104E50001868FDF75BFA98B9134B1868FDF756FA16
:104E6000A8B908BD114A0D4B19681148FDF75DFA44
:104E7000E8E7104A0A4B19680F48FDF756FAE6E7CB
:104E80000E4A084B19680E48FDF74FFAE4E70D4A41
:104E9000054B19680C48FDF748FAE2E75067032410
:104EA0001C660324E46603240067032404670324C8
:104EB0000C03002408660324EC0100243866032454
:104EC0007C02002480660324DC02002408B5024929
:104ED0000248FDF7C8FA08BDE8660324AC020024C6
:104EE00008B5FFF78BFCFFF77BFEFFF795FE08BDCB
:104EF000DFED0B7AB4EEE70AF1EE10FA04DDDFED38
:104F0000097A30EE670A7047DFED077AB4EEE70AF8
:104F1000F1EE10FA03D5DFED037A30EE270A704781
:104F2000DB0F4940DB0FC940DB0F49C084B038B507
:104F3000044605A880E80E00784B1D7A6B1E062BF0
:104F40001ED8DFE803F004537B1D1D1D9C00744B2D
:104F50001968744A11605A68734B1A60734B1B6866
:104F60001969734A116093ED020AFFF7C1FF714B93
:104F700083ED000A704B83ED000A704B704A1A6093
:104F8000664B5B7A9D4240F0A2806E4BD3ED000AE7
:104F9000684B93ED000A644B1868FAF70FFCF0EECB
:104FA000400A694B83ED000A614B93ED000A5D4BAB
:104FB0001868FAF703FC654B83ED000ADFED647AAD
:104FC00030EE270A83ED000AF9EE0C7AB4EEE70A18
:104FD000F1EE10FA40F28480F1EE0C7AB4EEE70ABA
:104FE000F1EE10FA7EDBB0EE670A7BE04C4B1968FD
:104FF0004C4A11605A684C4B1A60564BDA694C4B5C
:105000001A60554B93ED017A544BD3ED007A77EE4D
:10501000C77A9FED537A67EE877A464BC3ED007AE5
:10502000454BC3ED007A9FED4F7A67EE877A4E4B82
:10503000C3ED007A414B424A1A60A1E7384B9968A8
:10504000384A1160DA68384B1A60384B1B681969A6
:10505000374A116093ED020AFFF74AFF354B83EDA3
:10506000000A354B83ED000ADFED3E7A20EE270A79
:105070003D4B83ED000A314B3C4A1A6080E7284BD8
:105080001968284A11605A68274B1A60314BDA694F
:10509000274B1A60304B93ED017A304BD3ED007AF9
:1050A00077EEC77A9FED2E7A67EE877A214BC3EDB4
:1050B000007A214BC3ED007A9FED2A7A67EE877A5A
:1050C000294BC3ED007A1D4B1D4A1A6058E7164B59
:1050D0001868FAF713FC134B1868FAF70FFC54E73B
:1050E000B9EE0C0A194B83ED000A214B00221A601D
:1050F0009A605A60114A1268DA6083ED040AA64683
:105100009C46BCE80F00AEE80F00DCF80030CEF89B
:1051100000302046BDE8384004B0704738660324AC
:10512000506603247867032460670324CC66032455
:105130003466032428660324D0670324C867032445
:105140000AD7233CD86603246867032480670324B6
:105150000000000080660324E8660324CC67032473
:1051600035FA8E3CE12E6542D4670324CDCCCC3D8C
:105170008C67032408B5054B1B6823B193ED020A25
:10518000FFF7B6FE08BD9FED020AFBE7CC660324DD
:10519000000000001E4B93ED027A1E4BD3ED007A07
:1051A00077EEC77AF0EEE77ADFED1B6AF4EEE67A87
:1051B000F1EE10FA27DD194BD3ED007ADFED186A16
:1051C00067EEA67ADFED176A67EE266A77EEA67AB3
:1051D000C3ED007A0F4B83ED007A9FED137A20EE3A
:1051E000070A67EE877A30EE670A104B9B68D3EDAB
:1051F000027ADFED0F6A80EE267A37EEC70A0D4B92
:1052000083ED000A70470B4B93ED000A704700BF17
:1052100080660324546703246F12833A7C67032457
:10522000CDCC4C3D3333733F35FA8E3CCC660324F2
:105230009A99193FA0050024094B93ED000ADFED70
:10524000097A20EE270A084AD2ED107A9FED077AF4
:1052500067EE877A30EE270A83ED000A704700BFB9
:10526000CC6703240AD7233C80660324A4707D3FC7
:1052700010B52DED028BFFF77DFF634C84ED040A22
:10528000FFF7DAFF614B9B68E360614B1B7A072BEA
:105290000AD8DFE803F0040C6684090909A2FDF7C7
:1052A000CBFD594B00221A70BDEC028B10BDFDF7EF
:1052B000ADFD584CB7EE008A84ED018ADFED568AC9
:1052C000B0EE680AFFF766FF84ED020AC4ED008ABB
:1052D000524B5B68D3ED027A77EEC87AF0EEE77A4C
:1052E000B1EE087AF4EEC77AF1EE10FA03D4464B29
:1052F00000221A70D8E7B0EE680AFFF74BFF84ED82
:10530000020A424B93ED028ADFED457A68EE277A76
:10531000F0EEE77A9FED437AF4EEC77AF1EE10FAF9
:105320001BD53E4B1B6893ED020AFFF7E1FDB0EE83
:10533000C00ADFED3D7AB4EEE70AF1EE10FA0CD5C3
:10534000314B01221A70394A12685A6083ED038A80
:105350002E49096999605A61A6E72B4B00221A7001
:10536000A2E72B4BD3ED007A9FED2D7A67EE877A7B
:10537000284CC4ED007A93ED010AFFF70BFF84ED92
:10538000020AFFF7F7FE204B83ED040A1F4A11695A
:1053900099609268DA60254A12685A6184E71C4B6A
:1053A000D3ED007A9FED1E7A67EE877A194CC4ED33
:1053B000007A93ED010AFFF7EDFE84ED020AFFF794
:1053C000D9FE114B83ED040A104A9168D960126925
:1053D0009A60164A12685A6066E70D4C94ED010A0D
:1053E000FFF7D8FE0B4B83ED020A94ED057ADFED53
:1053F0000C6A27EE267A83ED017AD4ED007A67EE07
:10540000A67AC3ED007A4FE7E8660324806603249A
:1054100038660324D866032400000000CC66032409
:1054200035FA8E3CCDCC4C3FCDCCCC3DCC67032463
:1054300008B5FFF701FDFFF71BFFFFF747FD08BDAC
:1054400092ED026A66EE067AF6EE006A76EEE77A8A
:1054500092ED037A67EE075A77EEE57AD0ED005ABF
:1054600067EEA57AD2ED014A66EE245A92ED005A13
:1054700027EE054A75EEC45A90ED014A65EE845A4E
:1054800077EEA57A27EE247A26EE056A37EE067ABD
:1054900090ED026A27EE067A77EE877A77EEA77AA2
:1054A000C1ED007AD2ED015AD2ED027A25EEA77A4B
:1054B000D2ED004A92ED035A24EE856A37EE067A61
:1054C00090ED006A27EE067A25EEA56A36EEC66AEA
:1054D00025EE054A36EE446A90ED014A26EE046A4E
:1054E00037EE067A67EE857A65EEA45A77EEE57AAE
:1054F00090ED026A67EE867A37EE277A37EE077A02
:1055000081ED017AD2ED015A92ED037A65EE877A48
:1055100092ED005A92ED026A65EE064A77EEE47A61
:10552000D0ED004A67EEA47A27EE067A25EE855A7A
:1055300037EE057A90ED015A27EE057A77EE877AF5
:1055400065EEA55A76EEE56A26EE066A76EEC66A3E
:1055500090ED027A66EE876A77EEA67A77EEA77A02
:10556000C1ED027A704792ED026A66EE067AF6EEB7
:10557000006A76EEE77A92ED037A67EE075A77EEE5
:10558000E57AD0ED005A67EEA57AD2ED014A66EED3
:10559000245A92ED005A27EE054A75EE845A90ED92
:1055A000014A65EE845A77EEA57A27EE247A26EE34
:1055B000056A37EE467A90ED026A27EE067A77EEB4
:1055C000877A77EEA77AC1ED007AD2ED015AD2ED53
:1055D000027A25EEA77AD2ED004A92ED035A24EE24
:1055E000856A37EE467A90ED006A27EE067A25EE58
:1055F000A56A36EEC66A25EE054A36EE446A90ED97
:10560000014A26EE046A37EE067A67EE857A65EE81
:10561000A45A77EEA57A90ED026A67EE867A37EEA5
:10562000277A37EE077A81ED017AD2ED015A92EDB1
:10563000037A65EE877A92ED005A92ED026A65EE82
:10564000064A77EEA47AD0ED004A67EEA47A27EEF8
:10565000067A25EE855A37EE457A90ED015A27EE07
:10566000057A77EE877A65EEA55A76EEE56A26EE3C
:10567000066A76EEC66A90ED027A66EE876A77EE83
:10568000A67A77EEA77AC1ED027A704770B52DED54
:10569000028B8AB0064600240794089409940023DC
:1056A000049305934FF07E53069301940294039460
:1056B0000FE02C4D2846FCF731F92B6807936B68F7
:1056C0000893AB6809939FED280AFCF7F5FD0134B8
:1056D000E4B2632CEDD900230CE00AAA02EB8302AA
:1056E00052ED036A9FED217AC6EE877A42ED037A86
:1056F0000133DBB2022BF0D907A8FAF7AFFF04A9F8
:1057000007A8FBF702F808F0DDFAB0EE408A01AA1C
:1057100004A907A8FAF7C8FF01A8FAF79FFFF6EE59
:10572000007A28EE278AB0EE480A08F059FA86ED8A
:10573000000A002410E00AAB03EB840353ED098A4E
:10574000B0EE480A08F084FA013406EB840368EEF0
:10575000808AC3ED008AE4B2012CECD90AB0BDEC1A
:10576000028B70BDA85D03246F12833A0000C8420B
:1057700000B52DED028B85B0174BB7EE008A83ED97
:10578000018A83ED028A83ED038ADFED148AC3ED7B
:10579000048AC3ED058AC3ED068A01221A7000232C
:1057A00000930193029303936846FFF76FFFB0EEF7
:1057B000682AF0EE481A9FED0A1ADFED0A0AB2EEE7
:1057C000040A6846FAF744FC074B084A9A6205B097
:1057D000BDEC028B5DF804FB0C68032400000000A4
:1057E000002474496F12833A2C68032496430B3CBF
:1057F00070B52DED068B86B004460D46164690ED2D
:10580000040A9F4BD3ED007A70EE677AF0EEE77AE8
:105810009FED9C7AF4EEC77AF1EE10FA22DCD0ED1F
:10582000057A994B93ED007A77EEC77AF0EEE77A36
:105830009FED947AF4EEC77AF1EE10FA12DCD0ED17
:10584000067A924B93ED007A77EEC77AF0EEE77A1C
:105850009FED8C7AF4EEC77AF1EE10FA02DC037851
:10586000002B6ED09FED8AAA80EE0A0A02F038F86B
:10587000B0EE409A94ED050A80EE0A0A02F030F884
:10588000F0EE408A94ED060A80EE0A0A02F028F84B
:10589000F0EE40AA94ED040A80EE0A0A01F0DAFF65
:1058A000B0EE408A94ED050A80EE0A0A01F0D2FFBC
:1058B000F0EE409A94ED060A80EE0A0A01F0CAFF63
:1058C00069EE2A6A28EE297A27EE007A36EE877A80
:1058D000704B83ED007A28EE887A6F4B83ED007A67
:1058E00029EE006A6AEE885A25EEA97A36EE476AF2
:1058F0006A4B83ED006A29EE297A27EE007A37EEAB
:10590000657A674B83ED007A29EE289A654B83ED23
:10591000009A28EE408A66EEA96A38EE668A624BE3
:1059200083ED008A68EEC07A604BC3ED007A604B6D
:10593000C3ED009A68EEAA8A5E4BC3ED008A00238D
:105940002370002310E005EB8302D2ED007A04EB14
:10595000830292ED017A67EE877A06AA02EB830250
:1059600042ED037A0133DBB2022BECD9DDED037A91
:10597000484B93ED006A27EE867A9DED045A464B1C
:10598000D3ED002A65EE226A37EE267ADDED055A60
:10599000424B93ED003A65EE836A37EE267A85ED49
:1059A000007A3F4BD3ED006A27EEA67A3D4BD3ED4C
:1059B000003A65EE234A37EE247A3B4B93ED004ADA
:1059C00065EE844A37EE247A85ED017A374B93ED04
:1059D000007A67EE877A364BD3ED004A25EE245ADB
:1059E00077EE857A334B93ED005A65EE855A77EE64
:1059F000A57AC5ED027A002309E006EB830211685F
:105A000006AA02EB830242F8181C0133DBB2022B18
:105A1000F3D99DED002A26EE026ADDED015A62EE11
:105A2000A52A36EE226ADDED027A23EE273A36EE1B
:105A3000036A86ED006A66EE826A63EEA53A76EE48
:105A4000A36A24EE274A76EE846AC6ED016A27EE41
:105A5000027A64EEA54A37EE247A25EE275A37EE0D
:105A6000057A86ED027A2269054B1A606269064B57
:105A70001A60A269054B1A6006B0BDEC068B70BDBA
:105A80000C6903246F12833A046903240869032410
:105A9000E12E6542D8670324DC670324E067032412
:105AA000E4670324E8670324EC670324F067032416
:105AB000F4670324F867032400B583B01748F9F7A7
:105AC0004BFE174B18600C211648F3F745FC16489F
:105AD000FBF724FFFFF74CFE144A09211020FCF7C6
:105AE00027F9134B18601348FCF702FB124B83EDA8
:105AF000000AFCF7ADFB114B83ED000AF6F76EFCD4
:105B00000F4B18600F4B00930F4B104A10490020A9
:105B1000F9F78CFA03B05DF804FB00BFA40500247C
:105B20002868032424230024A85D032408110024EA
:105B300004680324F868032400680324FC68032431
:105B4000006903245C0B0208280B02082C0B0208D6
:105B5000340B020870B584B0FCF77AFB724CD4EDBC
:105B6000007A30EE670A714B83ED000AFCF770FB98
:105B700084ED000A6E48FCF7BBFA6E4E86ED000A13
:105B80006D4D2846FBF7CAFE2B686C4CE3656B68CD
:105B90002366AB686366EB6823652B6963656B6995
:105BA000A36504F15C0204F150016548FFF720FE93
:105BB00096ED003AD4ED192A94ED182AD4ED171A6F
:105BC00094ED161AD4ED150A94ED140AFAF7B2FA08
:105BD0005C4B0FCB84E80F00224604F12C015A489D
:105BE000FFF72EFC224604F138015848FFF728FC45
:105BF000224604F144015648FFF722FC224601A93F
:105C00005448FFF7B0FC002327E04C4A03F116018B
:105C100002EB810191ED017A04A901EB830151EDC1
:105C2000037A37EE677A4349D1ED007A27EE277A77
:105C3000D2ED0A6A77EEA67A87EE276A191D02EB83
:105C4000810292ED007A66EE876A86EEA77A76EE9A
:105C5000077AC2ED007A0133DBB2022BD5D9374C7B
:105C6000224604F11C0104F11000FFF7E9FB3A4B56
:105C7000D3F8A8012067D3F8A421E266D3ED687AAF
:105C8000C4ED1A7AD3F8AC31636734498863F1EE16
:105C9000677AC1ED0C7A8B644A6394ED157AF1EE64
:105CA000477AC1ED0F7AD4ED147AC1ED107AA36D65
:105CB0004B64F1EE677AC1ED007A81ED017A8B6079
:105CC000E36DCB60236E0B61636E4B6123698B6167
:105CD0006369CB61A3690B62E3694B62236A8B62E0
:105CE000636ACB621E48FCF7BEFB1E4B19681E4858
:105CF000FCF7B9FB1D4B1B6813F0010F05D01B4AC5
:105D000013680133136004B070BDDFED190A0A4B4C
:105D100093ED070A174B1868F9F750FDBCEEC00A5F
:105D2000154B83ED000AEAE7FC680324F4680324BA
:105D3000F868032400680324A85D03242C68032466
:105D40000C680324505C0324700B02087C0B0208CF
:105D5000880B0208640B0208005B0324A868032474
:105D60000C03002404680324DC020024FC670324E1
:105D700000002042286803241069032408B50C4B56
:105D80001B78042B0AD00A4B1B78012B0AD0032B5B
:105D90000BD0074A13780133137008BD044B00225F
:105DA0001A70F0E7FBF7D2FFF3E7FBF7D4FFF0E759
:105DB0000868032408B5FFF7CDFEFFF7DFFF08BD35
:105DC00000B583B00023009301936846F6F745FBC6
:105DD000024B186003B05DF804FB00BF2469032484
:105DE00010B582B0164B0093164B174A1749002086
:105DF000F9F71CF9FCF72CFA154C84ED000AFCF7B6
:105E0000B5FCFCF7E7FFFCF723FAD4ED007A30EE9F
:105E1000670A104B83ED000AF0EE087AB4EEE70A49
:105E2000F1EE10FA01DC02B010BD054B0193094BF5
:105E30000093094B094A0A490020F9F7F7F8F2E7FD
:105E40005C0B0208280B02082C0B0208940B0208BA
:105E5000206903241C690324B40B0208B80B020850
:105E6000C00B020838B504460268104B1B689A4202
:105E700004D022680E4B9A4214D038BDFCF706FAC3
:105E8000EAF744FF07EE900A0A4D95ED007A77EEA7
:105E9000C77A094BC3ED007AFCF7F8F9EAF736FF49
:105EA0002860E6E7ECF7F4FEE7E700BF7023002484
:105EB00000E00040186903241469032400B585B08C
:105EC000FCF7C6F9B0EE408A1C4B00931C4B1D4AF0
:105ED0001D490020F9F7AAF8F6F780FA039012E0BE
:105EE0001A4C2046FCF702FB144B01930094184B0C
:105EF000184A19490020F9F799F8FFF771FF0121B5
:105F000003A8F8F7C5F8FCF7A3F930EE480A134CDC
:105F100084ED000AFCF79CF9B0EE408A94ED000A8B
:105F2000FDEEC07A0E4BC3ED007AF7EE087AB4EEC0
:105F3000E70AF1EE10FAD3DCDFE700BF5C0B0208E2
:105F4000280B02082C0B0208480C0208A069032445
:105F5000B40B0208B80B0208700C02089C690324F9
:105F6000B069032400B585B0FCF772F9B0EE408A41
:105F70001C4B00931C4B1D4A1D490020F9F756F895
:105F8000F6F72CFA039012E01A4C2046FCF7AEFA12
:105F9000144B01930094184B184A19490020F9F743
:105FA00045F8FDF77FFE012103A8F8F771F8FCF72B
:105FB0004FF930EE480A134C84ED000AFCF748F91B
:105FC000B0EE408A94ED000AFDEEC07A0E4BC3EDB0
:105FD000007AF1EE067AB4EEE70AF1EE10FAD3DCBD
:105FE000DFE700BF5C0B0208280B02082C0B02083D
:105FF000AC0C020830690324B40B0208B80B020889
:10600000D80C02082C6903244069032400B585B02C
:10601000FCF71EF9B0EE408A1C4B00931C4B1D4A46
:106020001D490020F9F702F8F6F7D8F9039012E0BD
:106030001A4C2046FCF75AFA144B01930094184B63
:10604000184A19490020F8F7F1FFFEF7CFFB0121AC
:1060500003A8F8F71DF8FCF7FBF830EE480A134CDC
:1060600084ED000AFCF7F4F8B0EE408A94ED000AE3
:10607000FDEEC07A0E4BC3ED007AF7EE087AB4EE6F
:10608000E70AF1EE10FAD3DCDFE700BF5C0B020891
:10609000280B02082C0B0208140D02084C6903247B
:1060A000B40B0208B80B02083C0D0208486903242F
:1060B0005C69032400B585B0FCF7CAF8B0EE408AED
:1060C0001C4B00931C4B1D4A1D490020F8F7AEFFE6
:1060D000F6F784F9039012E01A4C2046FCF706FA12
:1060E000144B01930094184B184A19490020F8F7F3
:1060F0009DFF00F075FE012103A8F7F7C9FFFCF72B
:10610000A7F830EE480A134C84ED000AFCF7A0F81B
:10611000B0EE408A94ED000AFDEEC07A0E4BC3ED5E
:10612000007AF7EE087AB4EEE70AF1EE10FAD3DC63
:10613000DFE700BF5C0B0208280B02082C0B0208EB
:10614000740D0208D8690324B40B0208B80B0208C6
:106150009C0D0208D4690324E869032400B585B0C6
:10616000FCF776F8B0EE408A1C4B00931C4B1D4A9E
:106170001D490020F8F75AFFF6F730F9039012E0B6
:106180001A4C2046FCF7B2F9144B01930094184BBB
:10619000184A19490020F8F749FFFFF749F901218A
:1061A00003A8F7F775FFFCF753F830EE480A134CD5
:1061B00084ED000AFCF74CF8B0EE408A94ED000A3A
:1061C000FDEEC07A0E4BC3ED007AF7EE087AB4EE1E
:1061D000E70AF1EE10FAD3DCDFE700BF5C0B020840
:1061E000280B02082C0B0208D80D0208686903244A
:1061F000B40B0208B80B0208040E020864690324F9
:106200007869032400B585B0FCF722F8B0EE408A27
:106210001C4B00931C4B1D4A1D490020F8F706FF3C
:10622000F6F7DCF8039012E01A4C2046FCF75EF912
:10623000144B01930094184B184A19490020F8F7A1
:10624000F5FE00F05DFB012103A8F7F721FFFBF746
:10625000FFFF30EE480A134C84ED000AFBF7F8FF0D
:10626000B0EE408A94ED000AFDEEC07A0E4BC3ED0D
:10627000007AF7EE087AB4EEE70AF1EE10FAD3DC12
:10628000DFE700BF5C0B0208280B02082C0B02089A
:10629000400E0208BC690324B40B0208B80B0208C4
:1062A000680E0208B8690324CC69032400B585B0E0
:1062B000FBF7CEFFB0EE408A1C4B00931C4B1D4AEF
:1062C0001D490020F8F7B2FEF6F788F8039012E0B7
:1062D0001A4C2046FCF70AF9144B01930094184B12
:1062E000184A19490020F8F7A1FEFFF763FD0121C4
:1062F00003A8F7F7CDFEFBF7ABFF30EE480A134CCF
:1063000084ED000AFBF7A4FFB0EE408A94ED000A8A
:10631000FDEEC07A0E4BC3ED007AF7EE087AB4EECC
:10632000E70AF1EE10FAD3DCDFE700BF5C0B0208EE
:10633000280B02082C0B0208A40E0208846903240F
:10634000B40B0208B80B0208CC0E020880690324C3
:106350009469032410B5B8B0484C0DF1C40CA6469E
:10636000BEE80F00ACE80F009EE807008CE80700CD
:10637000002131A8F6F73CF8414B18600DF1A80C4C
:1063800004F11C0EBEE80F00ACE80F009EE8070009
:106390008CE8070000212AA8F6F72AF8394B186084
:1063A0000DF18C0C04F1380EBEE80F00ACE80F00C4
:1063B0009EE807008CE80700002123A8F6F718F8EC
:1063C000314B18600DF1700C04F1540EBEE80F0053
:1063D000ACE80F009EE807008CE8070000211CA82D
:1063E000F6F706F8294B18600DF1540C04F1700E05
:1063F000BEE80F00ACE80F009EE807008CE807003D
:10640000002115A8F5F7F4FF214B18600DF1380CA9
:1064100004F18C0EBEE80F00ACE80F009EE8070008
:106420008CE8070000210EA8F5F7E2FF194B186071
:106430000DF11C0C04F1A80EBEE80F00ACE80F0033
:106440009EE807008CE80700002107A8F5F7D0FFB9
:10645000114B1860EE4604F1C40CBCE80F00AEE826
:106460000F009CE807008EE8070000216846F5F75A
:10647000BFFF0A4B186038B010BD00BF800402088F
:106480007C6903249869032428690324446903244C
:1064900060690324D0690324B4690324EC690324EC
:1064A00008B5002211460648FBF7ACFF054B186003
:1064B000002211460448FBF7A5FF044B186008BDF5
:1064C0009C0300243C6A0324EC010024046A032496
:1064D000F0B597B02C273A4600210DEB070001F0EC
:1064E0002BFD174B0B93174B0C93174E0D964FF03C
:1064F0008D430E9307248DF84040144D11953A4674
:106500000021684601F018FD114B00930196114AD5
:10651000029203958DF8144006930DEB0700F9F7EE
:106520001BF90D4C20606846F9F716F960600B49BD
:106530000B48FCF78FF90B4B186017B0F0BD00BF8C
:106540000000A041000020410AD7233C00401C4627
:106550000000A040A69B443B506A032469650108E3
:10656000D0050024586A032484B008B50DF1080C46
:106570008CE80F00354B1968354A11605868354B67
:106580001860049A344B1A60BDF9203007EE903A37
:10659000F8EEE77A314BC3ED007A314B1A785B782D
:1065A0009A4216D12E4B1B785A1ED2B2012A17D905
:1065B000033BDBB2012B37D9294B1B7813B9294B8D
:1065C00000221A80274BB3F90000BDE8084004B050
:1065D0007047F9F793F91E4B1868F9F78FF9E1E75F
:1065E000214BD3ED000A1C4B93ED000A194B1868A0
:1065F000F9F7E4F8BDEEC00A10EE103A1BB200EE57
:10660000903AF8EEE00A194BC3ED000A134B93EDF4
:10661000000A0F4B1868F9F7D1F8BDEEC00A114B0C
:1066200010EE102A1A80C7E70F4BD3ED000A0B4B70
:1066300093ED000A064B1868F9F7C0F8BDEEC00AE2
:10664000084B10EE102A1A80B6E700BF506A0324E8
:10665000346A03242C6A0324246A0324286A03244A
:106660000C6A0324386A03244C6A0324306A032426
:1066700008B50C4B1868FBF749FE28B90A4B186897
:10668000FBF744FE38B908BD084A064B19680848AC
:10669000FBF74BFEF2E7074A034B19680648FBF786
:1066A00044FEF0E73C6A0324046A03240C6A0324D2
:1066B0009C030024F0690324EC01002408B502497E
:1066C0000248FBF7D0FE08BD406A0324CC03002437
:1066D00008B5FFF7E5FEFFF7FBFE044B00221A703A
:1066E0009A70034B00221A6008BD00BF0C6A032495
:1066F0004C6A032410B5FBF7ABFD704B83ED000A29
:10670000FFF7B6FF0024E4B16D4B1A68B2F922100E
:106710006C4B59806C4BDB68012B1AD06B4B012101
:1067200019700A216A480180002058709970664BE0
:106730001B78042B00F2B580DFE803F01731607D91
:10674000A2005F4B53F82400FCF70CF80134E4B2CC
:10675000D9E75E4B012119705D494FF4167008802E
:106760000221597058219970E1E71269594B1A605A
:10677000594B00221A60534B02221A70574B1B6868
:1067800013F0010F00F08F80544A13680133136037
:10679000B3F57A7F00F08D80FFF790FF10BD4A4B74
:1067A0009B78012BEAD14E4B1B68012B17D0D2ED01
:1067B000047A484B93ED007A77EEC77AF0EEE77AE9
:1067C000B1EE047AF4EEC77AF1EE10FAD6D5444B66
:1067D0001B68002BD2D1424B01221A60CEE7D2EDCA
:1067E000047A3C4BC3ED007A9FED3E7A77EE877AD0
:1067F000C3ED007A3A4B00211960D8E7364B1B688D
:106800002BB91269334B1A60334B01221A602E4B9D
:106810009B78012BB2D12F4BD3ED007A9FED327ACA
:1068200077EE877AC3ED007A274B00229A70254BCA
:1068300001221A70A2E7244B9C78022C05D0002C70
:106840009CD1244B00221A6098E7B3F9040000EBB6
:10685000C0008000E9F7C6FE0022244BE9F72CFFB8
:106860000022234BEAF752F80022224BE9F724FFDB
:10687000EAF734F9174B1860174B00221A60DEE76D
:10688000144B1D4A1A6079E70D4B53F82400FBF7AF
:1068900065FF0134E4B2002CF6D00A4B00221A70D6
:1068A0006CE70024F7E7094A12211448FBF72EF998
:1068B0006AE7134600221A606EE700BF5C6A032491
:1068C000586A0324406A03240C6A0324646A03247C
:1068D000206A03244C6A0324606A0324086A0324A0
:1068E000F805002400006145867B744400000440E4
:1068F0000000224000004E4000007AC5081100242C
:1069000008B5FFF7B5FEFFF7F5FEFFF7D7FE08BDA8
:1069100000234FF0FF3C8B4211D210B4C25C5FFAEF
:106920008CF46240074C54F8222082EA1C2C01337C
:106930008B42F3D36FEA0C005DF8044B70476FEAAB
:106940000C007047040F02082DE9F04385B006469D
:106950000D46002403E0FF2A14D00134A4B2AC4257
:1069600079D2325D3D4B1B78032BF6D801A151F84B
:1069700023F000BF5769010899690108B969010846
:10698000D9690108364900230B8001230B80354962
:106990000A70324A1370E0E7AA2A03D02F4B002274
:1069A0001A70DAE72E490B88581C08802D49CA5402
:1069B0002A4B02221A70D0E7294801884B1C9BB24F
:1069C000038028484254032BC7D94288264B1A809B
:1069D000224B03221A70C0E7214801884B1C9BB24E
:1069E000038020484254204A1788FA1D9A42B4DA9C
:1069F00007F1040881464146FFF78AFF59F808303D
:106A0000834205D00023154A1370154A1380A4E76A
:106A10003A4609F104011548EAF740FB144B1F8080
:106A2000144B01221A70002FECD099F80430202B5F
:106A3000E8D10C2FE6D9D9F805000190D9F8091052
:106A40000291D9F80D2003920B4B186059609A609F
:106A500001221A73D6E705B0BDE8F083C67103249E
:106A6000C4710324C46F0324DA6A0324C06B0324B3
:106A7000C06F0324D86A0324846A032470B50C46CB
:106A80000B4DFF232B70AA236B7069800A460146C9
:106A9000281DEAF703FB261D31462846FFF738FF7D
:106AA000A85104F1080189B22846F8F725FB70BD0A
:106AB000F471032408B5002211461448FBF7A2FC28
:106AC000134B1860002211461248FBF79BFC124B37
:106AD0001860002211461148FBF794FC104B186017
:106AE000002211460F48FBF78DFC0F4B1860002267
:106AF00011460E48FBF786FC0D4B1860002211462C
:106B00000C48FBF77FFC0C4B186008BD0C030024FD
:106B1000B46B0324EC010024806A03247C0200246B
:106B2000406B0324AC0200245C6B0324DC020024D1
:106B3000606B03244C020024D46A032408B5244B60
:106B40001868FBF7E3FBC8B9224B1868FBF7DEFBBC
:106B5000D8B9214B1868FBF7D9FBE8B91F4B186867
:106B6000FBF7D4FBF8B91E4B1868FBF7CFFB08BB4B
:106B70001C4B1868FBF7CAFB18BB08BD1A4A144B1C
:106B800019681A48FBF7D1FBDEE7194A114B19685F
:106B90001848FBF7CAFBDCE7174A0F4B1968174880
:106BA000FBF7C3FBDAE7164A0C4B19681548FBF7ED
:106BB000BCFBD8E7144A0A4B19681448FBF7B5FB2D
:106BC000D6E7134A074B19681248FBF7AEFBD4E728
:106BD000B46B0324806A0324406B03245C6B03249E
:106BE000606B0324D46A0324686B03240C03002421
:106BF0006C6A0324EC010024286B03247C0200242B
:106C0000446B0324AC020024DC6A0324DC0200246D
:106C1000946A03244C02002408B502490248FBF799
:106C200022FC08BDCC7103242C04002408B5FFF716
:106C300025FF08BD00285BD010B5C4B010228DF828
:106C400010200288ADF811204288ADF81320828808
:106C5000ADF81520C288ADF81720027A8DF81920FA
:106C6000427A8DF81A204289ADF81B208289ADF84E
:106C70001D20827B8DF81F20C27B8DF82020028A88
:106C8000ADF82120438AADF8233000244FF0150ED3
:106C900025E0EC46174B03EB04130FCB8CE80F00F9
:106CA00004AB9CF8002003F80E200EF10102BCF8A2
:106CB000020098520EF1030299500EF10702BCF83F
:106CC000081099520EF10902BCF80A1099520EF1FF
:106CD0000B029CF80C1099540EF10C0E0134032C8D
:106CE000D7DD1FFA8EF104A8FFF7A0FF44B010BD56
:106CF000704700BF946A032438B5174B1C684CB327
:106D0000B1FA81F35B0928B323BB0A6812B3B2F569
:106D1000807F01D94FF48072104B1B78104903EB30
:106D2000C31C01EB4C0521F81C200146A81CEAF706
:106D3000B5F9002229462046F5F737FC50B9074936
:106D40000B7801335A4203F0070302F0070258BFE1
:106D500053420B7038BD00BF087B0324F472032438
:106D6000F872032410B584B024220021144801F0E5
:106D7000E3F80023134A1370134A1380134B1B6864
:106D800093B1FCF727F9124C2060FFF793FE2368BC
:106D90001433104A1360FBF75BFABCEEC00A0E4BCB
:106DA00083ED000A04B010BD0C4B6C460FCB84E899
:106DB0000F0000212046F5F7E3FB044B1860E0E7E5
:106DC000CC710324C6710324C4710324087B0324FB
:106DD000BC6B0324B86B0324646B032460050208B6
:106DE00000B585B0FBF734FA214B83ED000AFFF7BD
:106DF000A5FE00221F4B196801A8F5F709FC019BAD
:106E0000102B09D102980028F3D001880029F0D076
:106E10000230FFF799FDECE7FBF71AFA164BD3EDBA
:106E2000007AF8EE677A30EE670ADFED147AB4EE96
:106E3000E70AF1EE10FA12DA114B1868FFF7FAFEC2
:106E4000FFF7EAFEFBF704FA094BD3ED007A30EEC8
:106E5000670A0C4B83ED000A05B05DF804FBFBF7F5
:106E6000F7F9BCEEC00A044B83ED000AE4E700BF6B
:106E7000F0710324087B0324646B03240000FA43AD
:106E8000BC6B0324C871032438B5274D242200218C
:106E9000284601F051F8254B1B7803EBC30359003A
:106EA000234C292229442046F3F71AFCD4F88030D9
:106EB0001B682049204A934218BF8B422FD01832BA
:106EC00093422CD01832934229D01832934226D0C4
:106ED0001832934223D01832934220D01832934272
:106EE0001DD002F55672934219D01832934216D033
:106EF0001832934213D01832934210D01832934272
:106F00000DD0183293420AD01832934207D018326B
:106F1000934204D01A6822F004021A6003E01A684F
:106F200022F008021A6038BDDC7C0324007D0324B3
:106F300048280024100002402800024038B5274DA0
:106F40004FF4D1720021284600F0F6FF244B197847
:106F5000D122244C01FB02512046F3F7C1FBD4F8A7
:106F600080301B682049214A934218BF8B422FD0A2
:106F7000183293422CD01832934229D018329342BF
:106F800026D01832934223D01832934220D01832A0
:106F900093421DD002F55672934219D01832934293
:106FA00016D01832934213D01832934210D01832B0
:106FB00093420DD0183293420AD01832934207D030
:106FC0001832934204D01A6822F004021A6003E0D7
:106FD0001A6822F008021A6038BD00BF107B032433
:106FE000B27C03248C2600241000024028000240BA
:106FF00008B50021094B1868F6F70DFB012800D0F1
:1070000008BD074B187880F0010000EBC000054B6D
:1070100003EB4000FBF7E2FFF2E700BFC8200024CB
:10702000007D0324DC7C032438B500210D4B186857
:10703000F6F7F1FA012800D038BD0B4B1C7884F02C
:107040000103D125094C05FB0344094B198889B27A
:107050002046FCF777FA2A460021204600F06CFF14
:10706000EAE700BFC4200024B27C0324107B032481
:10707000B47C032408B5FFF707FFFFF75FFF04E0C8
:10708000FFF7B6FF0120F7F755F84FF0FF31074B38
:107090001868F6F73DFC064B1B688342F0D0054BA1
:1070A0001B688342EED1FFF7BFFFEBE7D02000243F
:1070B000C8200024C420002408B50B4B1B6853B122
:1070C00010220A490A48F3F70BFB102209490A4823
:1070D000F3F706FB08BD002211211020F5F798FFF9
:1070E000014B1860ECE700BF0C7B0324BC7C03243D
:1070F00020270024CC7C0324B427002470B586B05C
:1071000004460D460268374B9A4209D02268364B36
:107110009A4236D02268354B9A424BD006B070BDA9
:1071200000230093102917D0102231493148F3F77A
:10713000D7FA0021304B1868F6F757F9009B002B5F
:10714000E4D04FF0E0234FF08052C3F8042DBFF39A
:107150004F8FBFF36F8FD9E702238DF80430244E91
:107160000FCECDF80500CDF80910CDF80D20CDF8E3
:10717000113000236A4601A920480068F6F7B4F8E8
:10718000D2E71F4B1D601F4B1D801F4B1A7882F0EA
:1071900001021A70197801EBC10129221B4B03EB84
:1071A00041011B48F3F79CFA00211A4B1868F6F7C7
:1071B0001CF9AFE7D12DB1D8174B1D80174B1A78AA
:1071C00082F001021A701978D122154B01FB0231AD
:1071D0001448F3F785FA0021134B1868F6F705F900
:1071E0009CE700BF0044004000500040001C0140EC
:1071F000BC7C032420270024CC2000240C7B032407
:10720000B87C0324027D0324007D0324DC7C03245A
:1072100048280024C8200024B47C0324B27C032422
:10722000107B03248C260024C420002438B5044697
:107230000268144B9A4204D02268134B9A4211D030
:1072400038BD124B1978124D01EBC101292205EB13
:1072500041011048F3F744FA24220021284600F0A7
:107260006BFEE9E70C4B19780C4CD12201FB024173
:107270000B48F3F735FA4FF4D1720021204600F0A5
:107280005BFEDDE700500040001C0140007D032450
:10729000DC7C032448280024B27C0324107B0324D4
:1072A0008C2600242DE9F04F028885B04B88D0F859
:1072B00004E09342448848684ED1B1F80080A0456C
:1072C0004AD14FEA980908F003089C0084464FEA27
:1072D000880109FB04F21D014FEA091B00EB040AB7
:1072E00092000391DB00029201936346B9F1000F13
:1072F0001DD001990EF110024846614452ED047A06
:107300001F190E190138C3ED007A02F1100252ED77
:10731000077A2B44C7ED007A52F8187C0F60294495
:1073200052F8147C3760E9D1029BDE446344B8F123
:10733000000F09D04246714651F8040B013A18601B
:107340002344F9D1039B9E440CF1040CD445CCD1C9
:10735000002005B0BDE8F08F6FF00200F9E700BF34
:10736000F0B40368D0F804C05668D1E90047A342DE
:107370005DD1126893425AD10388448804FB03F418
:10738000A50832D00CF1100107F1100206F110032C
:10739000284612ED047A013851ED047A02F1100208
:1073A00001F1100103F1100377EEC77A43ED087A7B
:1073B00012ED077A51ED077A77EEC77A43ED077A37
:1073C00012ED067A51ED067A77EEC77A43ED067A2A
:1073D00051ED057A12ED057A77EEC77A43ED057A1D
:1073E000D7D12B019C441F441E4414F003041BD02E
:1073F000DCED007A013C97ED007A77EEC77AC6EDB6
:10740000007A11D0DCED017A012C97ED017A77EE4C
:10741000C77AC6ED017A07D0DCED027A97ED027AE1
:1074200077EEC77AC6ED027A0020F0BC70476FF0A5
:107430000200FAE72DE9F04F45888BB00B880688EB
:10744000AB4209914768049648685468498840F0FF
:107450008D801588B54240F0898052888A4240F07C
:1074600085804FEA9308011D160103F00309089176
:10747000950006FB08F1C2EB827C9B0007F1100B24
:10748000039107EB0811D20004EB050A01914FEAC2
:107490008C01029207910693ABF11003DDF820E016
:1074A0000593079B03EB0A0CB8F1000F56D0029B23
:1074B00044460246DFED307AC1185B46D2ED006AE1
:1074C000571913ED047A013C53ED035A324427EE69
:1074D000267A97ED006A53ED026A01EB050726EE66
:1074E000256A91ED005A77EE277AD7ED005A26EEFD
:1074F000857A53ED016A314403F1100376EE277A61
:1075000065EEA66A77EE277A76EEA77AD6D1039B48
:10751000019A1844B9F1000F0BD04B46D0ED006A28
:10752000013BB2EC017A284427EE267A77EE877A7F
:10753000F4D1ECEC017AD44570460EF1040EB3D1CF
:10754000019AAA44069B11469B441944049B013BA3
:107550000191049306D0099B58689DE7059ADFEDD9
:10756000067AD7E718460BB0BDE8F08F6FF002003F
:107570000BB0BDE8F08F00BF000000002DE9F04F18
:10758000438887B004884D689C420193D0F80490EA
:10759000039540F0E2800B884A889A4240F0DD80F3
:1075A0009C4240F0DA800590FCB14FF07E5B661E95
:1075B00045F804BB19D00127B20028464FEA8708D6
:1075C000002105EB020A00F0B7FC424600210AEB5D
:1075D00008055046002F00F0C58000F0ADFC013ECC
:1075E00007F1010745F804BBE6D1019B002B00F031
:1075F000AF809D00CC469E46DDF80C900CEB050359
:107600002F46002602932B1D0493029BB442DCED0F
:10761000006AA3EB070B00F09B80324663469FEDA8
:10762000557A09E0F4EE477A01322B44F1EE10FA74
:1076300037FE877AA24212D0D3ED007AF5EEC07AF7
:10764000B1EE676AF1EE10FAECDCB4EE476A013293
:107650002B44F1EE10FA36FE077AA242ECD1B5EED9
:10766000407AF1EE10FA73D0F5EE406AF1EE10FABE
:107670006ED07246634693ED007A013AC7EE267AE1
:10768000E3EC017AF7D101994B4693ED007A013989
:10769000C7EE267AE3EC017AF7D14FEA8608039821
:1076A000B14238D0DBED006A5A467346E246BAEC86
:1076B000017A013BD2ED007A26EE877A77EEC77A1F
:1076C000E2EC017AF3D1BB440246019BCA46BAEC14
:1076D000017A013BD2ED007A26EE877A77EEC77AFF
:1076E000E2EC017AF3D128440131C3448C42D7D172
:1076F000049BBEF1010E06F10106A7F104079C44AC
:10770000A94482D1F5EE406AF1EE10FA06D00020CD
:1077100007B0BDE8F08FBB442844E5E7059B019A1C
:107720005B6802FB04F2D3ED007A1446F5EE407A72
:10773000F1EE10FAEBD1043306E0F3EC017AF5EE4A
:10774000407AF1EE10FAE2D10EF1010E7445F4D157
:107750006FF0040007B0BDE8F08F6FF0020007B0D3
:10776000BDE8F08F5546013E45F804BB7FF423AFDA
:107770003BE700BF0000000001804280436070478B
:10778000F0B40368D0F804C05668D1E90047A342BA
:107790005DD1126893425AD10388448804FB03F4F4
:1077A000A50832D00CF1100107F1100206F1100308
:1077B000284612ED047A013851ED047A02F11002E4
:1077C00001F1100103F1100377EE877A43ED087A97
:1077D00012ED077A51ED077A77EE877A43ED077A53
:1077E00012ED067A51ED067A77EE877A43ED067A46
:1077F00051ED057A12ED057A77EE877A43ED057A39
:10780000D7D12B019C441F441E4414F003041BD009
:10781000D7ED007A013C9CED007A77EE877AC6EDD1
:10782000007A11D0DCED017A012C97ED017A77EE28
:10783000877AC6ED017A07D0DCED027A97ED027AFD
:1078400077EE877AC6ED027A0020F0BC70476FF0C1
:107850000200FAE7DFED1F7A20EE270AB5EEC00A34
:10786000FDEEC07AF1EE10FA04D517EE903A013B26
:1078700007EE903AF8EEE77ADFED176A70EE677A76
:1078800067EEA67ABCEEE77A17EE103A9BB2B3F534
:10789000007F1AD207EE103A591CB8EE470A77EE6D
:1078A000C07A0E4AB7EE000A02EB830302EB8102B4
:1078B00030EE670AD3ED006A92ED007A20EE260AD8
:1078C00067EE877A30EE270A704777EEE67A012175
:1078D0000023E6E783F9223E000000440413020877
:1078E000DFED217AB5EE007A20EE270A30EE070AA6
:1078F000B5EEC00AFDEEC07AF1EE10FA04D517EE2F
:10790000903A013B07EE903AF8EEE77ADFED176A1E
:1079100070EE677A67EEA67ABCEEE77A17EE103A59
:107920009BB2B3F5007F1AD207EE103A591CB8EE9D
:10793000470A77EEC07A0E4AB7EE000A02EB8303DD
:1079400002EB810230EE670AD3ED006A92ED007A15
:1079500020EE260A67EE877A30EE270A704777EE28
:10796000E67A01210023E6E783F9223E0000004485
:1079700004130208014B1868704700BFFC0500247F
:1079800070B50D4E0D4D761BB61006D0002455F87F
:10799000043B01349847A642F9D1094E094D761BA4
:1079A00008F028FDB61006D0002455F8043B013439
:1079B0009847A642F9D170BDF0240208F0240208CD
:1079C000F8240208F0240208024B0146186800F06F
:1079D00003B800BFFC0500242DE9F04F01F10B06B0
:1079E000162E83B0044624D8102900F2BA8000F085
:1079F000F5FA102618220220B54F3A44A2F10801E8
:107A000053688B4200F0BA805A68D96822F00302AA
:107A10001A449D68E9608D60516841F0010120467B
:107A2000516003F1080500F0DFFA284603B0BDE815
:107A3000F08F36F0070600F19480B14200F2918099
:107A400000F0CCFAB6F5FC7FC0F09A81730A00F022
:107A50008F80042B00F26F81B30903F1390003F129
:107A6000380CC3009A4F3B44A3F108055B689D4264
:107A700006D10CE0002980F22781DB689D4206D008
:107A80005A6822F00302911B0F29F3DD60463D691D
:107A9000DFF850C265457CD06A6822F00302931B70
:107AA0000F2B00F37B81002BC7E904CC80F26C81A3
:107AB000B2F5007F80F01A81D308796801334FEA6C
:107AC000521E012202FA0EF20A4357F833E0C5F8BB
:107AD00008E007EBC3010839E9607A6047F83350E2
:107AE000CEF80C50831001219940914257D8114291
:107AF00006D120F003004900114200F10400FAD041
:107B000007EBC0094D468646D5F80C80454508D19F
:107B10001DE1002B80F22481D8F80C80454500F04F
:107B20001681D8F8042022F00302931B0F2BF0DDFE
:107B30002046D8E9025408EB060146F00106C8F8D1
:107B40000460EC60A56043F00104C7E90411C1E9D9
:107B500002CC4C6048F8023000F046FA08F1080503
:107B600002E00C2323600025284603B0BDE8F08F17
:107B70004FF4007340204FF03F0C73E7D3689A42F4
:107B800008BF02307FF440AF3D69DFF858C165455A
:107B900082D17A688310012199409142A7D9BD68AA
:107BA0006B6823F003094E4503D8A9EB06030F2B9E
:107BB0007ADCDFF834B1474BDBF800201B68013278
:107BC000334405EB090A00F0338103F580530F338A
:107BD00023F47F6828F00F084146204600F076FA2B
:107BE000411C024600F0F380824500F2EE803A4BE1
:107BF000196841441960084600F04E81DBF8001016
:107C0000019301311BBFA2EB0A0A5044CBF80020BC
:107C1000186012F0070B00F01781CBF108010A443D
:107C2000CBF5805190440831A1EB0801C1F30B0A58
:107C300051462046009200F049FA421CDDE900233B
:107C400000F04F81801A00EB0A081968BA6048F00A
:107C500001005144BD425060196000F02981B9F122
:107C60000F0F40F227816868A9F10C0C2CF0070C6B
:107C700000F0010040EA0C0068604FF0050E05EBD3
:107C80000C00BCF10F0FC0E901EE00F23281506828
:107C90001546124B1A688A4238BF1960104B1A6891
:107CA0008A4238BF196094E0AA1943F0010346F0F4
:107CB00001066E602046BA60536000F095F9083501
:107CC000284603B0BDE8F08FD9681A44A1E600BF8A
:107CD000280A0024347D0324047D03242C7D0324FE
:107CE000307D0324300A0024300E0024B2F5206FCA
:107CF0004FEA522363D3142B00F2B78003F15C01E7
:107D0000C9005B3307EB010E7958AEF1080E8E45C2
:107D100000F091804B6823F00303934202D98968F5
:107D20008E45F7D1D1F80CE07A68C5E9021ECEF88D
:107D30000850CD60D6E6142B59D9542B00F29D8003
:107D4000330B03F16F0003F16E0CC3008AE60EF1F2
:107D5000010E1EF0030F05F108057FF4D5AE51E0CA
:107D6000424445465368D8F80C1043F00103536071
:107D700055F8083F2046D9608B6000F035F9F3E6EE
:107D8000F00806F1080237E62A442046536843F01B
:107D900001035360083500F027F9E5E6A9192046EC
:107DA00046F0010643F001046E60C7E90411C1E921
:107DB00002CC4C60AB5000F017F90835D4E69309BB
:107DC00003F13901C90038339CE7BD425FD0BD687B
:107DD000686820F003084645A8EB060302D80F2B7D
:107DE0003FF762AF204600F0FFF80025BCE603F144
:107DF0005C0003F15B0CC30034E659F808394B45CD
:107E000040F0968010F0030F00F1FF30F5D17B6851
:107E100023EA01037B60490099423FF6C0AE19B9DD
:107E2000BDE649000EF1040E1942FAD0704667E62D
:107E300003F11008D0E69A104FF001087B6808FAA9
:107E400002F21A437A6070E702EB08014942C1F37B
:107E50000B0A51462046009200F038F9431CDDE938
:107E600000237FF4EFAEDA46EFE6542B25D8130B50
:107E700003F16F01C9006E3344E7B3F5AA7F25D83B
:107E8000F30B03F1780003F1770CC300EAE5294B0B
:107E9000186840441860B1E6CAF30B0CBCF1000F3F
:107EA0007FF4ACAEBD68C84448F001006860F0E6FD
:107EB0001546EEE60123536094E7B3F5AA7F23D875
:107EC000D30B03F17801C90077331BE740F254521A
:107ED000934223D8B30C03F17D0003F17C0CC30063
:107EE000C0E5ABF1080BD844A8EB02084FF0000A3C
:107EF000ABE605F108012046009303F0EFF8BD68FA
:107F0000009B68681968C4E640F254518B420BD854
:107F1000930C03F17D01C9007C33F3E64FF47E73CB
:107F20007F204FF07E0C9DE54FF47E717E23E9E6C5
:107F30007B6870E7047D0324830730B548D0541E66
:107F4000002A3FD0CAB2034601E0013C3AD303F80D
:107F5000012B9D07F9D1032C2DD9CDB245EA05257A
:107F60000F2C45EA054536D9A4F1100222F00F0C7A
:107F700003F1200EE6444FEA121C03F1100242E91D
:107F8000045542E9025510327245F8D10CF1010254
:107F900014F00C0F03EB021204F00F0C13D0ACF131
:107FA000040323F003030433134442F8045B9342B5
:107FB000FBD10CF003042CB1CAB21C4403F8012B12
:107FC0009C42FBD130BD64461346002CF4D1F9E746
:107FD00003461446BFE71A46A446E0E7014803F00B
:107FE00027BB00BF407D0324014803F023BB00BF33
:107FF000407D03242DE9F0410E680C460546BEB1D4
:1080000037688FB1D7F80080B8F1000F08D0D8F8E2
:10801000001009B1FFF7EEFF4146284603F05EF875
:108020003946284603F05AF83146284603F056F8F8
:1080300021462846BDE8F04103F050B8224B1B68AA
:10804000834240D0C16C70B5054681B100268C5981
:108050003CB121462468284603F040F8002CF8D1B2
:10806000E96C0436802EF2D1284603F037F8296CEB
:1080700011B1284603F032F8D5F8484154B105F55E
:10808000A676B44206D021462468284603F026F896
:10809000A642F8D1696D11B1284603F01FF8AB6B09
:1080A00083B1EB6B28469847D5F8E04254B121687C
:1080B00011B12846FFF79EFF21462846BDE87040D3
:1080C00003F00CB870BD7047FC05002438B5074DAF
:1080D0000022044608462A60EAF724F9431C00D02F
:1080E00038BD2B68002BFBD0236038BD387D0324BE
:1080F0000EB410B59DB06FF000411FABCDE9060185
:108100000491094953F8042B0290084C0868019324
:1081100002A9059400F00CF8029B00221A701DB011
:10812000BDE8104003B07047FC0500240802FFFFC3
:108130002DE9F04F2DED0A8BCFB00C4691460AEE9B
:10814000101A09930AEE900A03F06AFA036813936F
:108150001846E9F755F8A38912901A0603D5236942
:10816000002B00F0A0874D469FEDA57B2B780024C7
:1081700025AACDE92344CDE91544CDE917448DED79
:10818000107B1AEE909A0E942292904614940594C5
:10819000002B00F0EC81AB4604E01BF8013F002B04
:1081A00000F01A81252BF8D1BBEB050640F01881B1
:1081B0009BF80030002B00F0DA8100234FF0FF32F3
:1081C0009BF801708DF86B3006930BF1010B049254
:1081D0009A462B2420210BF1010BA7F120035A2BE7
:1081E00000F23C81DFE813F0D5023A013A01D002F7
:1081F0003A013A013A016A003A013A016502FE0287
:108200003A017002E4023A01DF025B005B005B00AE
:108210005B005B005B005B005B005B003A013A01C6
:108220003A013A013A013A013A01D2013A013602E1
:108230008500D201D201D2013A013A013A013A0154
:10824000CB023A013A01C6003A013A013A01400232
:108250003A0175023A013A014F073A013A013A01EF
:108260003A013A013A013A013A01D2013A013602A1
:108270008700D201D201D201BE02870080003A01FC
:10828000B1023A019902C800870280003A01400217
:108290007D002A073A013A012E073A017D00A7F135
:1082A000300300221BF8017B02EB820203EB420247
:1082B000A7F13003092BF5D906928EE7484603F063
:1082C000AFF9436817931846E8F79AFF18900646E7
:1082D000484603F0A5F9836815932021002E40F04D
:1082E000C2859BF8007076E79BF800704AF0200A80
:1082F00071E74AF0100A1AF0200F099B00F09A81EA
:10830000073323F007031A465B6852F8084B0992BB
:108310001E46002BC0F26B85049B013301F03A80AE
:108320002AF08003039354EA060300F0E7840A2C42
:1083300076F1000380F0908730340123DDF80CA043
:108340008DF8374107930DF23715049907989DF87A
:108350006B3081424FF00002B8BF01460892039192
:108360000C920F920D92002B00F08980039A01323B
:10837000039284E04AF0100A1AF0200600F04B81C4
:10838000099B073323F007035E6853F8084B0993F2
:108390002AF480630393002300228DF86B20049A53
:1083A000551C00F02682039921F0800A54EA060148
:1083B00040F01D82002A41F02980002B40F0A48467
:1083C000039B13F00103079300F0428530238DF8DF
:1083D00037310DF23715B8E7BBEB050600F0C78063
:1083E000249B33442493239B0133072BC8E9005675
:1083F000239309DC08F10808059B33440593D7E66D
:1084000000000000000000001AEE101A22AA4846E0
:1084100004F050F890B90DF19408EDE71AEE101A37
:1084200022AA484604F046F8002800F09180089BF4
:1084300023B108991AEE900A02F050FE1AEE103A93
:108440009B8913F0400F059B18BF4FF0FF33059336
:1084500005984FB0BDEC0A8BBDE8F08F002F00F0FF
:10846000868000238DF8D4708DF86B300122CDE921
:108470000723039204930C930F930D9335AD1AF0D9
:1084800002020A9202D0039A023203921AF0840284
:108490000B9205D1069A0399561A002E00F30D830C
:1084A000249C8BB1239B0DF16B0201330134C8F87E
:1084B0000020072B4FF0010224942393C8F80420D6
:1084C00000F3338308F108080A9B83B1239B1BAA9E
:1084D00001330234C8F80020072B4FF00202249425
:1084E0002393C8F8042000F32D8308F108080B9BA0
:1084F000802B00F00F82049B079A9E1A002E00F337
:1085000050821AF4807F40F0AB81079BC8F804309A
:108510001C44239BC8F800500133072B2494239359
:1085200000F3BE8208F108081AF0040F05D0069B7C
:10853000039A9D1A002D00F31283DDE90532039999
:108540008A42ACBF9B185B180593002C7FF466AF82
:1085500000232393089B1BB10899484602F0BEFDF7
:108560000DF194085D462B78002B7FF414AE249B0C
:10857000002B3FF463AF1AEE104A1AEE101A1AEEEF
:10858000900A22AA03F096FFA3895AE7099B0733B2
:1085900023F00703B3EC027B8DED107BDDE91012B5
:1085A000099322F000430BEE101A0BEE903A4FF0B5
:1085B000FF32B0EE4B9AF0EE6B9AA54B51EC190BD3
:1085C000E8F766FF002840F06784A14B51EC190BD7
:1085D0004FF0FF32E8F73EFF002840F05D84DDE910
:1085E000100100220023E8F72BFF002840F0A587A8
:1085F0009DF86B30974D984A2AF0800A0321472F47
:10860000C8BF1546002208920391079104920C926C
:108610000F920D92A7E61AF0100340F033841AF07F
:10862000400200F05B87099A52F8044B09921E46FB
:10863000A4B2ADE653F8044B09931AF0100F40F0C2
:108640000E841AF0400F00F0068444F3C03633461F
:1086500024B25EE6099A002352F8041B8DF86B30B1
:108660008DF8D410099201E7099C54F8045B0026A8
:108670008DF86B60002D00F0D986049B5A1C00F029
:1086800046851A4631462846E8F72AFE0890002813
:1086900001F07A80089B0496591B079121EAE17149
:1086A0009DF86B300994039108960C960F960D96E1
:1086B00059E6099B53F8042B0692002A80F2C383E3
:1086C000069A0993524206929BF800704AF0040AF7
:1086D00081E54AF010030393039B13F0200600F09A
:1086E0007383099B073323F007035E6853F8084B35
:1086F0000993012350E6099B53F8044B0993302357
:108700004AF0020278278DF86C30544B1493039290
:108710008DF86D70002602233EE61AF0200F40F01F
:1087200082841AF0100F40F078861AF0400F40F063
:108730004C871AF4007F00F07086099B059953F866
:10874000042B099311705D460DE79BF800706C2FA8
:1087500003BF9BF801704AF0200A0BF1010B4AF0AD
:10876000100A38E59BF80070682F03BF9BF8017072
:108770004AF4007A0BF1010B4AF0400A2BE59BF812
:1087800000704AF0080A26E59BF800704AF0010ADA
:1087900021E59DF86B30002B7FF4A3AD9BF80070B2
:1087A0008DF86B1017E59BF800704AF0800A12E50F
:1087B0005A4612F8017B2A2F01F0F381A7F130030A
:1087C000092B934698BF002200F2F4871BF8017B27
:1087D00002EB820203EB4202A7F13003092BF5D929
:1087E0000492FAE49BF800708DF86B40F3E4CDF846
:1087F0000CA0012B3FF49BAD022B4EAD12D1149A6D
:1088000004F00F032409D35C05F8013D44EA067423
:10881000360954EA0603F3D14EAB5B1BDDF80CA01E
:10882000079392E504F00703E40844EA4674F60867
:10883000303354EA06012A4605F8013DF2D1039986
:10884000C80700F14C824EAB5B1B8A4607937CE560
:10885000FFFFEF7F0C1B0208101B02081C1B020805
:10886000652F40F3D780DDE9100100220023E8F7EF
:10887000DDFD002800F0B481239BBC4AC8F800202D
:10888000013301340122072B24942393C8F80420D8
:1088900000F3848508F108081C9B0E9A934280F22D
:1088A000CD82129B139A1C44C8E90023239B249475
:1088B0000133072B239300F3E98308F108080E9B8B
:1088C0005D1E002D7FF730AE102D239B41F34781B5
:1088D000A74F0A97224610261AEE104A05E008F123
:1088E0000808103D102D40F3678501331032072B27
:1088F000C8E90076CDE92332F1DD22AA21464846B7
:1089000003F0D8FD00287FF492ADDDE923320DF1AC
:108910009408E6E7069B039A9E1A002E7FF7EBADBC
:10892000102E239B41F34F8091490B9522461AEE5E
:10893000105A0A910C4604E0103E102E08F1080867
:1089400019DD013310321021072BCDE92332C8F88D
:108950000040C8F80410EFDD22AA294648460DF170
:10896000940803F0A7FD00287FF461AD103E102E9F
:10897000DDE92332E5DC0B9D144601330A9AC8F881
:1089800000203444072BCDE92334C8F8046000F3F9
:108990002F85049B079A9E1A002E08F108087FF77E
:1089A000B0AD102E239B40F3C48571480A90424617
:1089B00021461AEE108A044604E0103E102E02F101
:1089C000080216DD013310311020072BCDE92331C9
:1089D00014605060F1DD22AA4146484603F06AFD6A
:1089E00000287FF424AD103E102EDDE9233125AAA6
:1089F000E8DC90460C4601330A9AC8F8002034445B
:108A0000072BCDE92334C8F8046000F3CF8108F1C7
:108A1000080876E50E9B012B40F37C81239EC8F865
:108A20000050013601340123072E24942396C8F800
:108A3000043000F3E78108F10808129B139A01360D
:108A40001C44072EC8E90023CDE9236400F3E88124
:108A500008F10808DDE9100100220023E8F7E6FC30
:108A6000002840F076810E9B0136013B01351C4405
:108A7000072EC8F800502396C8F80430249400F359
:108A80005A8108F10808169BC8F8043001361C44C6
:108A9000072E1EABCDE92364C8F800307FF742AD46
:108AA0001AEE101A22AA484603F004FD00287FF4AB
:108AB000BEAC249C0DF1940836E5102EDDE923327E
:108AC00022DD199510241AEE105A04E0103E102EE3
:108AD00008F1080817DD013326491032072BC8E9D1
:108AE0000014CDE92332F1DD22AA294648460DF1D2
:108AF000940803F0DFFC00287FF499AC103E102EA0
:108B0000DDE92332E7DC199DC8F804600133B418AD
:108B1000072B184AC8F80020CDE9233400F3E1837D
:108B20009DF86B3008F10808BBE41AEE101A22AA6F
:108B3000484603F0BFFC00287FF479AC249C0DF17B
:108B40009408C1E41AEE101A22AA484603F0B2FCB7
:108B500000287FF46CAC249C0DF19408C7E4102D20
:108B6000239B26DD1AEE107A10260AE04C1B020821
:108B7000601B0208501B0208103D102D08F1080868
:108B800017DD0133C24A1034072BC8E90026CDE9AE
:108B90002334F1DD22AA394648460DF1940803F04A
:108BA00089FC00287FF443AC103D102DDDE923340F
:108BB000E7DC0133B64AC8F804502C44072BCDE952
:108BC0002334C8F800207FF7B8AC1AEE101A22AA96
:108BD000484603F06FFC00287FF429AC249CACE4E9
:108BE0001C9A002A40F39683DDE90D739F42A8BFCB
:108BF0001F46002F0BDD239B01333C44072BC8E9A4
:108C000000572494239300F35C8508F108080D9E17
:108C1000002FA8BFF61B002E00F353820D9B1AF401
:108C2000806F2B44079340F083821C9B0E9A9342E3
:108C300003DB1AF0010F00F0B884129A1399144460
:108C4000C8E90012239A24940132072A239200F3E0
:108C5000768508F108080E9A0799AE18761AD51A83
:108C6000AE42A8BF2E46002E0DDD239BC8F8001093
:108C700001333444072BC8F804602494239300F391
:108C80009D8508F10808002EA8BFAD1B002D7FF7B9
:108C90004BAC102D239B40F362877E4F0A972246F0
:108CA00010261AEE104A05E008F10808103D102DB4
:108CB00040F3828301331032072BC8E90076CDE9F7
:108CC0002332F1DD22AA2146484603F0F3FB0028B7
:108CD0007FF4ADABDDE923320DF19408E6E7302BEC
:108CE0003FF49AAD3023023A05F8013C4EAB9B1A93
:108CF000DDF80CA007931546FFF727BB049B002B5C
:108D00007FF41AABDDF80CA00023049307934EAD5B
:108D1000FFF71BBB1AF0010F7FF480AE239EC8F84B
:108D20000050013601340123072E24942396C8F8FD
:108D300004307FF7A6AE1AEE101A22AA484603F0B6
:108D4000B9FB00287FF473ABDDE923640DF19408CF
:108D500099E60E9B5D1E002D7FF795AE102D40F31A
:108D600015874C4ACDF810A023461AEE10AA0A9295
:108D70001027144605E008F10808103D102D40F3B7
:108D80009D8301361033072EC8E90047CDE92363E0
:108D9000F1DD22AA5146484603F08CFB00287FF4FF
:108DA00046ABDDE923630DF19408E6E71AEE101AED
:108DB00022AA484603F07EFB00287FF438AB249CAF
:108DC0000DF19408FFF79DBB039B13F0100340F0D7
:108DD0002381039A12F0400200F09B83099A52F813
:108DE000044B09921E46A4B20123FFF7D5BA2D23E6
:108DF00064428DF86B3066EB4606CDF80CA001237B
:108E0000FFF7CDBA1AEE101A22AA484603F052FB19
:108E100000287FF40CABDDE923640DF194080CE627
:108E20001AEE101A22AA484603F044FB00287FF4E9
:108E3000FEAADDE923640DF194080BE61AF0010F98
:108E40003FF472AB2DE59BF800700993FFF7C3B9AF
:108E50004EADFFF77ABA1AF4007F40F0B083E61700
:108E60003346FFF756BA159B002B3FF43AAA159BE1
:108E70001B78002B3FF435AA9BF800704AF4806AF7
:108E8000FFF7A9B9099B53F8044B0993FFF780BA80
:108E9000501B0208601B0208DDE9100102460B4668
:108EA000E8F7F6FA002840F0C385612F00F08685C8
:108EB000412F00F09484049B013327F02003039397
:108EC00000F0B083472B00F08285DDE910014AF401
:108ED0008072002907924FF00003C0F2248541EC14
:108EE000180B0A930893039B462B00F0F883452B3D
:108EF00000F04E85B0EE480AF0EE680A20AB019310
:108F00001DAB0093049A1CAB0221484600F084FF7D
:108F1000039B472B054640F069861AF0010F564621
:108F2000DDF81CA040F00B85209B5B1B0E93039B80
:108F3000472B00F08B83039B462B00F00F841C9B78
:108F40000D930D9B039A013B412A1C9300F0D7859A
:108F5000FAB20021002BB8BF0D9B8DF87820BABF64
:108F6000C3F101032D222B22092B8DF8792040F328
:108F7000B7850DF18704DFF898C3224610468CFBB5
:108F80000321DA17C2EBA10202EB8201A3EB41013C
:108F9000303100F8011C19466329134600F1FF32F5
:108FA000ECDC3033D9B2831E9C4202F8011C40F243
:108FB000048613460DF17A0201E013F8011B02F852
:108FC000011B9C42F9D10DF189030DF17A021B1AA4
:108FD00013441EAA9B1A16930E9B169A012B1A4431
:108FE000079240F3B785079B129A13440793079A99
:108FF000002326F4806622EAE27246F4807A0C931B
:1090000003920F930D930A9B002B40F0458304932A
:109010009DF86B30FFF7A7B9099B53F8044B0993F0
:109020000123FFF7B9B9099B059853F8041B09936D
:10903000C217C1E900025D46FFF795BACDF80CA052
:10904000FFF74ABBAF4B14931AF0200600F0EF80F5
:10905000099B073323F007035E6853F8084B099315
:109060001AF0010F09D054EA060306D030238DF818
:109070006D704AF0020A8DF86C302AF48063039315
:109080000223FFF789B9A04B1493DDE71AEE101AFB
:1090900022AA484603F00EFA00287FF4C8A9249CAF
:1090A0000DF194080BE41AEE900A4021FEF794FCAF
:1090B00020602061002800F0848540236361FFF771
:1090C00052B8102E239B40F3698590480A9042467F
:1090D00021461AEE108A1027044604E00832103E9A
:1090E000102E40F32F8201331031072BC2E90047C5
:1090F000CDE92331F2DD22AA4146484603F0DAF9F0
:1091000000287FF494A9DDE9233125AAE7E7284662
:1091100004960994E8F774F820EAE0719DF86B3042
:109120000790039108960C960F960D96FFF71BB9C2
:109130000E9BCDF828B0DDF83CB0079E159FCDF80A
:109140001CA0EB1804934246DDF860A00C9B0B9525
:109150001AEE108AA446BBF1000F30D093BB013F3A
:109160000BF1FF3B179BC2E9003A239B0133D44428
:10917000072BCDF890C0239362DC0832049B38782B
:109180009B1B8342A8BF0346002B1C460CDD239883
:1091900001309C440728C2E90063CDF890C02390B9
:1091A00000F3198138780832002CACBF051B054646
:1091B000002D0BDC06440C9BBBF1000FCED1002B25
:1091C00000F033820C9B013B0C93CBE7102D2398CE
:1091D0001FDD1024634604E0103D102D02F108024B
:1091E00016DD0130494910330728C2E90014CDE9E2
:1091F0002303F1DD22AA4146484603F05BF900282B
:109200007FF415A9103D102DDDE9230325AAE8DC24
:109210009C4601303D4B5560AC440728CDE9230CFA
:10922000136000F34082387808320644C3E71AF02E
:10923000100300F0A480099B53F8044B09930FE737
:1092400022AA4146484603F035F900287FF4EFA8EA
:10925000DDF890C025AA91E7039B079703F480638C
:10926000002209EE109ACDF82080DDF854900DF51B
:109270009C7A174698460CE00023204631460A2285
:10928000E7F78AFD0A2C76F100031CD304460E464C
:10929000AA4620460A2200233146E7F77DFD3032F8
:1092A0000AF1FF3501370AF8012CB8F1000FE3D0BD
:1092B00099F800309F42DFD1FF2FDDD00A2C76F1E4
:1092C000000380F050814EAB5B1BCDF854900E979D
:1092D00019EE109ADDE90778DDF80CA00793FFF787
:1092E00034B81AEE101A22AA484603F0E3F8002810
:1092F0007FF49DA89DF86B30249C0DF19408FFF736
:10930000D0B800BF1C1B0208301B0208601B0208FB
:1093100067666666239BC049C8F8001001330134B4
:109320000121072B24942393C8F8041000F32F8104
:1093300008F10808002A40F08A800E9A0AF001031A
:1093400013433FF4F1A8129B139A1C44C8E900236D
:10935000239B24940133072B239300F33F8108F1CF
:1093600008080E9AC8F8005001331444072BCDE9C1
:109370002334C8F804207FF7D5A8FFF791BB1AF073
:10938000400200F0B980099A52F8044B09921E4637
:10939000A4B265E6CDF80CA0FEF7C9BF1AEE101A0C
:1093A00022AA484603F086F800287FF440A8249CAF
:1093B0000DF19408FFF770BA144601330A9AC8F801
:1093C00000202C44072BC8F80450CDE923347FF744
:1093D000A9A8FFF765BB22AA4146484603F06AF8F0
:1093E00000287FF424A83878DDF890C025AADBE6B1
:1093F0001AEE101A22AA484603F05CF800287FF4FF
:1094000016A8249C0DF19408FFF775B8012BCDF830
:109410000CA07FF4F1A9FEF78FBF099B059953F8C3
:10942000042B5D4611600993FFF79DB8049A0895D7
:10943000062A294628BF062204952B460392774D1B
:10944000099407920C910F910D91FEF78CBF129B1E
:1094500013991C44C8E90013239B24940133072B60
:10946000239300F3BB8008F10808002ABFF679AF08
:109470005642103280F2AE8369480A902146424635
:1094800010271AEE108A044604E00832103E102E0F
:1094900040F3AF8201331031072BC2E90047CDE919
:1094A0002331F2DD22AA4146484603F003F80028A2
:1094B0007EF4BDAFDDE9233125AAE7E7DDF810A092
:1094C0001C4601360A9BC8F800302C44072ECDE913
:1094D0002364C8F804507FF7D4AA2CE4099B1AF43B
:1094E000007614BF53F8044B53F8044B09931CBF88
:1094F0001646E4B2FEF74CBF099B1AF4007614BF7F
:1095000053F8044B53F8044B09931CBF1646E4B2BE
:10951000A6E5039B13F40076099B14BF53F8044B94
:1095200053F8044B09931CBF1646E4B20123FEF71F
:1095300033BF3B4A0A92FFF75EBA2D238DF86B309A
:10954000FFF758B890460C4601330A9AC8F8002035
:109550003444072BCDE92334C8F804604DDC08F10E
:109560000808FFF75BBB189B1799ED1A1A462846A7
:1095700002F06EFF99F801300BB109F101092046A4
:1095800031460A2200230027E7F706FC7EE61AEEA2
:10959000101A22AA484602F08DFF00287EF447AF39
:1095A0001C9A249C0DF19408C4E60E9A0799AE18F3
:1095B000761AD51AAE42A8BF2E46FFF764BB44F315
:1095C000C016334664B2FEF7A4BE099B059953F852
:1095D000042B099311805D46FEF7C5BF1AEE101AE1
:1095E00022AA484602F066FF00287EF420AFDDE99B
:1095F00023341C9A0DF1940837E71AEE101A22AAA8
:10960000484602F057FF00287EF411AF249C0DF16C
:109610009408FFF703BB00BF4C1B0208441B020861
:10962000601B0208062304934FE40B9D0E9BDDF89C
:109630001CA0DDF828B01597EB189E4290463246E4
:1096400028BF1A4664460792FFF7EFBA1C9B0D939A
:10965000DA1C02DB049A934204DD023F27F0200368
:1096600003936EE4DDE90D329342C0F29980F00776
:1096700040F1DB81129A13440793710503D50D9BCA
:10968000002B00F3FF81079B23EAE3730393672713
:1096900000230C930F93B6E42D2300228DF86B303A
:1096A0000492FEF763BE22AA4146484602F002FF3A
:1096B00000287EF4BCAE3878DDF890C025AA0644B8
:1096C00079E51AEE101A22AA484602F0F3FE0028A5
:1096D0007EF4ADAE249C0DF19408FFF798BA20AB50
:1096E00001931DAB0093049AB0EE480AF0EE680AAD
:1096F0001CAB0321484600F08FFB0378302B054656
:1097000000F003821C9B049A56461344DDF81CA00B
:10971000EC1851EC180B00220023E7F787FE08B184
:10972000234602E4209BA342BFF4FFAB30215A1C26
:1097300020921970209B9C42F9D8FFF7F6BB1AEED5
:10974000101A22AA484602F0B5FE00287EF46FAE39
:109750001C9B249C0DF19408FFF77DBA1C9A0D9276
:10976000002A40F3FF81049906F001030B4340F007
:10977000B1810D9B07936627730500F18481079BD8
:1097800023EAE373039383E7049B0393079309940A
:109790009DF86B3004900C900F900D90FEF7E3BD98
:1097A0000E9B129A9A180D9B0792002B40F3BB81D7
:1097B0006727E1E700230493FEF70FBD1AEE101AA6
:1097C00022AA484602F076FE00287EF430AE1C9DA8
:1097D0000E9B249C5D1B0DF19408FFF754BA3023B7
:1097E0008DF86C3058238DF86D30049B632B4AF054
:1097F000020400F3A7800023089335ADDDE91012C1
:109800004AF481730793002A27F02003A2460393AA
:10981000C0F28A80002342EC181B0A93612F00F0EB
:109820001581412F7FF45FABB0EE480AF0EE680A75
:109830001CA802F091FD00224FF07F5351EC100B59
:10984000E6F73AFF02460B4643EC192B00220023B1
:10985000E7F7ECFD08B101231C93B74B0B93049B76
:109860001995CDE90CB7CDE90EA80CEE109ADDF8EC
:109870002CB059EC198B5E1E2C4605E0002200230B
:10988000013EE7F7D3FDE0B9AC4B00224046494624
:10989000E6F712FF89468046E7F710FE0546E6F731
:1098A000A1FE0B46024649464046E6F74DFD1BF831
:1098B0000530A24604F8013B731C374680468946B2
:1098C000DCD149EC198B9E4BDDF830B0DDF83C80E3
:1098D000CDF830A051EC190B00223E46DDF838A03F
:1098E0000D9F0D951CEE109A199DE7F7C7FD98BBCB
:1098F00051EC190B924B0022E7F798FD10B10D9B2C
:10990000D90729D4002E334606DB01332344302205
:1099100004F8012BA342FBD1631B56460E93DDF8DE
:109920001CA0FFF704BB0893DDE9103408EE103AE1
:1099300004F1004308EE903A2D230A936EE7049B4E
:10994000EC18E6E6591C4846FEF746F8054600289E
:1099500000F04381089051E70C9B20930B9B14F877
:10996000012CD97B8A42234609D1302003F8010C0F
:10997000209B5A1E209213F8012C9142F6D0392ACE
:109980000BBF0B9A0132927AD2B203F8012CC3E7D3
:10999000049BB0EE480AF0EE680A5C1C20AB019311
:1099A0001DAB009322461CAB0221484600F034FA5E
:1099B000054656462C44DDF81CA0AAE630238DF857
:1099C0006C3078230FE75F4A0A92FEF7D6BF049BFC
:1099D000002B08BF01230493119B4AF48072002BD3
:1099E0000792C0F2D9809DED108B08900A90FFF786
:1099F00081BA0C46904601330A9AC8F800203444D4
:109A0000072BCDE92334C8F804607FF7A8AC1AEE21
:109A1000101A22AA484602F04DFD00287EF407AD38
:109A2000DDE923340DF194089BE40D9B079324E6B4
:109A3000119B454D454A002BB6BF2D239DF86B3039
:109A40008DF86B302AF0800AFEF7D8BD1CA8B0EE66
:109A5000480AF0EE680A02F07FFC00224FF07F53C4
:109A600051EC100BE6F728FE02460B4643EC192B8F
:109A700000220023E7F7DAFC08B101231C93344BE2
:109A80000B93ECE6672715990B78FF2B00F0B0805D
:109A900000240D9A204603E001300131FF2B08D04D
:109AA000934206DAD21A4B78002BF5D10B780134A9
:109AB000F4E715910D920F900C940C9A0F9B189946
:109AC0001344079A01FB0323079323EAE3730393E9
:109AD000FFF799BA129BD3181944079166274BE6F2
:109AE000002956D130228DF87A200DF17B023033D7
:109AF00002F8013B1EABD31A1693FFF76DBA07F1BC
:109B00000F02D2B20121FFF725BA51EC180B002247
:109B10000023E7F78BFC00287FF4F4AD049BC3F12E
:109B200001031C93EFE5C3F101031A4422EAE27337
:109B3000079203936727ABE5301B02080000304013
:109B40000000E03F601B0208141B0208181B0208FB
:109B50001C1B0208F4077FF54AAAFFF744BA264AFD
:109B60000A922AE4049A06F0010656EA020304D196
:109B700001230393662707938AE5129B01331A4456
:109B800022EAE27307920393662781E51A4B0A9350
:109B900097E40DF17A02AAE70890C5E6164A0A9200
:109BA000D2E4099B9BF80170934653F8042B099368
:109BB00042EAE2720492FEF70EBB02231693FFF70D
:109BC0000BBA1AEE902A0C2313604FF0FF33059363
:109BD000FEF73EBC084A0A920DE71AEE101A8B896E
:109BE00043F0400213468A81FEF72BBC049CE0E65A
:109BF00000230C930F9360E7601B020838B5334BCA
:109C00001B6805460C460BB19A6B12B3B4F90C30C5
:109C100018079AB225D5216900292DD012F001002C
:109C200007D00020A06060694042A06139B10020E7
:109C300038BD950758BF6069A0600029F7D11206AA
:109C400058BF0846F4D543F04003A3814FF0FF30DE
:109C500038BD184601F04AF9B4F90C3018079AB229
:109C6000D9D4D1062AD5520714D4216943F0080368
:109C7000A3819AB20029D1D102F42070B0F5007FFF
:109C8000CCD02146284601F0D7FCB4F90C3021692C
:109C90009AB2C3E7216B51B104F14002914204D062
:109CA000284601F01BFAB4F90C3000222263216926
:109CB0000022C4E9001223F02403D7E7092243F06D
:109CC00040032A604FF0FF30A38138BDFC0500241B
:109CD000024B13B1024800F005B8704700000000C5
:109CE00011B00108002301461A46184603F0EEBBE6
:109CF0002DE9F04F03690C69A34283B0C0F287805D
:109D0000013C01F11405A30000F11408009355F87B
:109D1000243058F82420013381469A4208EB84000D
:109D200005EB84070190B2FBF3F63BD30023AE466C
:109D300040469B465EF804AB02681FFA8AFC06FBAD
:109D40000C334FEA134C4FEA1A4A06FB0ACA1FFAB1
:109D500083FCABEB0C0C1FFA8AF31CFA82FCC3EBFE
:109D6000124202EB2C421FFA8CFC4CEA024377456C
:109D700040F8043B4FEA224B4FEA1A43DAD2009BE9
:109D800058F8033073B9019B043B984504D307E0AE
:109D9000984504F1FF3403D253F80429002AF7D080
:109DA000C9F81040484601F0BBFF00282BDB013604
:109DB0004046002355F8041BD0F800C08AB29A1A16
:109DC0000B0C12FA8CF2C3EB1C4303EB224392B24E
:109DD00042EA0342AF4240F8042B4FEA2343E9D260
:109DE00058F8242008EB84036AB9043B984504D34F
:109DF00007E0984504F1FF3403D253F80429002A00
:109E0000F7D0C9F81040304603B0BDE8F08F00200D
:109E100003B0BDE8F08F00BF2DE9F04F2DED068BAC
:109E200095B08DED020B0191016C249D099259ECC6
:109E3000108B0446069341B1426C4A600123934063
:109E40008B6001F00BFD00232364B9F1000AB4BF5D
:109E5000012300232B607C4BBCBF2AF0004ACDF8C5
:109E60000CA033EA0A0300F0B2809DED027B0022D1
:109E700051EC170BB0EE479AF0EE679A0023E7F724
:109E8000D5FA074680B1069A01231360259B002B63
:109E900000F0DB826D481860431E0093009815B0F7
:109EA000BDEC068BBDE8F08F12AA13A92046B0EED8
:109EB000490AF0EE690A01F0FBFFB0EE498AF0EEC4
:109EC000698A5FEA1A56054640F09980DDE9127604
:109ED0003E4406F23240202840F3AB83C0F14000FC
:109EE0000AFA00FA06F2124028FA00F04AEA0000E4
:109EF000E6F768FB0123013E0D93A1F1F871544B85
:109F00000022E6F721FA4AA3D3E90023E6F7D4FBBF
:109F100049A3D3E90023E6F719FA8046304689467B
:109F2000E6F760FB46A3D3E90023E6F7C5FB02464C
:109F30000B4640464946E6F709FA80468946E7F768
:109F4000BDFA00228346002340464946E7F778FAE7
:109F5000002840F06D82BBF1160F00F25C823D4B91
:109F600003EBCB03D3E9002351EC190BE7F768FAB5
:109F7000002875D00023BE1B0C93731E0BF1FF3B12
:109F8000049300F14F8200230893BBF1000F6EDAB7
:109F9000089BCDF814B0A3EB0B030893CBF100039F
:109FA0000B93019B092B4FF0000B69D8052B40F355
:109FB0003E83043B01930026019B023B032B00F2EE
:109FC0009986DFE813F04E044B0443042604069AF6
:109FD00042F20F73CAF3130A13605AEA08031DD141
:109FE000259B002B00F07D861B4B00930833259AA0
:109FF0000098136015B0BDEC068BBDE8F08F18EE2D
:10A00000903AC3F3130351EC190B43F07F510D97B2
:10A01000A6F2FF36129F41F4401170E7259B002BFA
:10A0200040F0DB830D4B009338E700BFAFF30080B7
:10A0300061436F63A787D23FB3C8608B288AC63F4E
:10A04000FB799F501344D33F0000F07F4D1B020863
:10A050000000F83FC01C0208741B0208701B0208B5
:10A06000BE1B731E049300F19A840C900890049B0D
:10A070005B44CDE9043B00230B93019B092B95D94D
:10A08000002301264FF0FF3201930A9607920993AD
:10A09000079B0F9300216164204601F0B9FB0090FB
:10A0A000002800F02F86009B2364079B0E2B00F2F4
:10A0B000F980002E00F0F6800599002940F37184A4
:10A0C000BD4B01F00F0203EBC2034FEA2118C90593
:10A0D000D3E9006740F10384B84B51EC190BD3E985
:10A0E0000823E6F713FC41EC180B08F00F084FF0BB
:10A0F000030AB8F1000F13D0DFF8C09218F0010F77
:10A1000009D030463946D9E90023E6F7D5FA0AF1F5
:10A11000010A06460F465FEA680809F10809EDD111
:10A1200051EC180B32463B46E6F7F0FB41EC1A0BBC
:10A130000C9B5BB157EC1A6BA14B1AEE100A002274
:10A140003946E7F77DF9002840F052855046E6F79A
:10A1500049FA53EC1A2BE6F7AFFA9A4B0022E6F7CE
:10A16000F5F8079B8046A1F15079002B00F0F383AE
:10A17000059B1093079B0E930A9B002B00F0C08455
:10A180000E9A8D4B9049DDF800A003EBC20353E912
:10A1900002230020E6F7BAFB42464B46E6F7D4F826
:10A1A00059EC1A8B41EC180B49461AEE100AE7F7E6
:10A1B00085F90746E6F716FA02460B461AEE100A2C
:10A1C0004946E6F7C1F830370AF8017B53EC182B03
:10A1D00006460F46E7F734F9002840F055854FF062
:10A1E00000080AEE105ACDF844B055465BEC18ABA7
:10A1F00008EE104A44462AE00E9B01349C424BDA9A
:10A20000724B504659460022E6F756FA6F4B002231
:10A2100082468B4630463946E6F74EFA89468046F6
:10A22000E7F74CF90746E6F7DDF902460B464046EC
:10A230004946E6F789F8303705F8017B52465B4618
:10A2400006460F46E7F7FCF8002840F0188532462E
:10A250003B465B490020E6F777F852465B46E7F756
:10A26000EFF80028C8D0109B009A0593AA4618EE74
:10A27000104A1AEE105A02E0924500F0EA84D146E4
:10A280001AF8013D392BF7D00133DBB28AF80030E0
:10A29000059B01330593ABE1DDF844B01AEE105A8B
:10A2A00018EE104A139B002BC0F29480059A0E2AD8
:10A2B00000F39080404B03EBC203D3E90089099B74
:10A2C000002B1BDA079B002B18DC40F05D83404B12
:10A2D000002240464946E6F7EFF902460B4651ECAC
:10A2E000190BE7F7B7F8DDF81CA05646002800F078
:10A2F000D082099BDDF80080DF43D2E242464B4624
:10A3000051EC190BE6F702FBE7F7D8F8064683464F
:10A31000E6F768F942464B46E6F7CEF90B460246A9
:10A3200051EC190BE6F710F8DDF800A03346303396
:10A330000AF8013B079B012B00F08E834FF0010BC5
:10A3400008EE105A08EE904A1D465446DA461DE0C3
:10A3500042464B4630463946E6F7D8FAE7F7AEF8BC
:10A360008346E6F73FF942464B46E6F7A5F90AF180
:10A37000010A0B46024639463046E5F7E5FF0BF188
:10A380003003AA4504F8013B00F061830F4B002223
:10A39000E6F792F90022002306460F46E7F746F853
:10A3A0000028D5D0A24618EE105A18EE904A059B08
:10A3B00001330593D1461BE1C01C0208981C02081A
:10A3C0000000F03F00001C400000E03F000024407F
:10A3D000000014400A9A002A3FD0019A012A40F353
:10A3E0009C82079B03F1FF380B9B4345C0F26E82B2
:10A3F000A3EB0808079B002BC0F26683049A1A445B
:10A400000492089A17461A4408920121204601F046
:10A41000D3FA064625E00123BE1B0C93731E04935A
:10A420007FF5B1ADC6F10103089300230493ACE5B9
:10A430005846E6F7D7F842464B46E6F7F7FF0028BE
:10A440007FF489AD0BF1FF3B85E5874B00930098C6
:10A4500015B0BDEC068BBDE8F08FDDF82C80089FB1
:10A460000A9E002F0CDD049A002A09DD0899BA42E1
:10A470001346A8BF3B46C91AFF1AD31A0891049382
:10A480000B9BDBB10A9B002B00F08282B8F1000F1E
:10A490000FDD31464246204601F06AFB2A4601465E
:10A4A0000646204601F0B6FA29460546204601F048
:10A4B000D5F90B9BB3EB080240F000830121204645
:10A4C00001F07AFABBF1000F824600F3B780019BDE
:10A4D000012B40F386814FF000080120BBF1000FF3
:10A4E00040F0B880049A104410F01F0000F09680ED
:10A4F000C0F12003042B40F3F883089BC0F11C003B
:10A5000003440244089307440492089B002B05DD92
:10A5100029461A46204601F08BFB0546049B002B7A
:10A5200005DD51461A46204601F082FB82460C9B0F
:10A53000002B40F03781079B002B40F31E810A9BC4
:10A54000002B40F0A180059B01330593DDF80080CE
:10A55000DDF81C90012707E0294600230A22204647
:10A5600001F086F90137054651462846FFF7C0FB42
:10A570004F4500F1300008F8010BEDDB079A002A87
:10A58000C8BF9346009AD8BF4FF0010B03469344CF
:10A590000027294601222046019301F049FB51463C
:10A5A000054601F0BDFB002840F3A5811BF8013CE6
:10A5B000009A0BF1FF3B04E05A4500F0A7811BF81D
:10A5C000013D392B0BF10109F6D001338BF8003036
:10A5D0005146204601F042F956B12FB1B74203D09F
:10A5E0003946204601F03AF93146204601F036F965
:10A5F0002946204601F032F9002389F80030DDE9D0
:10A6000005231A60259B002B3FF448AC0098C3F843
:10A61000009015B0BDEC068BBDE8F08F1C20089BA8
:10A6200003440893049B0344074404936DE7012605
:10A63000C2E4C0F1200008FA00F059E401465A468D
:10A64000204601F095FA019B012B824640F3D5810B
:10A650004FF00008DAF810300AEB8303186901F0B4
:10A660005BF9C0F120003DE74C1B02083146002396
:10A670000A22204601F0FCF80F9B002B064640F30F
:10A680002383CDF814900793002F00F31881B8F1BD
:10A69000000F40F0FC81B046029B009F079903F039
:10A6A00001027B1E1944019B0A92134308910993EE
:10A6B00051462846FFF71CFB31468346284601F0E9
:10A6C0002FFB424651468146204601F04BFBC268B3
:10A6D00001460BF13003002A42D10490284607932B
:10A6E00001F01EFB04990290204601F0B7F8029A8F
:10A6F000079B1AB90999002900F0D682B9F1000F19
:10A70000C0F28781019949EA01090A9951EA0901D0
:10A7100000F07F81002A00F3E781089A3B7007F17F
:10A7200001099742CB4600F0E581294600230A2221
:10A73000204601F09DF84645054631464FF000039E
:10A740004FF00A02204612D001F092F84146064628
:10A7500000230A22204601F08BF84F468046A7E7E7
:10A760002046029301F07AF8029B0122C6E701F02D
:10A770007FF84F46064680469AE7019B022B77DC1E
:10A780000A9B002B80D1059B514601332846059337
:10A79000FFF7AEFADDF800B000F130030BF8013B33
:10A7A0000027F6E65146284601F0BAFA0028BFF61F
:10A7B000C2AE294600230A22204601F059F8059B23
:10A7C00003F1FF390A9B0546002B7FF44FAF0F9B27
:10A7D000002B40F370820793B8E6BD4B0093033320
:10A7E00005E4DDE9021200297FF475AEC2F313031C
:10A7F000002B7FF470AEB74B1340002B00F03D826E
:10A80000089B01330893049B013304934FF0010824
:10A8100063E601230A93099B059A13440F930133BE
:10A82000012B1F460793B8BF01270021172F616432
:10A830007FF732AC012204235B0003F11400B8421D
:10A84000114602F10102F7D9616425E401230A935C
:10A85000099F002F4ADD0F970797E6E700230A9329
:10A86000D9E700230A93F3E70F9BCDF814900793E1
:10A87000079B002B7FF43DAD51460522204600F09A
:10A88000F7FF01468246284601F04AFA00287FF782
:10A8900030AD0098059F3123804600F8013B013719
:10A8A00000905146204600F0D9FF7B1CDDF8009057
:10A8B0000593CDF80080002E7FF496AE98E63146E1
:10A8C0003A46204601F0B4F90646E0E60B9BCDF887
:10A8D0002C80A8EB03039B444FF000088AE54FF05F
:10A8E000020AB0EE498AF0EE698A02E40123099374
:10A8F0000793FFF7CDBB03D1019BDB073FF556AEB6
:10A90000D9461BF8013D302BFAD061E6059B009A31
:10A9100001330593312313705AE60D9A002A00F093
:10A92000638103F23343049ADDF82C801A440492C5
:10A93000089A17461A44089267E55046E5F752FE12
:10A9400053EC1A2BE5F7B8FE634B0022E5F7FEFC4B
:10A950008046A1F15079614B002251EC1A0BE5F7CA
:10A96000F3FC42464B4606460F46E6F787FD0028B5
:10A9700040F07F8130463946424609F10043E6F710
:10A980005FFD00283FF48EAC4FF0000A5646B0E45D
:10A9900029460B9A204601F0EBF805468EE50C900F
:10A9A00040E500F04E81059A4D4B564206F00F02ED
:10A9B00003EBC203D3E9002351EC190BE5F77CFE4E
:10A9C000361141EC1A0B00F08881464F00234FF0FE
:10A9D000020AF20706D5D7E90023E5F76DFE0AF172
:10A9E000010A0123761007F10807F2D1002B3FF48A
:10A9F0009FAB41EC1A0BFFF79BBB029B002B7FF434
:10AA000027AEDDE90212C2F31303002B3FF4F3AECD
:10AA10001EE6002A12DD294601222046019301F09C
:10AA200007F95146054601F07BF90028019B40F3E8
:10AA30003581392B00F013810BF13103B94609F848
:10AA4000013B059B0133374605934646C0E5A246C8
:10AA500018EE105A18EE904A02460B46E5F776FCBF
:10AA600042464B4606460F46E6F708FD60B94246A9
:10AA70004B4630463946E6F7D9FC00283FF497AC00
:10AA80005FEACB717FF593AC009AFFF7F8BB716872
:10AA9000204600F0BDFE0746002800F03A813369E9
:10AAA00002339A0006F10C010C30E6F7F7FA39464A
:10AAB0000122204601F0BCF88046EDE529462046FB
:10AAC00001F056F80546F9E4DDE907239F1A9CE4F6
:10AAD000701B02080000F07F00001C4000001440C2
:10AAE000C01C0208981C0208392B00F0B880B94637
:10AAF0000133A4E7059A013237460592464648E5F8
:10AB00000E988D4901EBC00142464B4651E90201C6
:10AB1000E5F7D2FD5AEC1A9B41EC180B51461AEEA0
:10AB2000100AE6F7CBFC0746E5F75CFD02460B464C
:10AB30001AEE100A5146E5F707FC06460E98DDF8B6
:10AB400000803037012808F8017B0F4600F0BA80FA
:10AB50000E9B009ACDF838B013449B46C246774B03
:10AB6000002230463946E5F7A7FD89468046E6F7DC
:10AB7000A5FC0746E5F736FD303702460B46404652
:10AB80004946E5F7E1FB0AF8017BDA4506460F4640
:10AB9000E5D1DA46DDF838B0694B59EC188B002264
:10ABA00018EE100A4946E5F7D1FB32463B46E6F778
:10ABB00047FC00286DD118EE102A4B466049002052
:10ABC000E5F7C2FB32463B46E6F758FC00283FF467
:10ABD00069ABD1460AF1FF3A19F8013C302BF8D0A5
:10ABE000109B0133059303E5129BC3F136039AE6EC
:10ABF000079B002B3FF4A1AE0F9B002B7FF752ABBE
:10AC0000059A0E93013A4D4B10921AEE100A3946EE
:10AC10000022E5F751FD024616460F460AF10100F3
:10AC2000E5F7E0FC32463B46E5F746FD454B0022A2
:10AC3000E5F78CFB47EC1A6B8046A1F15079FFF7E2
:10AC40009BBA4FF0020AB0EE49AAF0EE69AAFFF7EC
:10AC50006FBA059B013305933123FFF717BB059BA3
:10AC6000BB4601330593392337460BF8013B464673
:10AC70009EE44FF0000A56460BE698462DE4AA469D
:10AC800018EE104A1AEE105A109B01330593D14664
:10AC9000AEE4109B009A0593FFF7F1BA7FF4CEAEB5
:10ACA000DA077FF5CBAEC4E6392BD8D0B9F1000F67
:10ACB0003FF7C2AEC2E6019B022B3FF7D5ADCDF800
:10ACC000149060E5C24667E7019B022B3FF7CCADCD
:10ACD0000F9BCDF814900793D6E44FF0020AFFF7CC
:10ACE00027BA194B0093FFF7D9B83FF40EACC0F167
:10ACF0003C0094E4002666643146204600F088FD5E
:10AD0000009068B9114B124800224FF4D57102F03F
:10AD100023FC0E4B0E483A4640F2EA2102F01CFC9E
:10AD2000009B236401224FF0FF3309960F930A9290
:10AD30000793FFF7B7BA00BFC01C02080000244009
:10AD40000000E03F00001C40741B0208801B02084A
:10AD5000941B0208B1F90C202DE9F0410C461107B3
:10AD6000804647D4636842F40062002BA2815EDD16
:10AD7000A56A002D58D00023D8F80060C8F800302C
:10AD800093B212F4805256D10123E1694046A8479C
:10AD9000431C67D0A389A56A5F0705D56368C01AFD
:10ADA000236B0BB1E36BC01AE169024600234046F6
:10ADB000A847411C41D1D8F80030002B3DD01D2BB5
:10ADC00001D0162B56D1A3892269226023F4006397
:10ADD00000216160A381216BC8F8006021B304F1F8
:10ADE0004003994202D0404600F078F900202063E9
:10ADF000BDE8F0812669BEB193B2256826609A0746
:10AE00000CBF63690023AD1BA3600BE02B463246E9
:10AE1000E169676A4046B847B0F1000CA5EB0C0544
:10AE2000664417DD002DF1DC0020BDE8F081E36B06
:10AE3000002B9DDCF8E7206DAEE7B4F90C302269F9
:10AE4000226023F40063A3810022DB046260C2D588
:10AE50002065C0E7A38943F040034FF0FF30A38192
:10AE6000BDE8F081D8F80030002B93D01D2B06D020
:10AE7000162B04D0A38943F04003A381D5E7C8F87B
:10AE80000060D1E738B50C46054608B1836BA3B125
:10AE9000B4F90C00B8B1636EDB0701D4810515D598
:10AEA00028462146FFF756FF636EDA07054602D4AF
:10AEB000A3899B050ED5284638BD00F017F8B4F9D4
:10AEC0000C000028E7D10546284638BDA06D00F0EB
:10AED000AFFBE5E7A06D00F0ADFB284638BD00BF35
:10AEE000014900F079BB00BF35D601082DE9F047D4
:10AEF0008246394800F09CFBDAF83840002C66D1D5
:10AF0000DAF80450354ACAF83C200323CAE9B843AA
:10AF1000DFF8DC90DFF8DC80314F324E04230AF595
:10AF20003B72CAF8E8222146C5E90243C5E900445C
:10AF3000C5E904446C660822AC6105F15C00FCF7CD
:10AF4000FBFFC5E90759C5E90987EE6205F158001D
:10AF500000F06AFBDAF80850234BEB602146C5E9A4
:10AF60000044C5E904446C66AC60AC61082205F19C
:10AF70005C00FCF7E1FFC5E90759C5E90987EE6206
:10AF800005F1580000F050FBDAF80C50174BEB605D
:10AF90002146C5E90044C5E904446C66AC60AC6177
:10AFA000082205F15C00FCF7C7FF05F15800C5E970
:10AFB0000759C5E90A76C5F8248000F035FB01235E
:10AFC000CAF838300448BDE8F04700F033BBBDE8AC
:10AFD000F047014800F02EBB487D0324E1AE010894
:10AFE00029C4010849C40108090001001200020037
:10AFF000C5C30108E9C30108014800F019BB00BF3F
:10B00000447D0324014800F015BB00BF447D0324A8
:10B0100038B5084B084D5B1B9C1007D0043B1D4402
:10B02000013C55F804399847002CF9D1BDE8384067
:10B0300005F0E6B9FC240208F8240208F8B5244F0C
:10B040000C460646FCF7CAFFBA685568C4F57E632D
:10B050000F3325F003052B4423F47F6323F00F0304
:10B06000A3F58054B4F5805F07DB00213046FDF77F
:10B070002DF8BB682B44984204D03046FCF7B4FF4F
:10B080000020F8BD61423046FDF720F801300DD0B8
:10B09000104ABB682D1B45F001055D601368304602
:10B0A0001B1B1360FCF7A0FF0120F8BD00213046F8
:10B0B000FDF70CF8BA68831A0F2BDEDD43F00103AD
:10B0C0005360054B03491B68C01A0860D5E700BFF1
:10B0D000280A0024047D0324300E0024002961D0B6
:10B0E000F8B50C460646FCF779FF54F8042C7B4F64
:10B0F000A4F1080522F0010105EB010CB868DCF8A9
:10B100000430604523F0030300F08B80D207CCF8B5
:10B11000043032D454F8082CAD1A1144AA6807F14F
:10B12000080082426AD00CEB0304D4F804E0EC6817
:10B13000D4601EF0010FA26000F0978041F001037F
:10B140006B60CCF80010B1F5007F35D27A68CB087F
:10B1500048090121013381401143796007EBC302A3
:10B1600057F83310083AC5E9021247F83350CD605A
:10B170003046BDE8F840FCF737BF0CEB03025268DD
:10B18000D00710D4194407F10800DCF808308342D6
:10B1900073D0DCF80C20DA60936041F001036B603F
:10B1A0006950D0E7704741F00103B1F5007F44F8E2
:10B1B000043CCCF80010C9D3B1F5206F4FEA5123FD
:10B1C00048D28B0903F1390003F13802C300F818A3
:10B1D000FB580838984259D05A6822F003028A4234
:10B1E00002D99B689842F7D1D868C5E902308560DA
:10B1F000DD603046BDE8F840FCF7F6BE0CEB03021C
:10B200005268D20763D40B44DCE90212CA60916031
:10B2100043F001026A603046EB50BDE8F840FCF7AD
:10B22000E3BE0B44D10707D454F8082CAD1A1344DD
:10B23000D5E90212CA60916043F001026A60284AAF
:10B24000BD6012689A4293D8264B30461968FFF7C2
:10B25000F5FE8DE7142B0AD9542B1FD80B0B03F1E5
:10B260006F0003F16E02C300B1E719448DE703F1EB
:10B270005C0003F15B02C300A9E741F00103C7E9E9
:10B280000455C5E902006B60695071E77968921056
:10B29000012404FA02F20A437A60A6E7B3F5AA7F12
:10B2A00006D8CB0B03F1780003F17702C3008EE7D9
:10B2B00040F25452934206D88B0C03F17D0003F107
:10B2C0007C02C30083E74FF47E737E227FE741F068
:10B2D00001036B60CCF800104AE700BF280A002485
:10B2E000340E0024347D03249368002B00F0858005
:10B2F0002DE9F04FB1F90C300C461907804683B0A8
:10B30000174698B225D523691BB310F002033D6898
:10B310002DD04FF0000ADFF8BCB25646B9465E4564
:10B320003346524628BF5B464046002E52D0E16964
:10B33000676AB847002856DDD9F808301B1A8244DE
:10B34000361AC9F80830002BE9D1002003B0BDE857
:10B35000F08F21464046FEF751FC002840F0368130
:10B36000B4F90C303D6898B210F00203D1D110F05E
:10B37000010944D14E46009746B38205D4F808B07F
:10B3800040F18380B3455A4600F2B28010F4906FCA
:10B3900040F0BF8020680192494600F0BDF9A368E3
:10B3A000019AA3EB0B012368A1601344B24623600A
:10B3B0000026009B9868A0EB0A00D1449860002802
:10B3C000C3D0B4F90C0080B2002ED6D1D5E90096D6
:10B3D0000835D1E7D5E900A60835A0E72146404663
:10B3E000FFF750FD80B3B4F90C3043F040034FF049
:10B3F000FF30A38103B0BDE8F08F002070471E46E8
:10B40000AA46994618461D46009756B388B34A4641
:10B41000D4E904132068B24228BF3246884205D9D5
:10B42000A16803EB010B5A4500F3A680934263DC4D
:10B43000E169676A2A464046B847B0F1000BD2DDA1
:10B44000B9EB0B09CAD00120009A9368A3EB0B0358
:10B450005D44A6EB0B069360002B3FF476AF002E05
:10B46000D4D10AF1080353E902569A460833002E54
:10B47000F9D032460A212846E5F732FF002800F0CD
:10B480009C800130A0EB0509C1E720682369984240
:10B4900016D86369B34213D86FF00042B24228BF96
:10B4A0003246E16992FBF3F2676A02FB03F340461E
:10B4B0004A46B847B0F1000A95DDA6EB0A0678E7E0
:10B4C000B345DA4628BFB2465246494600F024F951
:10B4D000A3682268A3EB0A035244A3602260002BF6
:10B4E000EBD121464046FFF7CDFC0028E5D07AE7B6
:10B4F0002068B34632464EE72946019200F00CF927
:10B50000019AA3689B1AA36023681344236093469F
:10B5100096E723682169A3EB010B636903EB430AF8
:10B520000AEBDA7A0BF101034FEA6A0A3344534516
:10B53000524684BF9A46524643052CD51146404692
:10B54000FCF74AFA00283BD05A4621690190E5F7FA
:10B55000A5FDA289019B22F4906242F08002A281A3
:10B5600003EB0B002361AAEB0B03C4F814A0A36048
:10B570002060B34632460EE729465A4600F0CCF822
:10B5800023685B44236021464046FFF77BFC00288C
:10B590003FF456AF27E7404600F0F2FC0346002890
:10B5A000DED121694046FFF799FDB4F90C300C2239
:10B5B00023F08003C8F8002017E7721C914627E7A4
:10B5C0000C22B4F90C30C8F800200EE74FF0FF3021
:10B5D000BCE600BF00FCFF7F2DE9F8430746884624
:10B5E00000F538764FF00009D6E90154013D11D439
:10B5F000A389012B05F1FF3508D9B4F90E300133C9
:10B60000214603D03846C04749EA00096B1C04F1C3
:10B610006804EDD13668002EE6D14846BDE8F883CF
:10B62000004870472C0F0024704700BF704700BFD0
:10B63000704700BF704700BF2DE9F0418B890C4671
:10B64000990796B008D504F143030122C4E90432F6
:10B65000236016B0BDE8F081B4F90E10002906464B
:10B6600027DB6A4602F0E8F8002821DB019D05F49B
:10B670007045A5F50055B5FA85F54FF480686D095C
:10B680004FF4006741463046FCF7A6F9B4F90C3098
:10B69000F0B1204AF26343F08003C4F81480A38120
:10B6A0002060206135BB3B43A38116B0BDE8F0812B
:10B6B000A38913F0800519D04FF040084146304669
:10B6C000FCF78AF90025B4F90C302F460028E0D1A8
:10B6D0009A05BED423F0030304F1430243F00203AE
:10B6E0000121C4E90421A3812260B2E74FF48068FC
:10B6F0002F46C7E7B4F90E10304602F0B3F810B980
:10B70000B4F90C30CFE7A38923F0030343F001031E
:10B710001BB2C8E7E1AE010888420DD98B188342FD
:10B720000AD900EB020CBAB1624613F801CD02F857
:10B7300001CD9942F9D170470F2A0ED8034602F184
:10B74000FF3C4AB10CF1010C013B8C4411F8012B78
:10B7500003F8012F6145F9D1704740EA01039B07C7
:10B7600050D1A2F1100370B501F1200C23F00F05A8
:10B7700001F1100E00F11004AC441B095EF8105CDE
:10B7800044F8105C5EF80C5C44F80C5C5EF8085CF5
:10B7900044F8085C5EF8045C44F8045C0EF1100E9A
:10B7A000E64504F11004E9D1013312F00C0F01EB6E
:10B7B000031102F00F0400EB031327D0043C24F024
:10B7C00003064FEA940C1E441C1F8E465EF8045B71
:10B7D00044F8045FB442F9D10CF1010402F0030211
:10B7E00003EB840301EB840102F1FF3C4AB10CF14D
:10B7F000010C013B8C4411F8012B03F8012F61452A
:10B80000F9D170BD02F1FF3C03469BE72246EBE70E
:10B81000C36C70B505460C464BB153F8240080B19B
:10B82000026843F824200023C0E9033370BD2122BD
:10B83000042101F0B1FE0346E8640028EDD10020A8
:10B8400070BD012101FA04F6721D9200284601F034
:10B85000A3FE0028F3D0C0E90146E4E731B1C36C90
:10B860004A6853F82200086043F82210704700BF6E
:10B87000F0B50C69064683B00D4601F1140E0020A8
:10B88000DEF800101FFA81FC02FB0C334FEA134C68
:10B89000090C02FB01CC01309BB203EB0C43844248
:10B8A0004EF8043B4FEA1C43EADC3BB1AA68A242D3
:10B8B00007DD05EB8402013453612C61284603B097
:10B8C000F0BD6968019301313046FFF7A1FF019B8C
:10B8D0000746B8B12A690193023205F10C019200C2
:10B8E0000C30E5F7DBFBF26C6968019B52F8210034
:10B8F000286042F821503D4605EB84020134536133
:10B900002C61DBE7024B03483A46B52101F024FEE7
:10B91000801B0208141C0208030C1B04D3B900048A
:10B92000102310F07F4F04BF0002083310F0704F57
:10B9300004BF0001043310F0404F04BF8000023305
:10B94000002805DB10F0804F03F1010308BF20231E
:10B95000184670470023E4E7036813F00702014626
:10B9600007D0DA071FD4980721D55B080B600120A8
:10B97000704798B2A0B11046DAB20AB908301B0A73
:10B980001A0704BF1B0904309A0704BF9B08023042
:10B99000DA0703D45B0800F1010006D00B607047A2
:10B9A0001B0C1020E8E700207047202070479B0800
:10B9B0000B600220704700BF38B5C36C04460D46CB
:10B9C0004BB15868B0B102685A6000220123C0E947
:10B9D0000435C26038BD2122042101F0DDFD03469B
:10B9E000E0640028EDD1094B094800224FF4A07112
:10B9F00001F0B2FD1C220121204601F0CDFD0028FE
:10BA0000F1D001220223C0E90123DEE7801B0208F6
:10BA1000141C02082DE9F04F0E691569AE4285B07D
:10BA20008846144605DB2A46234635460C4616460C
:10BA30009846A3686168AF19BB42B8BF0131FFF7F0
:10BA4000E7FE0190002800F08780019B03F11409B4
:10BA500009EB870AD14505D24B46002243F8042B57
:10BA60009A45FBD808F1140808EB860B04F114037F
:10BA7000D8451A4603EB85055FD22B1B153B23F0F7
:10BA8000030304331534A54238BF0423CDE902A7CC
:10BA9000AC461F46924605E0000C29D1C34509F18A
:10BAA000040948D958F8040B85B2002DF4D0564645
:10BAB0004C46002356F8040B216882B21FFA81FE1F
:10BAC00005FB02EE000C0A0C734405FB002202EB9E
:10BAD00013429BB243EA0243B44544F8043B4FEAA5
:10BAE0001243E7D849F8073058F8040C000CD5D0B9
:10BAF000D9F80030544619464D4600222688090CD4
:10BB000000FB06110A449BB243EA024345F8043B9A
:10BB100054F8046B2968360C8BB200FB063303EB38
:10BB20001243A4454FEA1342E8D8C34549F8073009
:10BB300009F10409B6D8DDE902A7002F02DC05E00F
:10BB4000013F03D05AF8043D002BF9D0019B184661
:10BB50001F6105B0BDE8F08F034B0448019A40F225
:10BB60005D1101F0F9FC00BF801B0208141C0208E3
:10BB700012F003032DE9F0411446064632D10D467A
:10BB8000A41020D0D6F84880B8F1000F33D0E307D6
:10BB90004FF0000707D4641015D0D8F80000A8B102
:10BBA0008046E307F7D5424629463046FFF732FF85
:10BBB000B5B16968F36C641053F821202A6043F82A
:10BBC00021500546E9D12846BDE8F081424641466C
:10BBD0003046FFF71FFFC8F8000007608046E0E727
:10BBE0000546D8E7013B0F4A52F823200023FFF710
:10BBF0003FFE0546C4E701213046FFF709FE8046B7
:10BC000040B1012340F27122C0E904320023B06444
:10BC10000360BCE7044B054842464FF4A07101F0B5
:10BC20009BFC00BF881D0208801B0208141C020830
:10BC30002DE9F0470C4690462669A368496806EB53
:10BC40006216751C9D4207464FEA621904DD5B00CF
:10BC50009D4201F10101FADC3846FFF7D9FD844627
:10BC6000002851D0B9F1000F00F114000EDD09F1E8
:10BC700005024FEA820E03460CEB8202002143F8D4
:10BC8000041B9342FBD1AEF114031844216904F163
:10BC9000140318F01F0803EB81012DD0C8F120090F
:10BCA00086464FF0000A1A6802FA08F242EA0A02CF
:10BCB0004EF8042B53F8042B994222FA09FAF2D8D1
:10BCC0000B1B153B23F00303043304F115029142CF
:10BCD00038BF0423BAF1000F18BF2E4640F803A066
:10BCE000FB6C6268CCF8106053F82210216060464B
:10BCF00043F82240BDE8F087043853F8042B40F89D
:10BD0000042F9942F9D8EBE7034B0448624640F20E
:10BD1000D91101F021FC00BF801B0208141C02088D
:10BD20000B6984460069C01A16D10CF1140C143149
:10BD30000CEB830210B401EB830301E0944508D2BD
:10BD400052F8044D53F8041D8C42F7D005D24FF041
:10BD5000FF305DF8044B7047704701205DF8044BDD
:10BD6000704700BF2DE9F84F0F691369FF1A002FC4
:10BD70000E4690467AD101F11405143202EB83028B
:10BD800005EB830301E09D4273D253F8041D52F882
:10BD9000044DA142F7D064D37168FFF739FD8146A5
:10BDA000002872D03569D8F81020C76008F1140E49
:10BDB00006F1140009F1140A06F1100C0EEB8202D0
:10BDC00000EB8507564600215EF8044B5CF804BF83
:10BDD000A3B211FA8BF1CB1A210CC1EB1B4101EB81
:10BDE00023419BB243EA0143724546F8043B4FEAC4
:10BDF0002141E9D8A2EB0804153C08F11508424599
:10BE000024F0030606F1040638BF0426304424F06B
:10BE1000030238BF002287425244B24416D9564624
:10BE2000044654F8043B11FA83F10A1402EB13425E
:10BE300089B241EA0243A74246F8043B4FEA224155
:10BE4000EFD87A1E101A20F00302524423B952F898
:10BE5000043D013D002BFAD0C9F810504846BDE81A
:10BE6000F88F334601274646984695E7F9DB0027C9
:10BE700092E70021FFF7CCFC814668B10122002344
:10BE8000C9E904234846BDE8F88F074B07484A46EE
:10BE90004FF4107101F060FB034B04484A4640F236
:10BEA000322101F059FB00BF801B0208141C02085C
:10BEB0002DE9F043884683B0012157EC106B1546FD
:10BEC000FFF7A6FC044600284FD0C7F30A59C7F372
:10BED0001303B9F1000F01D043F48013002E019336
:10BEE00024D068460096FFF737FD002839D0DDE9F9
:10BEF0000013C0F1200203FA02F20A43C340626158
:10BF00000193002B14BF02220122A3612261B9F127
:10BF1000000F16D0A9F233430344C0F13500C8F82E
:10BF200000302860204603B0BDE8F08301A8FFF789
:10BF300013FD019B6361012220302261B9F1000FE2
:10BF4000E8D104EB8203A0F23240C8F8000018697F
:10BF5000FFF7E2FCC0EB42102860204603B0BDE8CA
:10BF6000F083009B6361019BCBE7034B03482246B0
:10BF700040F20A3101F0F0FA801B0208141C02089A
:10BF80002DE9F84F1746002900F0988007F10B05BE
:10BF900080460C46FCF722F8162D5DD810252A465F
:10BFA000AF425ED854F8041C21F003069642A4F177
:10BFB000080962DABC4BD3F808C009EB06008445D7
:10BFC00000F09780D0F804C02CF0010303445B68B4
:10BFD000DB0768D42CF0030C06EB0C03934247DA22
:10BFE000CB0710D454F8083CA9EB030ADAF8043064
:10BFF00023F003018C44B444944580F211817318FA
:10C00000934280F2E88039464046FBF7E5FC07465C
:10C01000E0B154F8043C23F001034B44A0F10802C2
:10C02000934200F0D280321F242A00F2F580132AB6
:10C0300000F2AC80034622461168196051685960CD
:10C0400092689A6021464046FFF748F84046FBF761
:10C05000CBFF3846BDE8F88F25F00705002D2A46AE
:10C060009EDA0C23C8F8003000273846BDE8F88F68
:10C070001E46D0E90223D3609A60731B0F2B22D88F
:10C08000D9F8043003F0010333434E44C9F80430B7
:10C09000736843F00103736040462746FBF7A4FF33
:10C0A0003846BDE8F88FC907ADD454F8083CA9EB71
:10C0B000030ADAF8041021F00301A0E7BDE8F84F05
:10C0C0001146FBF789BCD9F8041001F0010129439E
:10C0D000C9F8041009EB05014E4443F001034B601D
:10C0E000736843F00103083173604046FEF7F6FFC2
:10C0F000D2E7DCF8040020F0030B06EB0B0C05F193
:10C10000100084454DDAC9073FF57DAF54F8081C8F
:10C11000A9EB010ADAF8041021F003018B44B344BF
:10C1200058453FF76CAF5746DAF80C1057F8080F30
:10C13000321F242AC160886000F2DB80132A40F29B
:10C14000D6802168CAF808106168CAF80C101B2A4A
:10C1500000F2DF8008340AF1100221681160616882
:10C160005160A16891600AEB0501ABEB050242F05A
:10C17000010299604A60DAF8043003F001031D43BC
:10C180004046CAF80450FBF72FFF6EE723680360B0
:10C19000636843601B2A68D804F1080200F10803B1
:10C1A0004AE709EB05029A60ACEB050343F0010393
:10C1B000536054F8043C03F001031D43404644F827
:10C1C000045CFBF711FF27464FE750F8043C23F0CF
:10C1D00003031E4451E75746DAF80C1057F8080FCE
:10C1E000321F242AC16088604CD8132A48D921689C
:10C1F000CAF808106168CAF80C101B2A56D808340F
:10C200000AF110021E462368136063685360A36836
:10C210009360D1463C4630E72146FFF77DFA11E7AF
:10C22000D0E902135746CB60996057F8081FDAF837
:10C230000C30CB60321F242A99602DD8132A29D9BB
:10C240002368CAF808306368CAF80C301B2A42D841
:10C2500008340AF1100322681A6062685A60A26802
:10C260009A606646D1463C4607E7A3688360E36868
:10C27000C360242A26D004F1100200F11003DBE68B
:10C280003A46BFE7214638461E46D146FFF744FAF4
:10C290003C46F2E63B46DEE7214638466646D14656
:10C2A000FFF73AFA3C46E8E6280A0024A168CAF8F3
:10C2B0001010E168CAF81410242A20D010340AF1B2
:10C2C00018029FE7236903616169416104F1180263
:10C2D00000F11803B0E6A368CAF81030E368CAF8A2
:10C2E0001430242A21D010340AF11803B3E73A4657
:10C2F00033E721463846FFF70FFA164B33E722693A
:10C30000CAF818206269CAF81C2018340AF1200201
:10C3100078E7A168CAF81010E168CAF81410242A56
:10C320000DD010340AF1180217E72369CAF8183043
:10C330006369CAF81C3018340AF120038BE72269BC
:10C34000CAF818206269CAF81C2018340AF12002C1
:10C3500003E700BF280A002453EC102B70B5164EDB
:10C3600023F000410025B1420446056021DC10EEB7
:10C37000106A0E431DD0114E1E40184666B919466C
:10C38000002210EE100A0E4BE4F796F96FF0350517
:10C390000246084621F0004120F0FF40091520F434
:10C3A000E000A1F2FE3140F07F53294443F4001332
:10C3B000216043EC102B70BDFFFFEF7F0000F07F8A
:10C3C0000000504310B50C46B1F90E1001F08EFA82
:10C3D000002803DB236D0344236510BDA38923F4E8
:10C3E0008053A38110BD00BF2DE9F0410C46B1F987
:10C3F0000C101F46CB05054616460BD421F4805180
:10C40000A1813B46B4F90E1032462846BDE8F04102
:10C4100001F046B8B4F90E100223002201F03AFAF6
:10C42000B4F90C10EAE700BF10B50C46B1F90E10D4
:10C4300001F030FAA389421C0EBF23F4805343F469
:10C4400080532065A38110BDB1F90E1001F0E0B852
:10C4500030B540EA0104A30701D1032A0FD884466E
:10C4600001F1FF3E07E01EF8011F03F8011B541EF7
:10C47000C1B19C4622466346002AF4D130BD0B462A
:10C480008446194653F8045BA5F1013424EA0504F7
:10C4900014F0803FE4D1043A032A4CF8045B1946B7
:10C4A000EFD8DDE76244002CE8D003F8011B93428B
:10C4B000FBD130BD2DE9F04F936883B09146002B3E
:10C4C0006ED017688D6880460C460868083744E0CF
:10C4D000A38913F4906F2ED0D4E90415A0EB010AC0
:10C4E00005EB450505EBD5750AEB06006D1001302F
:10C4F000A8422A4684BF05462A465B0537D5114621
:10C500004046FBF769FA00283BD05246216901906A
:10C51000E4F7C4FDA289019B22F4906242F08002FC
:10C52000A281A5EB0A0203EB0A006561A260236108
:10C5300020603546B24659465246FFF7EDF8A068EE
:10C54000D9F808102368451B8E1B03EB0A00A56071
:10C550002060C9F808601EB3083757E902B6002EFC
:10C56000FAD0B542AA46B3D93546B246E3E74046CB
:10C57000FFF706FD03460028D3D121694046FEF7A8
:10C58000ADFD0C23C8F80030A389002243F040031E
:10C590004FF0FF30A381C9E9012203B0BDE8F08F5D
:10C5A0000020C9F8040003B0BDE8F08F2DE9F84F72
:10C5B0004B6E9C0490462DD59368126843B38B460E
:10C5C000064602F1080959E9025A5FEA9A0715D0AE
:10C5D000043D002401E0A7420ED055F8041F5A463E
:10C5E000304601F0F5F8431C04F10104F3D10023B7
:10C5F000C8E90133BDE8F88FD8F808302AF0030AFB
:10C60000A3EB0A03C8F8083009F10809002BDAD1B6
:10C610000020ECE7FEF768FE0023C8E90133BDE81F
:10C62000F88F00BF2DE9F04F2DED028BBBB008EE67
:10C63000101A08EE900A1C461746039318B1836B34
:10C64000002B00F09C8218EE102A536EDE0740F19A
:10C650009E81B2F90C108AB2900409D441F40052C0
:10C6600018EE101A4B6E8A8123F4005392B24B6677
:10C67000110740F1F88018EE103A1B69002B00F00A
:10C68000F28002F01A030A2B00F0FE8011AB0E9329
:10C690000023CDE90F33CDE9083306930DF14409AA
:10C6A000079302933B78002B00F05B813C4604E04B
:10C6B00014F8013F002B00F03481252BF8D1E51B45
:10C6C00040F031812378002B00F04B814FF00003C4
:10C6D00000258DF83330671C637801954FF0FF3BE0
:10C6E0002B240137A3F120025A2A00F26181DFE8EE
:10C6F00012F0AB025F015F01A7025F015F015F0102
:10C700006A005F015F0149027E025F015402B902C3
:10C710005F01B5025B005B005B005B005B005B00E0
:10C720005B005B005B005F015F015F015F015F0118
:10C730005F015F015F015F01360284005F015F01FD
:10C740005F015F015F015F015F015F015F015F01E9
:10C75000E5005F015F015F011A025F016C025F018A
:10C760005F014C055F015F015F015F015F015F01D8
:10C770005F015F015F015F01360286005F015F01BB
:10C780005F016202860080005F0158025F0194022F
:10C79000E700820280005F011A027E006C055F01E3
:10C7A0005F016E055F017E00A3F13002002117F8E2
:10C7B000013B01EB810102EB4101A3F13002092AA7
:10C7C000F5D901918EE718EE900AFEF729FF43682C
:10C7D00008931846E4F714FD0990064618EE900AEF
:10C7E000FEF71EFF83680793002E40F0A9843B7874
:10C7F00077E73B7845F0200573E745F01005AC0678
:10C80000039E40F18281073626F0070632467368A0
:10C8100052F8086B03929846002BC0F25984BBF182
:10C82000FF3F00F03E8556EA080325F0800A00F03D
:10C8300034840A2E78F1000380F0EB843036012333
:10C840008DF8E760554600930DF1E704009A9DF8D6
:10C8500033305A45B8BF5A469046002B00F0B78097
:10C8600002F10108B3E018EE101A18EE900A18EE63
:10C87000105AFDF7C3F9002840F0AC85AA8902F0F0
:10C880001A030A2B7FF402AF18EE101AB1F90E301A
:10C89000002BFFF6FBAE4B6EDE0702D4950540F190
:10C8A000778518EE101A18EE900A23463A463BB0E8
:10C8B000BDEC028BBDE8F04F00F0B2BD45F01005B5
:10C8C00015F0200800F01281039E073626F00706B7
:10C8D0003346D6F8048053F8086B039325F4806A36
:10C8E00000234FF000028DF83320BBF1FF3F00F032
:10C8F000D38156EA08022AF0800540F0CC81BBF1D2
:10C90000000F40F0D184002B40F0CC831AF00103DB
:10C91000009300F0FC8330238DF8E7300DF1E7043D
:10C9200094E7E51B1DD00F9B109A01332A44072B77
:10C93000C9E9007510920F9305DC09F10809029B03
:10C940002B440293BEE6002A00F0A38318EE101ACF
:10C9500018EE900A0EAAFFF729FE40B90DF144091E
:10C96000EDE7109B002B40F0248500230F9318EE79
:10C97000102A536ED90740F1AE8093895B0600F10F
:10C98000328502983BB0BDEC028BBDE8F08FB2F966
:10C990000C108D0518EE103A8AB23FF55DAE18EE18
:10C9A000105A986DFEF744FEB5F90C108AB253E6A2
:10C9B000002BD6D08DF884304FF001084FF00003E3
:10C9C0008DF83330CDF8008021AC4FF0000B15F01E
:10C9D0000203049318BF08F1020815F084030593BD
:10C9E00005D1019BA3EB0806002E00F37F82DDE951
:10C9F0000F21501C9DF833608EB10DF133020131CF
:10CA0000C9F8002007284FF00102CDE90F01C9F84D
:10CA1000042000F34C82024609F108090130049B0E
:10CA2000EBB10DAB0231C9F8003007284FF002031B
:10CA3000CDE90F01C9F8043040F35382002900F01A
:10CA4000238318EE101A18EE900A0EAAFFF7AEFD17
:10CA500000288CD1DDE90F210DF14409501C059B04
:10CA6000802B00F05A81009BABEB0306002E00F3F5
:10CA7000BD81009BC9F8004019440728CDE90F018A
:10CA8000C9F8043040F34681002900F0898218EE8D
:10CA9000101A18EE900A0EAAFFF788FD00287FF4FE
:10CAA00066AF10990DF14409680705D5019BA3EB0A
:10CAB0000804002C00F37E82DDE901234245ACBF6F
:10CAC0009B1843440293002940F0E08100230F9318
:10CAD0000DF14409E6E593899A053FF54FAF18EE4D
:10CAE000104AA06DFEF7A6FDA38947E715F01003D5
:10CAF00040F03E8315F0400200F0FD83039A52F8A7
:10CB0000046B03929846B6B2E8E656F8043B0396E7
:10CB1000E80600F10883690640F1028343F3C03858
:10CB20001EB2434678E6039E56F8044B4FF00003CE
:10CB30008DF83330002C00F0C583BBF1FF3F00F0CF
:10CB400049835A4600212046E4F7CAFB002800F03A
:10CB50002484031B009303964FF0000B76E6039E9C
:10CB60004FF000038DF833304FF0010856F8043BC6
:10CB70008DF884300396CDF8008021AC25E7FEF7D0
:10CB8000B5F960E5039B53F8042B0192002A80F26B
:10CB9000BA82019A0393524201923B7845F0040510
:10CBA0009FE53B786C2B03BF7B7845F02005013770
:10CBB00045F0100595E53B78682B03BF7B7845F47D
:10CBC0000075013745F040058BE545F0100A1AF075
:10CBD000200800F06E82039E073626F007063346D3
:10CBE000D6F8048053F8086B0393012379E63B7869
:10CBF0008DF8334075E5039B53F8046B03933023A2
:10CC00008DF8343078238DF83530C24B069345F0DB
:10CC1000020A4FF00008022363E6AE0600F19E828E
:10CC2000EC0600F14783680600F1A483A90540F1F2
:10CC30004183039E029A56F8043B03961A7031E52D
:10CC40003B7845F001054CE59DF83330002B7FF42F
:10CC5000CEAD20238DF833303B7842E53B7845F06C
:10CC600080053EE5394611F8013B2A2B00F0C483CC
:10CC7000A3F13002092A0F464FF0000B3FF632AD08
:10CC800017F8013B0BEB8B0B02EB4B0BA3F13002C4
:10CC9000092AF5D926E5AA46012B3FF4CAAD022B95
:10CCA0003AAC12D1069A06F00F033609D35C04F8A9
:10CCB000013D46EA08764FEA181856EA0803F2D111
:10CCC0003AAB1B1B55460093C0E506F00703F60878
:10CCD00046EA48764FEAD808303356EA0801224639
:10CCE00004F8013DF1D11AF0010FE9D0302BE7D063
:10CCF0003023023A04F8013C3AAB9B1A55460093A4
:10CD00001446A3E5009911940123129110910F93F9
:10CD10000DF1440909F10809C6E6019BA3EB0806D9
:10CD2000002E7FF7A0AE102E40F36283DFF8E8A15B
:10CD30005346CDE90445BA4618EE904A18EE105A0B
:10CD4000084696461F4607E00EF1020C09F1080955
:10CD50009646103E102E1FDD0EF1010210301023FA
:10CD6000072ACDE90F20C9F80070C9F80430EBDDBF
:10CD70000EAA002800F09580294620460DF14409AE
:10CD8000FFF714FC00287FF4F2ADDDE90FE0103E60
:10CD9000102E0EF1010CDFDCDDE904453B460146B7
:10CDA00057469A463144BCF1070FCDE90FC1C9F887
:10CDB00000A0C9F8046040F3AD81002900F0CA82E8
:10CDC00018EE101A18EE900A0EAAFFF7EFFB0028D3
:10CDD0007FF4CDAD009BDDE90F21ABEB0306002E08
:10CDE00002F101000DF144097FF743AE102EDFF888
:10CDF00028A137DD5346CDE90445BA4618EE904ADE
:10CE000018EE105A4FF0100B084694461F4607E0E4
:10CE10000CF1020E09F108099446103E102E1ADD9D
:10CE20000CF101021030072AC9E9007BCDE90F207F
:10CE3000EEDD0EAA20B3294620460DF14409FFF786
:10CE4000B5FB00287FF493ADDDE90FC0103E102E36
:10CE50000CF1010EE4DCDDE904453B460146574692
:10CE600070469A4631440728CDE90F01C9F800A061
:10CE7000C9F8046000F3F28009F108090130F8E50F
:10CE80004FF0010E84460DF14409C6E718EE101A62
:10CE900018EE900A0EAAFFF789FB00283FF416AEA1
:10CEA00065E54FF0010C86460DF1440951E7002974
:10CEB00000F0E78018EE101A18EE900A0EAAFFF79D
:10CEC00075FB00287FF453ADDDE90F210DF1440916
:10CED000501CA4E502210DAB1291119301200DF11C
:10CEE0004409024609F10809501CB8E5102E40F328
:10CEF0005A82DDE90FC1DFF824A0CDF828B00B95E8
:10CF0000A34618EE105A5446102318EE90AA08466D
:10CF10000EE000BF1C1B0208A41D0208941D02089D
:10CF20000CF1020E09F108099446103E102E1CDD8A
:10CF30000CF101021030072AC9E90043CDE90F20A6
:10CF4000EEDD0EAA30B3294650460DF14409FFF735
:10CF50002DFB00287FF40BADDDE90FC0103E102E35
:10CF60000CF1010E4FF01003E2DCA2460B9D5C4673
:10CF7000DDF828B0014672463144072ACDE90F2179
:10CF8000C9F800A0C9F8046000F3AB8009F10809F2
:10CF9000501C2FE584464FF0010E0DF14409C4E703
:10CFA0006C070F9152D5019BA3EB0804002C4DDDBB
:10CFB0000DF14409102C40F30882DFF85CA40F9AAD
:10CFC0000B46BB464946574618EE109A18EE90AAF3
:10CFD000102505E0901C08313246103C102C18DD5D
:10CFE000561C1033072EC1E90075CDE90F63F1DD42
:10CFF0000EAA3BB349465046FFF7D8FA00287FF403
:10D00000B6ACDDE90F23103C102C02F1010011A990
:10D01000E6DC8946BA4619465F4621440728C9E935
:10D0200000A4CDE90F017FF747AD79B118EE101AD2
:10D0300018EE900A0EAAFFF7B9FA00287FF497AC11
:10D04000109939E501201A4611A9C6E7DDE9012347
:10D050004245ACBF9B184344029337E500293FF497
:10D0600051AE18EE101A18EE900A0EAAFFF79EFAAB
:10D0700000287FF47CAC0F98109901300DF1440921
:10D08000F7E4049B002B79D101200A460DF14409F5
:10D09000E5E40F920DF1440951E4BBF1000F7FF478
:10D0A000CDAB55464FF0000BCDF800B03AACFFF7D2
:10D0B000CDBB1AF010033CD11AF0400200F00C81F5
:10D0C000039A52F8046B03929846B6B2012308E41F
:10D0D0002D2376428DF8333068EB4808AA460123A9
:10D0E00003E400297FD018EE101A18EE900A0EAA59
:10D0F000FFF75CFA00287FF43AACDDE90F210DF16F
:10D100004409501C76E403933B78FFF7EABA3AAC43
:10D11000FFF79CBB09F108090CF101006246A2E48B
:10D12000AA0500F12F814FEAE3781E464346FFF738
:10D1300073BB039B53F8046B03930123FFF7D1BB2D
:10D14000079B002B3FF453AB079B1B78002B3FF44E
:10D150004EAB3B7845F48065FFF7C3BADDE90216B4
:10D1600056F8042B0396CB17C2E90013FFF79ABABF
:10D17000039B53F8046B0393FFF7B0BB02210DAB85
:10D18000129111930DF14409ACE6A04A069215F0F4
:10D19000200836D0039E073626F007063246D6F81A
:10D1A000048052F8086B0392EA0709D556EA080290
:10D1B00006D08DF83530302345F002058DF8343037
:10D1C00025F4806A0223FFF78CBBAA46FFE4904A4D
:10D1D0000692DCE720460396E4F712F84FF0000BC6
:10D1E0000090FFF733BB9DF83320002A00F0B88091
:10D1F00001200DF13302129011920DF14409014604
:10D2000009E415F0100242D0039A52F8046B03921D
:10D21000CAE70AF48063CDF800B0CDF81090BB46A1
:10D22000DDF81C9000253AAC1F4609E03046414627
:10D23000E3F7B2FD0A2E78F100031BD306468846B9
:10D24000304641460A220023E3F7A6FD114630315D
:10D2500004F8011C0A220023013C0135002FE5D00F
:10D2600099F80010A942E1D1FF2DDFD00A2E78F104
:10D2700000035BD23AAB1B1BCDF81C905F46DDF878
:10D280001090DDF800B000935546FFF7DFBA15F0B7
:10D2900040013ED0039951F8046B03919046B6B219
:10D2A00082E7AA46FFF7C5BA012BAA467FF4F7AC7E
:10D2B000FFF7C4BA039E029A56F8043B1A6003961D
:10D2C000FFF7F0B95B46062B28BF0623514C0093AD
:10D2D00003969846FFF779BB039B1AF4007814BFB6
:10D2E00053F8046B53F8046B03931CBF9046F6B2DB
:10D2F0000123FFF7F6BA039B15F4007814BF53F827
:10D30000046B53F8046B03931CBF9046F6B2FFF70F
:10D31000E5BA039A15F4007814BF52F8046B52F87A
:10D32000046B03921CBF8846F6B23DE7099B08993F
:10D33000E41A1A462046FFF78BF899F801300BB132
:10D3400009F10109304641460A2200230025E3F78E
:10D3500023FD73E701200A460DF14409FFF783BB63
:10D36000049B002B7FF4B6AD0A4601200DF1440961
:10D37000FFF779BB039E029A56F8043B03961A8086
:10D38000FFF790B943F3C0185EB24346FFF744BAC3
:10D39000886DFEF74FF9FFF784BACDF800B0039619
:10D3A0008346FFF753BA0F9A1099DFF86CA0013249
:10D3B000E2E518EE101A18EE900A0EAAFFF7F6F83A
:10D3C00000283FF4D2AAFFF7D2BA0F98DFF848A09E
:10D3D000013022E66B6EDB0705D4AB899F0502D4D2
:10D3E000A86DFEF727F94FF0FF330293FFF7C9BA94
:10D3F000DFF828A08446D5E4039A7B780F4652F8DC
:10D40000041B039241EAE17BFFF76BB9301B020872
:10D410001C1B0208441B0208941D0208A41D0208DC
:10D4200070B50C468989ADF58E6D21F00201ADF81D
:10D430001410616E1B91E189ADF81610E169099134
:10D44000616A0B911CA9029106914FF48061064616
:10D450000491079118A80021CDE900320891FEF748
:10D46000E3F8DDE9003202A93046FFF7DBF8051EDC
:10D4700007DB02A93046FDF705FD002818BF4FF075
:10D48000FF35BDF814305B0603D5A38943F0400394
:10D49000A3811898FEF7CAF828460DF58E6D70BD69
:10D4A00038B50C46084D8446114620461A460023DE
:10D4B0002B606446E4F71CFF431C00D038BD2B688A
:10D4C000002BFBD0236038BD387D03242DE9F047C5
:10D4D000DFF880A00646DAF8000098460F4691462D
:10D4E000FEF7A6F81A4B1B68D3F8484124B36568C9
:10D4F0001F2D26DC5EB96B1C0235DAF80000636074
:10D5000044F82570FEF796F80020BDE8F08704EB9C
:10D5100085010123C1F88890D4F88821AB401A43D3
:10D52000022EC4F88821C1F80881E4D1D4F88C21F6
:10D530001343C4F88C31DEE703F5A674C3F8484101
:10D54000D5E7DAF80000FEF775F84FF0FF30DCE7BA
:10D55000081B0208380E002400B50B4C2568144641
:10D56000EE681A4685B003460D464CB10749009552
:10D57000CDE901143046064900F0C2F800F050FA37
:10D5800004490C46F3E700BFFC050024B41D020863
:10D59000C41D0208C01D020838B5A1FB02148CBBD3
:10D5A000FAF71AFA0546E0B150F8042C22F003020B
:10D5B000043A242A17D8132A1AD91B2AC0E900448E
:10D5C0001DD9242A14BF00F1100200F118024FF0F7
:10D5D0000003C0E9024404BF04614461C2E90033AE
:10D5E0009360284638BD2146FAF7A6FC284638BD88
:10D5F00002460023C2E900339360284638BD00F19B
:10D600000802F6E7FAF7B6F90C2300250360E8E70D
:10D6100038B5074D0022044608462A60E4F776FE36
:10D62000431C00D038BD2B68002BFBD0236038BDD5
:10D63000387D032470B500294BD006460C4610B146
:10D64000836B002B48D0636ED80734D5B4F90C3007
:10D65000002B3ED021463046FDF77CFBE36A0546B1
:10D6600033B1E169304698470028B8BF4FF0FF3525
:10D67000A3891A063BD4216B41B104F140039942BE
:10D6800002D03046FDF72AFD00232363616C21B1EF
:10D690003046FDF723FD00236364FDF7ADFC636EA8
:10D6A0000022DB07A28127D5A06DFDF7BFFFFDF7A4
:10D6B000A9FC284670BDA3899905CBD4A06DFDF7C0
:10D6C000B7FFB4F90C30002BC4D1656E15F001051D
:10D6D00008D00025284670BDFDF708FC636ED8070A
:10D6E000B4D4E8E7A06DFDF7A5FF284670BD216919
:10D6F0003046FDF7F3FCBEE7A06DFDF79BFFD3E7D7
:10D700000EB410B583B005AB064C53F8042B01934F
:10D7100001462068FEF786FF03B0BDE8104003B065
:10D72000704700BFFC0500242DE9F04782B0824617
:10D730008846144600F0A8F8012803D108F1FF3309
:10D74000FE2B36D9424604F15C0301A9504600F095
:10D750003BF9421C064632D030B39DF804C00DF1AF
:10D760000509002509E023685A1C226083F800C0DF
:10D770000135B54218D219F801CBA368013B002B43
:10D78000A360F0DAA769BB4261462246504602DB3D
:10D79000BCF10A0FE7D100F0BFF8431CE8D1064600
:10D7A000304602B0BDE8F0874646304602B0BDE8DC
:10D7B000F0875FFA88FC8DF804C00646CFE7A3899E
:10D7C000304643F04003A38102B0BDE8F08700BFBC
:10D7D00030B5536E13F0010FB2F90C30144683B01C
:10D7E00005469AB201D198051CD5900406D4626E04
:10D7F00043F4005342F40052A38162662246284655
:10D80000FFF792FF636EDA07054602D4A3899B05F2
:10D8100002D5284603B030BDA06DFDF70BFF2846AA
:10D8200003B030BDA06D0191FDF702FFB4F90C30DB
:10D8300001999AB2D9E700BF70B50C46084D03466E
:10D840000026204611461C462E60E4F762FD431C6C
:10D8500000D070BD2B68002BFBD0236070BD00BFD3
:10D86000387D032438B5074D0022044608462A6057
:10D87000E4F754FD431C00D038BD2B68002BFBD0CF
:10D88000236038BD387D0324014B93F8280170478D
:10D890003C0E002438B50C46084D844611462046FF
:10D8A0001A4600232B606446E4F73AFD431C00D07F
:10D8B00038BD2B68002BFBD0236038BD387D032496
:10D8C00082B049B15AB16BB113780B601278101E57
:10D8D00018BF012002B0704701A9002AF3D11046F9
:10D8E00002B070476FF00100F4E700BF38B50C4696
:10D8F000084D8446114620461A4600232B60644694
:10D90000E4F7E6FC431C00D038BD2B68002BFBD0AD
:10D91000236038BD387D0324F8B50D46144606460D
:10D9200010B1836B002B43D0B4F90C20A369A36022
:10D93000170790B21BD52369CBB1EDB281042F46F6
:10D9400022D522686169D31A994229DD0133A16881
:10D950000139A160511C2160157062699A422AD078
:10D96000A389DB0701D50A2D25D03846F8BD21460D
:10D970003046FCF743F920BBB4F90C20236990B280
:10D98000EDB281042F46DCD442F40052A281626ED3
:10D99000616922F4005262662268D31A9942D5DC8A
:10D9A00021463046FDF76EFA58B922680123CEE7CA
:10D9B000FDF79CFAB8E721463046FDF763FA0028E8
:10D9C000D3D04FF0FF37D0E770B5054684B01C4682
:10D9D00039B10B4ED6F8E060B047431C09D004B013
:10D9E00070BD0A460649D1F8E06001A9B047431C62
:10D9F000F5D100228A2322602B6004B070BD00BFE5
:10DA00003C0E002449B1FF2A02D80A700120704759
:10DA10008A2303604FF0FF3070470846704700BF0D
:10DA200008B5062000F004F80120E4F74BFC00BF25
:10DA300038B5154B1F281D6820D8D5F8DC220446C0
:10DA400062B152F820304BB1012B15D0591C0FD0C8
:10DA5000002542F820509847284638BD284600F057
:10DA60002BF8224601462846BDE8384000F00EB8A3
:10DA700016232B60012038BD002038BD16232B60F3
:10DA80004FF0FF3038BD00BFFC05002470B50C46D8
:10DA9000084D03460026204611461C462E60E4F73A
:10DAA00009FC431C00D070BD2B68002BFBD0236009
:10DAB00070BD00BF387D0324E4F7FABB000000000E
:10DAC00051EC100B204A21F00043934220DD00B5B9
:10DAD0001E4A934285B009DD10EE102A0B46E2F78C
:10DAE00033FC41EC100B05B05DF804FB684600F018
:10DAF00067F900F0030001289DED021B9DED000B6E
:10DB00000AD0022816D090B1012001F0F1FCEAE71A
:10DB10009FED0B1B00F084BF01F0EAFC53EC102BCF
:10DB200003F1004300EE903A05B05DF804FB00F00D
:10DB300077FFD8E700F074FFF0E700BFAFF3008095
:10DB40000000000000000000FB21E93FFFFFEF7F25
:10DB500051EC100B204A21F00043934227DD00B521
:10DB60001E4A934285B009DD10EE102A0B46E2F7FB
:10DB7000EBFB41EC100B05B05DF804FB684600F0D0
:10DB80001FF900F0030001289DED021B9DED000B25
:10DB900012D0022817D090B100F042FF53EC102BA6
:10DBA00003F1004300EE903A05B05DF804FB9FEDF1
:10DBB000081B002001F09CBC00F032FFDBE70120D5
:10DBC00001F096FCD7E7012001F092FCE6E700BFE8
:10DBD0000000000000000000FB21E93FFFFFEF7F95
:10DBE00010EE103A184A23F0004393421BDDB3F1C4
:10DBF000FF4F02DB30EE400A704700B583B0684645
:10DC000000F0D6FD00F003000128DDED010A9DEDD6
:10DC1000000A0CD0022812D070B1012002F0E2F804
:10DC200003B05DF804FBDFED090A01F01FBD02F04F
:10DC3000D9F8B1EE400AF3E701F018FDF0E701F082
:10DC400015FDB1EE400AEBE7D80F493F0000000098
:10DC500010EE103A194A23F0004393421CDDB3F151
:10DC6000FF4F02DB30EE400A704700B583B06846D4
:10DC700000F09EFD00F003000128DDED010A9DED9E
:10DC8000000A0ED0022813D070B101F0EFFCB1EE03
:10DC9000400A03B05DF804FBDFED090A002002F042
:10DCA000A1B801F0E3FCF4E7012002F09BF8F0E7F3
:10DCB000012002F097F8B1EE400AEAE7D80F493F99
:10DCC0000000000008B52DED028BB0EE408A00F098
:10DCD0009DFAB4EE488AF1EE10FAF0EE408A0AD6C8
:10DCE000B0EE480A02F0C0FAF7EE007AB4EEE70AA6
:10DCF000F1EE10FA04DCB0EE680ABDEC028B08BD50
:10DD0000F9F738FEBDEC028B034621221A60024867
:10DD1000BDE8084002F0F6BAC01D020808B52DEDB6
:10DD2000028BB0EE408A00F095FBB4EE488AF1EE2B
:10DD300010FAF0EE408A0AD6B0EE480A02F094FAE1
:10DD4000F7EE007AB4EEE70AF1EE10FA04DCB0EE7A
:10DD5000680ABDEC028B08BDF9F70CFEBDEC028B26
:10DD6000034621221A600248BDE8084002F0CABA00
:10DD7000C01D020800F074BC08B52DED028BB0EE9A
:10DD8000408A00F047FEB4EE488AF1EE10FA06D65B
:10DD9000DFED098AB4EEE88AF1EE10FA02D4BDECA8
:10DDA000028B08BDF9F7E6FD88EEA80ABDEC028BF0
:10DDB0002123036008BD00BF000000000000000038
:10DDC0002DE9F04F53EC102B2DED048B904923F0EF
:10DDD00000458D428BB0044640F38C808D498D42C6
:10DDE0001F462BDC002F194610EE100A7EA3D3E944
:10DDF000002340F3B681E2F7A7FA874B9D428046A5
:10DE0000894600F08F807AA3D3E90023E2F79CFAD9
:10DE100002460B46C4E9002340464946E2F794FA1D
:10DE200073A3D3E90023E2F78FFAC4E902010126C4
:10DE300030460BB0BDEC048BBDE8F08F77498D42C6
:10DE400040F3928076498D4261DC2E15A6F216468B
:10DE500010EE100AA5EB065190468946E3F72EFB1B
:10DE6000E2F7C0FB02460B4640464946CDE9042393
:10DE7000E2F76AFA6B4B0022E2F71EFC8946804605
:10DE8000E3F71CFB0546E2F7ADFB02460B464046B6
:10DE90004946CDE90623E2F757FA624B0022E2F742
:10DEA0000BFC02460B46CDE9082300220023E3F7D2
:10DEB000BDFA002800F05381002D0CBF012302237E
:10DEC000594A0192022200922146324604A800F0EB
:10DED000E7FE002F0646ABDA6168226801F10043D5
:10DEE000E168C4E90023A26801F10043C4E9022308
:10DEF00046429DE7002000210026C4E90201304689
:10DF000084ED000B0BB0BDEC048BBDE8F08F10EE80
:10DF1000100A1946E2F718FA0026C4E90201C4E91A
:10DF2000000185E734A3D3E90023E2F70DFA34A317
:10DF3000D3E9002380468946E2F706FA02460B46FB
:10DF4000C4E9002340464946E2F7FEF92CA3D3E991
:10DF50000023E2F7F9F90126C4E9020130460BB0CB
:10DF6000BDEC048BBDE8F08F01F084FF59EC108B01
:10DF700010EE100A24A3D3E900234946E2F79CFBE4
:10DF80002A4B0022E2F7E2F9E3F798FA0646E2F7B5
:10DF900029FB02460B4643EC182B13A3D3E90023BD
:10DFA000B0EE489AF0EE689AE2F786FB02460B461E
:10DFB00040464946E2F7C8F90DA3D3E9002382465B
:10DFC0008B4651EC180BE2F777FB1F2E41EC180B38
:10DFD00030DC174B721E53F82230AB422AD0024677
:10DFE0000B469BE0AFF3008000004054FB21F93F5B
:10DFF0003163621A61B4D03D0000601A61B4D03D53
:10E000007370032E8A19A33B83C8C96D305FE43F48
:10E01000FB21E93F7BD90240FB21F93FFB2139413C
:10E02000FFFFEF7F00007041881F02080000E03F03
:10E03000081F02082B150393504653EC182B594622
:10E04000E2F782F9C1F30A53C3EB1555102D804650
:10E05000894669DD64A3D3E9002351EC190BE2F78B
:10E060002BFB8046894642464B4650465946E2F7CE
:10E070006BF902460B465046594692469B46E2F7DC
:10E0800063F942464B46E2F75FF959A3D3E900230F
:10E090008046894651EC190BE2F70EFB42464B468F
:10E0A000E2F752F902460B465046594643EC182B0C
:10E0B000E2F74AF9039AC1F30A53D31A312B804687
:10E0C000894631DD4DA3D3E9002351EC190BE2F76A
:10E0D000F3FA8046894642464B4650465946E2F797
:10E0E00033F902460B465046594692469B46E2F7A4
:10E0F0002BF942464B46E2F727F942A3D3E9002326
:10E100008046894651EC190BE2F7D6FA42464B4657
:10E11000E2F71AF902460B4643EC182B50465946D3
:10E12000E2F712F98046894642464B46C4E9008927
:10E1300050465946E2F708F953EC182BE2F704F978
:10E14000002FC4E90201BFF673AE09F10043C4E930
:10E15000008301F10043C4E90203764268E6032329
:10E16000AEE6E2F7F3F8244B9D428046894616D08E
:10E170001BA3D3E90023E2F7E9F802460B46C4E902
:10E18000002340464946E2F7DFF815A3D3E9002310
:10E19000E2F7DCF84FF0FF36C4E9020148E612A3CB
:10E1A000D3E90023E2F7D2F811A3D3E90023804694
:10E1B0008946E2F7CBF802460B46C4E90023404605
:10E1C0004946E2F7C1F80AA3D3E90023E2F7BEF813
:10E1D0004FF0FF36C4E902012AE600BFAFF300802A
:10E1E0003163621A61B4D03D0000601A61B4D03D61
:10E1F0007370032E8A19A33BFB21F93F0000002E08
:10E200008A19A33BC14920259A837B3908B510EEB2
:10E21000102A22F00043B3F17E5F2DED028B12D065
:10E220000ADCB3F17C5F19DAB3F10C5F6CDCBDEC96
:10E23000028B9FED770A08BD70EE407A87EEA70A41
:10E24000BDEC028B08BDBDEC028B9FED720ADFEDC9
:10E25000727A002AD8BFB0EE670A08BD002AC0F261
:10E260009080F7EE008A38EEC00AB6EE008A20EE03
:10E27000088AB0EE480A00F0CDFBDFED687A9FED2A
:10E28000687A9FED686ADFED685ADFED686AA8EE8C
:10E29000277ADFED677AA7EE086AE8EE257AE6EEE0
:10E2A000086ADFED645A9FED647AE7EE885AA6EEBD
:10E2B000887ADFED627A10EE103AE5EE887A23F480
:10E2C0007F6323F00F03B0EE476A9FED5D7AF0EEB7
:10E2D000676AA6EE087A07EE903AB0EE486AE6EE74
:10E2E000888AA7EEE76A70EE276A27EE088A86EE2C
:10E2F000267AC8EE286ABDEC028BA0EE267A37EEAD
:10E30000870A30EE000A08BD20EE007ADFED437A7E
:10E310009FED436ADFED436A9FED435ADFED435AB9
:10E32000A7EE276ABDEC028BE6EE076ADFED407AC6
:10E330009FED406AE7EE057AE6EE875AA7EE876A18
:10E340009FED3D5ADFED3D7ADFED3D6AA5EE875A40
:10E35000E6EE077AE5EE076AF7EE005AE7EE875A2F
:10E3600026EE877A9FED376ADFED377AC7EE256AAA
:10E37000B0EE467AA0EE667A30EE470A37EEC00A73
:10E3800008BDB7EE007A30EE070AF6EE007A60EECE
:10E39000277ADFED226A9FED226ADFED224ADFED68
:10E3A000225A9FED225A9FED268AA7EEA66ADFED3C
:10E3B000206AE6EE274AE7EEA56ADFED1E5A9FEDDA
:10E3C0001E6AA4EEA75AE6EEA75ADFED1C6AA5EE78
:10E3D000276AE5EEA76AA6EE278AA6EEA77A28EEB8
:10E3E000278AF0EE478AB0EE670A00F013FB88EE4A
:10E3F000286ADFED167AB0EE407AE7EE067A9FEDF6
:10E40000140A77EE877AF0EE006AA7EEE60A17E7BD
:10E41000DB0FC93F00000000DB0F494008EF113857
:10E42000047F4F3A461124BD2EC69D3DA80A4E3E9C
:10E43000613330BF2D57014090B0A6BE39D119C00D
:10E44000ABAA2A3E6821A233DA0FC93F6821A2B3E2
:10E45000DA0F494038B510EE105A25F00044B4F1F7
:10E460007E5F2DED048B00F085807ADCB4F17C5F5B
:10E470000FDAB4F1485F80F29C80DFED697A70EECC
:10E48000277AB7EE007AF4EEC77AF1EE10FA00F3CD
:10E490008D8001F0E9FEF7EE007A37EEC00AB6EEA5
:10E4A000008A20EE088A9FED5F7ADFED5F6A9FEDBC
:10E4B0005F6A9FED5F5ADFED5F5ADFED5F8AE8EE3E
:10E4C000076A9FED5E7AA8EE067A9FED5D6AA6EE7A
:10E4D000885AA7EE086A9FED5B7ADFED5B6AE5EE8E
:10E4E000085AA6EE087AE5EE886AE7EE087AE6EEC4
:10E4F000888AB0EE480AB0EE679A00F08BFA534B68
:10E500009C4268EE888A42DC10EE103A23F47F6366
:10E5100023F00F0306EE903AA6EEE68A70EE267A16
:10E5200088EE895AC8EE274A9FED497ADFED497A8D
:10E53000B0EE006AA4EEC67A30EE000AF0EE675A3A
:10E54000E6EEC65A90EE057A37EE657A37EEC77A70
:10E55000002D0ADCBDEC048BB1EE477AB0EE470A21
:10E5600038BD70EE407A87EEA77ABDEC048BB0EE32
:10E57000470A38BD9FED367ADFED377A20EE077A0D
:10E58000BDEC048BA0EE277AB0EE470A38BD88EECA
:10E59000896A9FED327ADFED307AA0EE060AF0EE5E
:10E5A000006AA0EE267A37EEC77AD1E7B0EE407A5D
:10E5B000DBE760EE007A9FED1B7ADFED1B6A9FEDD3
:10E5C0001C6ADFED1A5A9FED1B5AE7EE876ABDEC15
:10E5D000048BA6EEA76A9FED197ADFED196AA7EE04
:10E5E000A57AA6EE275AE7EE276ADFED175A9FEDC8
:10E5F000156A9FED117AE5EE275AA6EEA76AA5EEF9
:10E60000A77AF7EE006AE6EE276A67EE277AB0EEA1
:10E61000407A87EEA66AA0EE067AB0EE470A38BDC9
:10E62000CAF2497108EF1138047F4F3A2EC69D3D5A
:10E63000461124BDA80A4E3EABAA2A3E613330BF24
:10E640002D57014039D119C090B0A6BE9999793F94
:10E650002EBD3BB3DB0F493FDB0FC93F2EBD3B3324
:10E6600010B582B0CDED010A019B23F00042B2F15A
:10E67000FF4FF0EE407A30DC10EE100A20F000413F
:10E68000B1F1FF4F29DCB3F17E5F42D09C1704F05B
:10E69000020444EAD07431B37AB3B2F1FF4F40D0F0
:10E6A000B1F1FF4F29D08A1AB2F1F45F4FEAE2517B
:10E6B00034DA002B42DA3C3140DA9FED340A012C87
:10E6C0004ED0022C43D064B19FED317ADFED317A28
:10E6D00030EE070A30EE670A03E09DED017A37EE6F
:10E6E000270A02B010BD022C10D09FED2B0A032C7C
:10E6F00018BFB0EE670A02B010BD9FED280ADFED2B
:10E70000287A0028B8BFB0EE670AEAE79FED210A31
:10E71000E7E702B0BDE8104001F0CCBC9FED1F0A56
:10E72000CDE7B1F1FF4F04F1FF3420D0022C26D801
:10E730001C4B03EB840494ED000AD2E79DED017AB3
:10E7400087EE870A01F090FD01F0B4FCB7E79FED7A
:10E75000107ADFED107A30EE070A37EEC00AC0E714
:10E7600010EE103A03F1004300EE103AB9E7022C24
:10E7700008D80D4B03EB840494ED000AB1E79FED3C
:10E78000030AAEE79FED090AABE700BF00000000F7
:10E790002EBDBB33DB0F4940DB0F49C0DB0FC93F48
:10E7A000DB0FC9BF9C20020890200208DB0F493F05
:10E7B00070B510EE103A894A23F00044944286B0B6
:10E7C000054670DD864A944210EE106A22DC002B6A
:10E7D000DFED847A844A24F00F04B0EE407A40F3EF
:10E7E000E480944270EE677A09BFDFED806A9FEDA6
:10E7F000807A9FED807A77EEE67A012077EEC76A1D
:10E8000077EEE67AC5ED006A77EEC77AC5ED017A54
:10E8100006B070BD784A944254DDB4F1FF4F49DA36
:10E82000E215863AA4EBC25307EE903ABDEEE77AC2
:10E83000DFED726AB8EEC77A77EEC77A8DED037AAC
:10E8400067EEA67ABDEEE77AB8EEC77A77EEC77ABA
:10E850008DED047A67EEA67AF5EE407AF1EE10FAC5
:10E86000CDED057A40F09080B5EE407AF1EE10FAE9
:10E8700014BF02230123624901910221009103A8E0
:10E88000294600F075FF002EC2DA95ED007AD5ED2D
:10E89000017AB1EE477AF1EE677A85ED007AC5ED3F
:10E8A000017A4042B4E7002285ED000A4260002070
:10E8B00006B070BD70EE407A0020C5ED017AC5ED5E
:10E8C000007AA5E701F0D0FC9FED4E7A9FED456AF6
:10E8D000F6EE007AE0EE077A9FED457AFDEEE77AF4
:10E8E00017EE900AF8EEE76A1F28A6EEC60A66EE53
:10E8F000877AB1EE666A1EDC434A411E24F0FF03AC
:10E9000052F82120934216D030EE677A85ED007AD6
:10E9100030EE470A002E30EE670A85ED010ABFF699
:10E9200077AFB1EE477AB1EE400A85ED007A85ED1A
:10E93000010A40426CE730EE677AE21517EE103AB2
:10E94000C3F3C753C3EBD454082CDFDDDFED277AC4
:10E950009FED287AF0EE405AE6EE275A30EE650A2F
:10E96000A6EE270AF0EE407AD6EE877A35EEE77A01
:10E9700017EE103AC3F3C753D21A192A06DCB0EEC9
:10E98000650A85ED007AC3E7032374E79FED1F7ADC
:10E990009FED1F5AB0EE650AA6EE070A75EEC07A23
:10E9A000E6EE077AD6EE857AAEE7944270EE277AE5
:10E9B00009BFDFED0E6A9FED0E7A9FED0E7A77EEBE
:10E9C000A67A4FF0FF3077EE876A77EEE67AC5EDEC
:10E9D000006A77EE877AC5ED017A19E7D80F493FCB
:10E9E000E3CB1640800FC93FD00FC93F00443537F5
:10E9F0004344353708A3852E800F494300008043E8
:10EA00002821020884F9223FA820020800A3852EAD
:10EA100032318D24B1EEC00A704700BF0000000003
:10EA20002DE9F84F57EC106B27F00049B9F1795FE9
:10EA30002DED048B5BEC11AB71DA10EE100A394648
:10EA4000E2F73CFD002800F0F68032463B463046B7
:10EA50003946E1F731FE7CA3D3E9002304460D4695
:10EA6000E1F72AFE7AA3D3E90023E1F76FFC2246FF
:10EA70002B46E1F721FE78A3D3E90023E1F764FCFC
:10EA800022462B46E1F718FE75A3D3E90023E1F7F0
:10EA90005DFC22462B46E1F70FFE73A3D3E900236A
:10EAA000E1F752FC22462B46E1F706FE70A3D3E9BC
:10EAB0000023E1F74BFC22462B46E1F7FDFD41EC3C
:10EAC000180B714B002220462946E1F7F5FD53EC67
:10EAD000182B8046894620462946E1F7EDFD52462F
:10EAE0005B4604460D4630463946E1F7E5FD0246F1
:10EAF0000B4620462946E1F727FC02460B464046D6
:10EB00004946E1F721FC02460B4600205F49E1F748
:10EB10001BFCBDEC048B41EC100BBDE8F88F10EE34
:10EB2000102A10EE100A3B463946E1F7C5FD46A310
:10EB3000D3E9002304460D46E1F7BEFD44A3D3E923
:10EB40000023E1F703FC22462B46E1F7B5FD42A383
:10EB5000D3E90023E1F7F8FB22462B46E1F7ACFDB1
:10EB60003FA3D3E90023E1F7F1FB22462B46E1F76F
:10EB7000A3FD3DA3D3E90023E1F7E6FB22462B46A4
:10EB8000E1F79AFD3AA3D3E90023E1F7DFFB2B4637
:10EB90002246E1F791FD3E4B994541EC180B90DD83
:10EBA0003C4B99453CDC0022A9F500133749002075
:10EBB00090469946E1F7C8FB41EC190B324B002215
:10EBC00020462946E1F778FD42464B46E1F7BCFB7B
:10EBD00053EC182B8046894620462946E1F76CFD08
:10EBE00052465B4604460D4630463946E1F764FD21
:10EBF00002460B4620462946E1F7A6FB02460B4695
:10EC000040464946E1F7A0FB02460B4651EC190B82
:10EC1000E1F79AFBBDEC048B41EC100BBDE8F88FDB
:10EC20009FED157BDFF87090B0EE479AF0EE679A93
:10EC30004FF00008C2E7BDEC048B9FED110BBDE85F
:10EC4000F88F00BFAFF30080D43888BEE9FAA8BDC2
:10EC5000C4B1B4BD9EEE213EAD529C804F7E923E2B
:10EC60009015CB19A001FA3E7751C1166CC1563FE1
:10EC70004C5555555555A53F000000000000E73F95
:10EC8000000000000000F03F0000E03F0000F03F07
:10EC90003233D33F0000E93F0000D23F00000000C4
:10ECA0002DE9F04FADF5197D1C4608930B91BA4B39
:10ECB000A299049053F821100591631E12F1140FCC
:10ECC0000393C0F24B83B549D31E81FB0301DB17CD
:10ECD000C3EBA10307930133A3EB8303DB00D3183A
:10ECE0000693079A039BD41A059AD6181AD40136AC
:10ECF000A39F264420AD4FF000084FF0000908E024
:10ED000057F82400E1F76EFC0134B442E5E8020153
:10ED100008D0002CF4DA013440464946B442E5E814
:10ED20000201F6D1059B002BC0F2C683089BDDF8DB
:10ED30000C9020AA02EBC30ADA000292059A1A4448
:10ED40000192049A0DF5E07B02EBC308039B002BB4
:10ED5000C0F2A781049E57460024002577E90223CC
:10ED6000F6E80201E1F7A8FC02460B4620462946D8
:10ED7000E1F7ECFA464504460D46EFD1019B09F157
:10ED800001099945EBE802450AF1080ADED1049A27
:10ED9000029B1344059A01929B460BAB03EB820343
:10EDA0000A930CAB03EB8203083B0993019A98ABDF
:10EDB00003EBC203002A53E9284529DD0DF5E07A6B
:10EDC0000AEBC2080DF13009754B00222046294696
:10EDD000E1F772FCE2F772FBE1F704FC714B0022F1
:10EDE00006460F46E1F768FC02460B4620462946D8
:10EDF000E1F7AAFAE2F762FB78E9022349F8040B8B
:10EE000039463046E1F7A2FAD04504460D46DBD13B
:10EE1000DDF8189045EC104B484601F0B9F855EC78
:10EE2000104B00224FF07F5310EE100A2946E1F7F5
:10EE300043FC41EC100B01F027F85B4B51EC100B3D
:10EE40000022E1F739FC02460B4620462946E1F74D
:10EE50007BFA0D460446E2F731FB8046E1F7C2FB40
:10EE60000B46024629462046E1F76EFA4B46002B38
:10EE700006460F4640F39A80019A511E0CAAC9F12A
:10EE8000180352F8212042FA03F000FA03F3D31AD0
:10EE9000C9F117050CAA43FA05F5002D42F82130F7
:10EEA000804400F38D800022002330463946E2F78B
:10EEB000BDFA002800F05982019B059A03F1FF3A40
:10EEC000524510DC03F180430CAA013B0A9802EB87
:10EED0008303002253F80419834242EA0102F9D164
:10EEE000002A40F0E180059B0CAA013B52F8233038
:10EEF000002B40F0D180099A012352F80419013304
:10EF00000029FAD0019AD3180293531C9946019A0A
:10EF100008990A449046079A02EB030A0AF1804ACC
:10EF2000A39A0AF1FF3A02EB8A0A20AA02EBC80868
:10EF300070AA02EBC30301935AF8040FE1F752FBE6
:10EF40000B46039902460029C8E90023474608F109
:10EF500008081EDB049E0024002501E077E9022357
:10EF6000F6E80201E1F7A8FB02460B4620462946D7
:10EF7000E1F7ECF95E4504460D46EFD1019BE3E86D
:10EF800002450193029B09F101099945D4DD0193E2
:10EF90000CE700240025F1E780240208ABAAAA2A86
:10EFA0000000703E00007041000020406BD1019BCA
:10EFB0000CAA013B52F82350ED15002D7FF773AFDB
:10EFC000019B002B08F1010840F3CD810C9C002C23
:10EFD00051D1019B012B20D00CAB012253F8044FDF
:10EFE000002C4BD0531C0CA9C4F1807441F8224072
:10EFF0000199994210DD0CAA0CA852F8232000EBCD
:10F00000830300EB81006FF07F4100E01A688A1AE9
:10F0100043F8042B8342F9D10124069B002B0EDD1B
:10F02000012B00F06C81022B09D1019B5A1E0CAB05
:10F030000CA953F82230C3F3150341F82230022DF6
:10F040007FF431AF32463B46B7490020E1F77CF907
:10F0500006460F46002C3FF426AF06989FEDAE0BF8
:10F0600000F096FF3046394653EC102BE1F76CF96F
:10F0700006460F4617E701230022B4E70199013243
:10F080008A42ABD1C9E7A94B0022E2F7EDF900288B
:10F0900040F05281054606E7019B013399460293F1
:10F0A00035E70024002569E6069B0395A3F11802C5
:10F0B0000CABCDF81C8053F82A30069273B9019B33
:10F0C00003F18043023B0CA901EB830353F80419BD
:10F0D0000AF1FF3A183A0029F8D006929FED8E0BFC
:10F0E000069800F055FFBAF1000F55EC104BC0F236
:10F0F000D98170AB03EBCA0B0CAA0AF1010306938A
:10F1000002EB8306DFF828924FEACA0304930BF15F
:10F1100008074FF0000856F8040DE1F763FA22469D
:10F120002B46E1F7C9FA4B4667E902014246204601
:10F130002946E1F7C1FA0CAB9E4204460D46EAD1DE
:10F1400048ABCDE9013ADDF814A0BAF1000F4FF059
:10F1500000092CDB72A3D3E90023DFF8D8815F46D6
:10F1600000260024002503E0B14510DBF8E8022367
:10F17000F7E80201E1F7A0FA02460B4620462946CD
:10F18000E1F7E4F80136B24504460D46ECDA019B9E
:10F19000029A03EBC9034A45C3E90045ABF1080BEA
:10F1A00009F1010306D0BAF1000F9946D2DA002422
:10F1B0000025ECE7A29BDDF808A0022B1EDC002B4B
:10F1C00000F3098113D1049C019D08342C440020D4
:10F1D000002174E90223E1F7B9F8A542F9D1039BB4
:10F1E00013B101F1004319460B9BC3E90001079BD2
:10F1F00003F007000DF5197DBDE8F08FA29B032BEE
:10F20000F5D1BAF1000F00F06981019A049BD3187F
:10F21000D3E9004502EBCA0B7BE902672046294689
:10F2200032463B46E1F792F8A046A94604460D4611
:10F2300022462B4630463946E1F786F84B46424691
:10F24000E1F784F8019B5B45CBE90201CBE900457E
:10F25000E2D1BAF1010F40F34181019A049B0AF116
:10F26000005A0AF1FF3A13444FEACA01D3E90045B4
:10F2700001F1080A029192440DF5947B7AE9026744
:10F280002046294632463B46E1F760F8A046A946AB
:10F2900004460D4622462B4630463946E1F754F8DF
:10F2A00042464B46E1F752F8D345CAE90201CAE9A2
:10F2B0000045E3D1029C019B10341C4403F110056E
:10F2C0000020002174E90223E1F740F8A542F9D1BA
:10F2D000039B002B40F0BD800B9CC4E90401019806
:10F2E000D0E90023C4E90023D0E90223C4E90223C2
:10F2F000079B03F007000DF5197DBDE8F08F019B1A
:10F300005A1E0CAB0CA953F82230C3F3160341F874
:10F31000223094E6AFF30080000000000000F03FD0
:10F3200000000040FB21F93F0000F03F0000E03FFB
:10F330000000703E48240208019B002B08F10108E0
:10F34000C8BF02253FF742AE32463B466549002022
:10F35000E0F7FAFF022506460F46A4E500216FF00C
:10F3600017030791BBE4002457E647EC106B069E99
:10F3700003957042CDF81C8000F00AFE55EC104B4E
:10F38000594B10EE100A00222946E2F76DF80028CA
:10F3900055D0564B019F0022183620462946069626
:10F3A000E1F78AF9E2F78AF80646E1F71BF94E4BD6
:10F3B0000022E1F781F90B46024629462046E0F794
:10F3C000C3FFE2F77BF807F1010A0CAB43F8270013
:10F3D00043F82A6082E6019D069B002005EBC304EA
:10F3E000002174E90223E0F7B1FFA542F9D1039BA4
:10F3F000002B47D10B9BC3E900010B460199024644
:10F40000D1E90001E0F7A0FFBAF1000F0DDD4AAD30
:10F410000124F5E802230134E0F798FFA245F8DA69
:10F42000039B13B101F1004319460B9BC3E9020191
:10F43000079B03F007000DF5197DBDE8F08F20460E
:10F440002946E2F73BF8019B0CAA9A4642F82300B2
:10F4500044E6019E01F1004374680B993268F56837
:10F46000C1E9040304F10043C1E90023B26805F1D6
:10F470000043C1E90223079B03F007000DF5197D46
:10F48000BDE8F08F0B9A01F1004353600B460199E0
:10F4900010600246D1E90001E0F756FFBAF1000F13
:10F4A000B5DCBFE7A29B022B0ADC002B11DC7FF44A
:10F4B0009EAE0020002192E6089BDB00029366E4EA
:10F4C000A29B032B7FF493AE48AB00200021019355
:10F4D000FEE648AB00200021019388E700200021D0
:10F4E000F6E600BF0000F03F000070410000703EF3
:10F4F0002DE9F04F55EC104B85B025F00043B3F1EA
:10F50000795F8DED001B039007DA10EE100A294693
:10F51000E1F7D4FF002800F0898022462B462046E0
:10F520002946E1F7C9F806460F4632463B462046D3
:10F530002946E1F7C1F843A3D3E9002382468B466D
:10F5400030463946E1F7B8F840A3D3E90023E0F7A5
:10F55000FBFE32463B46E1F7AFF83EA3D3E900237A
:10F56000E0F7F4FE32463B46E1F7A6F83BA3D3E9C9
:10F570000023E0F7E9FE32463B46E1F79DF839A368
:10F58000D3E90023E0F7E2FE039B80468946ABB354
:10F59000DDE900012A4B0022E1F78EF842464B4696
:10F5A0008046894650465946E1F786F802460B46A2
:10F5B00040464946E0F7C8FE32463B46E1F77CF854
:10F5C000DDE90023E0F7C0FE1BA3D3E900230646D4
:10F5D0000F4650465946E1F76FF802460B46304653
:10F5E0003946E0F7B3FE02460B4620462946E0F7CF
:10F5F000ABFE41EC100B05B0BDE8F08F02460B46A8
:10F6000030463946E1F758F80BA3D3E90023E0F779
:10F610009BFE52465B46E1F74FF822462B46E0F749
:10F6200095FE41EC100B05B0BDE8F08F45EC104B9A
:10F6300005B0BDE8F08F00BF495555555555C53F3C
:10F640000000E03F7CD5CF5A3AD9E53DEB9C2B8AB0
:10F65000E6E55A3E7DFEB157E31DC73ED561C119AF
:10F66000A0012A3FA6F810111111813F10EE103AA7
:10F6700023F00043B3F1485F2CDAFDEEC07A17EEB9
:10F68000903A002B60D020EE007ADFED317A9FEDCA
:10F69000315ADFED315A9FED316ADFED316AA7EE65
:10F6A000275ADFED307AE7EE055AA7EE256AE7EE36
:10F6B000067AE7EE276A67EE266A60EEC00AF6EE83
:10F6C000007AE7EE260AB7EE000AD7EE270A30EEF8
:10F6D000600A704720EE007ADFED1D7A9FED1D5A1B
:10F6E000DFED1D5A9FED1D6ADFED1D6A1E4AA7EE74
:10F6F000275A9342DFED1B7AE5EE075AA5EE876A9B
:10F70000E6EE077AE7EE876A66EE876AD5DD174A86
:10F71000934214DC03F17F4307EE903AB7EE006AA0
:10F7200036EE676A60EEC00AF6EE005AD7EE257A2A
:10F73000E7EE260A77EEE00A36EE600A7047B6EE8C
:10F74000076AF5EE027AEDE7B7EE000A704700BFF0
:10F750004ED747ADF6740F317CF293B4010DD0371C
:10F76000ABAA2A3D610BB6BA9999993E0000483F71
:10F770002DE9F04F2DED048BDBB01C460393069171
:10F78000A24B6899089253F82150111D824604F14A
:10F79000FF38C0F2A382D31E48BF131DDB100293B3
:10F7A0000133DB000793DDE907239B1A0593029BD6
:10F7B00015EB0801A3EB080316D401319FED947AF1
:10F7C000699819441EAA002BA4BF50F8234007EEE5
:10F7D000904A03F10103ACBFF8EEE77AF0EE477A06
:10F7E0008B42E2EC017AEED1002DC0F2E782039B5E
:10F7F0001EAA02EB830446AE4FEA830C4046EF1884
:10F800000AEB8301B8F1000FDFED817A09DB2246B4
:10F810005346F3EC016A32ED017A8B42E6EE877AC9
:10F82000F7D10130B842E6EC017A04F10404E9D1E1
:10F8300009AB0AAF03EB850907EB8503083B9FED96
:10F84000769ADFED748A059804930AEB0C0446AEB1
:10F8500000955AAB03EB8503002D13ED140A4FEA14
:10F86000850B16DD06EB85033A4660EE097AB0EEAD
:10F87000407AFDEEE77A73ED016AF8EEE77AB3427B
:10F88000A7EEE87A37EEA60ABDEEC77AA2EC017AB7
:10F89000EBD1019000F03CFDB0EE408AB4EE000ADE
:10F8A00028EE000A00F0E8FCF2EE007AA0EE678A8B
:10F8B00001980028FDEEC89AF8EEE97A38EE678ADA
:10F8C00079DD05F1FF3EC0F1080357F82E1041FA2B
:10F8D00003FC0CFA03F3CB1AC0F1070219EE901ADD
:10F8E00043FA02F26144002A47F82E3009EE901ADA
:10F8F00069DCB5EE408AF1EE10FA40F0C080009B62
:10F9000005F1FF3B5B4510DC05F18043013B07EB54
:10F9100083030021944653F804294B4541EA020130
:10F92000F9D16246002940F0F280009B013B57F874
:10F930002330002B40F0E780049B4FF0010C53F87C
:10F9400004290CF1010C002AF9D06B1CAC449E4632
:10F95000039A5119029A02EB030B0BF1804B699A3F
:10F960000BF1FF3B06EB83051EAB02EB8B0B03EBAE
:10F970008101DBED017A9FED267AF8EEE77AB8F1A6
:10F98000000F0BF1040BC1ED007A0A4601F10401EE
:10F9900009DB534601E072ED017AF3EC016AA34200
:10F9A000A6EEA77AF7D10EF1010EE645A5EC017A95
:10F9B000DFDD65464DE740F09C806B1E57F8232045
:10F9C000D211002A95DD19EE903A002D03F10103C2
:10F9D00009EE903A40F39881396800297FD1012DD2
:10F9E00026D03B464FF0010C53F8041F00297AD073
:10F9F0000CF10103C1F580719D4247F82C1016DD12
:10FA000057F82310BB4407EB83030AE0BC24020829
:10FA100000000000000080430000803B0000C93F60
:10FA20001968C1F1FF0143F8041B5B45F8D10121BE
:10FA300000280CDD012800F04881022807D105F1DB
:10FA4000FF3C57F82C3003F03F0347F82C30022AD4
:10FA50007FF44FAFB7EE000A30EE488A00293FF43A
:10FA600048AF0992019000F053FC38EE408A099AA1
:10FA70000198B5EE408AF1EE10FA3FF440AF0292E1
:10FA8000DDE90732B0EE480A981A0195009D00F0B2
:10FA90003FFC1FED207AB4EEC70AF1EE10FADDE963
:10FAA0000132C0F259815FED247A059960EE277A20
:10FAB0000831FDEEE77A0591F8EEE77A03F1010BE4
:10FAC000A7EEC70AFDEEE77ABDEEC00A10EE101AE7
:10FAD00047F8231017EE903A47F82B302EE0012319
:10FAE0004FF0000C86E70CF1010CAC457FF47CAFC5
:10FAF0009EE7F6EE007AB4EEE78AF1EE10FA80F2B5
:10FB0000F2800022F5E66B1C9E469C4620E7059994
:10FB1000A1F1080057F82B1005902B46009D69B9FC
:10FB200003F18043023B07EB8303014653F80409CA
:10FB30000BF1FF3B08390028F8D005910598009299
:10FB4000B7EE000A00F0E4FBBBF1000F009AC0F230
:10FB500028814FEA8B0E46AB03EB0E060EF1040C28
:10FB60001FED537A07EB0C03311D73ED017AF8EEAC
:10FB7000E77ABB4267EE807A20EE070A61ED017AF0
:10FB8000F3D1002D1FED5B6A4FF0000420DB93489A
:10FB9000DFED937AB0EE467A3146002303E09C42D3
:10FBA00008DBB0EC017AF1EC016A01339D42E6EE2C
:10FBB000877AF4DA5AAB03EB8403A34543ED287A42
:10FBC000A6F1040604F1010305D0002D1C46DEDA7F
:10FBD000DFED837AEEE7689902291CDC002900F347
:10FBE00095800FD132ABDFED7E7A9C443CED017AFB
:10FBF000634577EE877AF9D10AB1F1EE677A069B11
:10FC0000C3ED007A19EE903A03F007005BB0BDEC4B
:10FC1000048BBDE8F08F689B032BF3D1BBF1000F81
:10FC200000F0D4800EF5B4736B4432A913ED287A3A
:10FC300001EB8B0373ED017AF0EE476A37EE277A1A
:10FC4000994277EEC77A83ED007A77EEA67AC3ED14
:10FC5000017AEFD1BBF1010F40F3B8800BF1804B7B
:10FC60000EF5B4730BF1FF3B0DEB030E4FEA8B0B5C
:10FC70000BF104031EED287A0B4433A873ED017ACF
:10FC8000F0EE476A37EE277A984277EEC77A83ED2F
:10FC9000007A77EEA67AC3ED017AEFD10BF1080B6B
:10FCA000DFED4F7A01EB0B03083133ED017A994216
:10FCB00077EE877AF9D1002A56D10699329A339B8A
:10FCC0000A604B60C1ED027A9CE705F1FF3C57F8F2
:10FCD0002C3003F07F0347F82C30B8E60823079355
:10FCE000002302935FE519EE903A002D03F1010322
:10FCF00009EE903AC8BF02223FF76EAEF7EE007AE7
:10FD000037EEC88A0222F4E5002191E632A9DFED40
:10FD1000347A01EB830333ED017A994277EE877AE7
:10FD2000F9D19DED327A8ABB069BBBF1000FC3ED82
:10FD3000007A77EE677A0BDD33A90123B1EC017A03
:10FD400001339B4577EE877AF8DA0AB1F1EE677AEC
:10FD5000069BC3ED017A55E7BDEEC00A9B4610EE47
:10FD6000101A47F82310E9E6DDED326A9DED337A8B
:10FD7000069BF1EE666AB1EE477AF1EE677AC3ED63
:10FD8000006A83ED017AC3ED027A3BE7069BF1EE50
:10FD9000676ABBF1000F77EE677AC3ED006ACBDCD0
:10FDA000D4E7689B022B0DDC002B14DC7FF42AAF18
:10FDB000DFED0B7A002A3FF422AF1EE7039B4FEAE8
:10FDC000830C35E5689B032B7FF41CAFDFED047AD1
:10FDD000002AC9D171E7DFED027AA2E79424020874
:10FDE0000000000010EE103A23F00043B3F1485F2A
:10FDF00004DAFDEEC07A17EE903A5BB360EE007A5B
:10FE00009FED157ADFED155A9FED156ADFED156A46
:10FE1000E7EE875A9FED147AA5EEA76A20EE275ADF
:10FE2000E6EE276AA6EEA77A30B9DFED106AE7EEB4
:10FE3000876AA6EE850A704727EE457AF6EE006AD5
:10FE4000A0EEA67ADFED0A6AD7EE270AE5EE260ACB
:10FE500030EE600A704700BFD3C92E2F342FD7B2BF
:10FE60001BEF3836010D50B98988083CABAA2ABE71
:10FE7000ABAA2A3E51EC100B10EE102A21F00043E1
:10FE800043EC102B704700BF51EC100BF8B5C1F3D9
:10FE90000A53A3F2FF35132D10EE106A0C4630DC26
:10FEA000002D1EDB384F2F4101EA070303432DD0FD
:10FEB00033A3D3E90023E0F749FA00220023E1F756
:10FEC000DDFA48B1002C04DA4FF4801343FA05F54B
:10FED0002C4424EA070400262346324643EC102B28
:10FEE000F8BD27A3D3E90023E0F730FA002200236E
:10FEF000E1F7C4FA0028EFD0002C29DB00263446B5
:10FF0000EAE7332D05DDB5F5806F19D041EC100B14
:10FF1000F8BDA3F213434FF0FF37DF400742F5D09F
:10FF200017A3D3E90023E0F711FA00220023E1F739
:10FF3000A5FA0028D0D0002C13DB26EA0706CBE771
:10FF400010EE102A0B46E0F701FA41EC100BF8BD59
:10FF500024F000430D4A1E43002E18BF144600260D
:10FF6000BAE7142D08D00123C5F1340503FA05F5CD
:10FF7000AE1928BFE418E0E70134DEE7AFF30080F4
:10FF80009C7500883CE4377EFFFF0F000000F0BF47
:10FF900038B553EC102BC3F30A5104469C4689BB79
:10FFA00010EE101A23F0004C5CEA010129D019462A
:10FFB00000223D4B3D4D10EE100AE0F77DFBAC42B8
:10FFC00002460B4616DB8C46C1F30A5136392144F2
:10FFD00040F2FE70814221DC002947DC11F1350F2F
:10FFE00034DA4CF250318C4218DC002B26A1D1E9D6
:10FFF000000144DB24A3D3E90023E0F75DFB41ECDF
:020000040802F0
:10000000100B38BD40F2FF708142E0D110EE100AB3
:100010001946E0F79BF941EC100B38BD002B1CA1F1
:10002000D1E9000107DB1AA3D3E90023E0F744FB81
:1000300041EC100B38BD18A1D1E9000114A3D3E99C
:100040000023E0F739FB41EC100BF3E72CF0FF4CF9
:100050002CF4E00C36314CEA0153104619460022CC
:10006000134BE0F729FB41EC100B38BD2CF0FF4C93
:100070002CF4E00C4CEA015343EC102B38BD08A1E2
:10008000D1E90001B6E700BF59F3F8C21F6EA50120
:100090009C7500883CE4377E9C7500883CE437FE04
:1000A00059F3F8C21F6EA58100005043B03CFFFF1A
:1000B0000000903C38B510EE105A25F00044B4F121
:1000C000A14FF0EE407A0BDBB4F1FF4F5BDCDFEDCC
:1000D000537A9FED530A002DC8BFB0EE670A38BDB2
:1000E000504B9C425EDCB4F1445F4FDB4FF0FF337A
:1000F00067EEA76ADFED4C4ADFED4C5A9FED4C5A94
:100100009FED4C4A26EEA67AB0EE666AE7EE245AD8
:100110005A1CDFED494ADFED496AA5EE875AE7EE42
:10012000246ADFED475ADFED474AE6EE875AA5EE2F
:10013000074A9FED455ADFED456AA5EE875AE4EE82
:10014000074ADFED435AE4EE876AE5EE075A66EEAA
:10015000866A25EE877A3AD03E4A02EB830276EE33
:10016000876A92ED000A3C4A96EEA70A02EB8303E7
:10017000002D93ED007A70EE677A37EE670AAEDAFB
:10018000B1EE400A38BD30EE000A38BD9FED337A3B
:1001900030EE077AF7EE006AB4EEE67AF1EE10FA86
:1001A000A4DD38BD00F060F82D4B9C4216DCA3F5B1
:1001B000D0039C4227DCF0EE007ABFEE007AA0EE7E
:1001C000277A002330EE270AC7EE007A90E776EE12
:1001D000876AE6EEE77AB0EE670A38BD214B9C42AB
:1001E0000BDCF7EE087AB7EE007AA0EE277A02234E
:1001F00030EE670AC0EE077A7AE7BFEE007AC7EE04
:10020000007A032374E7F7EE007A30EE677A30EE77
:10021000270A0123C7EE007A6AE700BFDB0FC93F58
:10022000DB0FC9BFFFFFDF3ED769853C59DA4B3D85
:10023000356B883D6E2EBA3D21A215BD6BF16EBDAA
:1002400095879DBD2549123E388EE3BDABAAAA3ED7
:10025000CDCC4CBED8240208C8240208CAF2497189
:10026000FFFF973FFFFF1B4010EE103A23F00043C3
:1002700000EE103A704700BF10EE102AC2F3C753C9
:100280007F3B162B22F0004128DC002B18DB1A499B
:1002900019410A4221D0DFED197A70EE277AF5EE86
:1002A000C07AF1EE10FA18DD002A04DA4FF40000EB
:1002B00040FA03F31A4422EA010300EE103A7047B1
:1002C000DFED0E7A70EE277AF5EEC07AF1EE10FAD5
:1002D00003DD002A08DB9FED0A0A7047B1F1FF4FEA
:1002E000FBD330EE000A7047FFEE007A002918BFFA
:1002F000B0EE670A704700BFFFFF7F00CAF2497186
:10030000000000009FED010A704700BF0000C07FA1
:1003100082B08DED010A019B33F000422AD0B2F188
:10032000FF4F23D213F0FF4F28D19DED017ADFED6F
:100330002A7A2A4B67EE277A9842CDED017A37DB8D
:10034000019BC3F3C752193A0244FE2A1ADD9FEDFE
:10035000240A9FED247A019B002BF0EE407AB8BF6F
:10036000B0EE470A20EE270A02B0704730EE000ACE
:1003700002B070479DED010A02B07047D20D0244F1
:10038000FE2AE4DC002A0BDC12F1160F17DA4CF21D
:1003900050339842DBDC9FED140A9FED147ADAE7C4
:1003A00023F0FF4343EAC25300EE103A02B0704715
:1003B0009FED0D0ADDED017A27EE800AD8E71932AC
:1003C00023F0FF4343EAC253DFED097A07EE103A08
:1003D00027EE270ACCE700BF0000004CB03CFFFF2F
:1003E000CAF24971CAF249F16042A20D6042A28D7F
:1003F00000000033F8B500BFF8BC08BC9E4670474B
:0C040000F8B500BFF8BC08BC9E46704771
:1004100070050208F118000802000000000000004A
:10042000800000000000000000000000000000004C
:1004300000000000000000000000000000000000BC
:1004400001000000020000000300000004000000A2
:100450000000000005000000000000000000000097
:100460000000000006000000000000000000000086
:100470000000000007000000000000000000000075
:10048000F00B0208AD62010800000000000000004F
:10049000000400000000000000000000F80B02084B
:1004A000BD5E01080100000000000000000800001F
:1004B0000000000000000000040C0208655F010855
:1004C0000000000000000000000800000000000024
:1004D00000000000100C02080D6001080000000080
:1004E0000000000000040000000000000000000008
:1004F000180C02085D610108000000000000000007
:10050000000400000000000000000000240C0208AD
:10051000B5600108000000000000000000100000AD
:100520000000000000000000300C02080562010815
:1005300000000000000000000004000000000000B7
:10054000000000003C0C020875700108010000006A
:100550000000000000040000000000000000000097
:100560000800000002010000000000000000000080
:1005700064656661756C745461736B000000000003
:10058000010203040102030406070809000610160D
:10059000000610160001020304050607080C1014DB
:1005A00018203040010002000400060008000A0084
:1005B0000C0010002000400080000001080402042C
:1005C00008010101010101030701000049444C45F4
:1005D00000000000546D725100000000546D722044
:1005E000537663005465726D696E616C00000000A3
:1005F0000000000000005454522052454747455324
:10060000000000003031323334353637383941425A
:100610004344454653544D333220566972747561D4
:100620006C20436F6D506F727400000053544D691D
:1006300063726F656C656374726F6E6963730000DB
:1006400043444320436F6E66696700004344432080
:10065000496E746572666163650000000000803F4A
:10066000000000000000000000000000000000008A
:1006700000000000000000000000803F00000000BB
:10068000000000000000000000000000000000006A
:10069000000000000000803F00000000000000009B
:1006A000000000000000000000000000000000004A
:1006B0000000803F0000000000000000000000007B
:1006C0000000000000000000000000000000803F6B
:1006D000000000000000000000000000000000001A
:1006E00000000000000000000000803F005EBCE24F
:1006F000613FDD83C29C7E20A3FD1F419DC3217FFE
:10070000FCA2401E5F01E3BD3E6082DC237D9FC1F1
:10071000421CFEA0E1BF5D0380DE3C62BEE0025CE5
:10072000DF81633D7C22C09E1D43A1FF4618FAA4D1
:1007300027799BC584DA3866E5BB5907DB856739BD
:10074000BAE406581947A5FB7826C49A653BD987B1
:10075000045AB8E6A7F91B45C6987A24F8A6441AA5
:1007600099C7257B3A6486D85B05E7B98CD2306E91
:10077000EDB3510F4E10F2AC2F7193CD114FADF37D
:10078000702ECC92D38D6F31B2EC0E50AFF1134D71
:10079000CE90722C6D33D18F0C52B0EE326C8ED065
:1007A000530DEFB1F0AE4C1291CF2D73CA94762851
:1007B000ABF517490856B4EA6937D58B5709EBB53D
:1007C00036688AD495CB2977F4AA4816E9B7550B31
:1007D00088D6346A2B7597C94A14F6A8742AC89625
:1007E000154BA9F7B6E80A54D7896B350000891173
:1007F00012239B322446AD573665BF74488CC19D89
:100800005AAF53BE6CCAE5DB7EE9F7F881100801E8
:1008100093331A22A5562C47B7753E64C99C408D68
:10082000DBBF52AEEDDA64CBFFF976E802218B3004
:10083000100299132667AF763444BD554AADC3BC48
:10084000588ED19F6EEBE7FA7CC8F5D983310A2028
:1008500091121803A7772E66B5543C45CBBD42AC28
:10086000D99E508FEFFB66EAFDD874C904428D53C0
:1008700016619F702004A9153227BB364CCEC5DF08
:100880005EEDD7FC6888E1997AABF3BA85520C43E8
:1008900097711E60A1142805B3373A26CDDE44CFE8
:1008A000DFFD56ECE9986089FBBB72AA06638F7284
:1008B00014409D512225AB343006B9174EEFC7FEC8
:1008C0005CCCD5DD6AA9E3B8788AF19B87730E62A8
:1008D00095501C41A3352A24B1163807CFFF46EEA8
:1008E000DDDC54CDEBB962A8F99A708B0884819550
:1008F0001AA793B62CC2A5D33EE1B7F04008C91998
:10090000522BDB3A644EED5F766DFF7C8994008557
:100910009BB712A6ADD224C3BFF136E0C118480977
:10092000D33B5A2AE55E6C4FF77D7E6C0AA583B4F3
:10093000188691972EE3A7F23CC0B5D14229CB3857
:10094000500AD91B666FEF7E744CFD5D8BB502A417
:1009500099961087AFF326E2BDD034C1C3394A2837
:10096000D11A580BE77F6E6EF55C7C4D0CC685D7AF
:100970001EE597F42880A1913AA3B3B2444ACD5B17
:100980005669DF78600CE91D722FFB3E8DD604C7D7
:100990009FF516E4A9902081BBB332A2C55A4C4BF7
:1009A000D7795E68E11C680DF33F7A2E0EE787F673
:1009B0001CC495D52AA1A3B03882B193466BCF7AD7
:1009C0005448DD59622DEB3C700EF91F8FF706E697
:1009D0009DD414C5ABB122A0B9923083C77B4E6AB7
:1009E000D5585C49E33D6A2CF11E780F7D04017CEB
:1009F000000240AB034101055308065804070000FC
:100A00000F000810810911000A15800B16000C1840
:100A1000010D00002D25642E2564000025642E257F
:100A200064000000636861737369735F6D6F746F56
:100A3000725F7472616E735F746F7069630000003F
:100A40006C69667465725F6664625F746F70696317
:100A5000000000006C69667465725F636D645F74AA
:100A60006F706963000000007472616E736D69736A
:100A700073696F6E5F6664625F746F7069630000B4
:100A800073686F6F745F66646200000067696D620F
:100A9000616C5F6664625F746F7069630000000080
:100AA00073686F6F745F6664625F746F7069630010
:100AB00073686F6F745F636D6400000067696D62D7
:100AC000616C5F636D6400007472616E735F666475
:100AD0006200000067696D62616C5F696E735F74CC
:100AE0006F70696300000000696E735F746F7069F6
:100AF00063000000636861737369735F666462001A
:100B0000636861737369735F636D64005D390108C5
:100B10000D390108BD3801086D3801082D4F010855
:100B20004D4A010859480108493A00001B5B313B16
:100B300033326D002020257325735B667265655224
:100B4000544F535D20496E73205461736B2053746E
:100B50006172740D0A0D0A25730000001B5B306D75
:100B6000000000000000000000000000C3F51C4170
:100B70000000803F000000000000000000000000B6
:100B80000000803F000000000000000000000000A6
:100B90000000803F2020257325734D6F746F7220F5
:100BA0005461736B2053746172740D0A0D0A2573BE
:100BB00000000000453A00001B5B313B33316D0003
:100BC0002020257325734D6F746F72205461736BF1
:100BD000206973206265696E672044454C41592144
:100BE000206474203D205B25665D0A0D0A25730094
:100BF000696E737461736B006D6F746F727461737F
:100C00006B000000636861737369737461736B00D8
:100C1000636D647461736B0067696D62616C7461AC
:100C2000736B00007472616E737461736B0000000B
:100C300073686F6F747461736B0000007561727418
:100C40005F7461736B0000002020257325735B6661
:100C500072656552544F535D204D6F746F7220540E
:100C600061736B2053746172740D0A0D0A25730051
:100C70002020257325735B6672656552544F535D62
:100C8000204D6F746F72205461736B206973206202
:100C900065696E672044454C415921206474203DAC
:100CA0002025730D0A0D0A257300000020202573EE
:100CB00025735B6672656552544F535D20436861CE
:100CC00073736973205461736B2053746172740D74
:100CD0000A0D0A25730000002020257325735B662A
:100CE00072656552544F535D204368617373697335
:100CF000205461736B206973206265696E672044BC
:100D0000454C415921206474203D2025730D0A0D66
:100D10000A2573002020257325735B667265655272
:100D2000544F535D20436D64205461736B205374A2
:100D30006172740D0A0D0A257300000020202573CE
:100D400025735B6672656552544F535D20436D6435
:100D5000205461736B206973206265696E6720445B
:100D6000454C415921206474203D2025730D0A0D06
:100D70000A2573002020257325735B667265655212
:100D8000544F535D205472616E73205461736B2015
:100D900053746172740D0A0D0A25730020202573A7
:100DA00025735B6672656552544F535D20547261C2
:100DB0006E73205461736B206973206265696E677E
:100DC0002044454C415921206474203D2025730D59
:100DD0000A0D0A25730000002020257325735B6629
:100DE00072656552544F535D2067696D62616C2076
:100DF0005461736B2053746172740D0A0D0A25736C
:100E0000000000002020257325735B667265655223
:100E1000544F535D2047696D62616C205461736B60
:100E2000206973206265696E672044454C415921F1
:100E3000206474203D2025730D0A0D0A25730000DF
:100E40002020257325735B6672656552544F535D90
:100E50002073686F6F74205461736B2053746172D8
:100E6000740D0A0D0A2573002020257325735B6617
:100E700072656552544F535D2073686F6F742054D0
:100E800061736B206973206265696E672044454C0D
:100E9000415921206474203D2025730D0A0D0A2537
:100EA000730000002020257325735B667265655210
:100EB000544F535D20696E73205461736B205374DB
:100EC0006172740D0A0D0A2573000000202025733D
:100ED00025735B6672656552544F535D20696E736E
:100EE000205461736B206973206265696E672044CA
:100EF000454C415921206474203D2025730D0A0D75
:100F00000A25730000000000963007772C610EEE72
:100F1000BA51099919C46D078FF46A7035A563E950
:100F2000A395649E3288DB0EA4B8DC791EE9D5E077
:100F300088D9D2972B4CB609BD7CB17E072DB8E776
:100F4000911DBF906410B71DF220B06A4871B9F3CB
:100F5000DE41BE847DD4DA1AEBE4DD6D51B5D4F404
:100F6000C785D38356986C13C0A86B647AF962FD69
:100F7000ECC9658A4F5C0114D96C0663633D0FFAB6
:100F8000F50D088DC8206E3B5E10694CE44160D5BC
:100F9000727167A2D1E4033C47D4044BFD850DD2A6
:100FA0006BB50AA5FAA8B5356C98B242D6C9BBDBB9
:100FB00040F9BCACE36CD832755CDF45CF0DD6DCB4
:100FC000593DD1ABAC30D9263A00DE518051D7C85B
:100FD0001661D0BFB5F4B42123C4B3569995BACFE6
:100FE0000FA5BDB89EB802280888055FB2D90CC607
:100FF00024E90BB1877C6F2F114C6858AB1D61C180
:101000003D2D66B69041DC760671DB01BC20D2989E
:101010002A10D5EF8985B1711FB5B606A5E4BF9F2B
:1010200033D4B8E8A2C9077834F9000F8EA809961E
:1010300018980EE1BB0D6A7F2D3D6D08976C649189
:10104000015C63E6F4516B6B62616C1CD8306585A2
:101050004E0062F2ED95066C7BA5011BC1F408827F
:1010600057C40FF5C6D9B06550E9B712EAB8BE8BC0
:101070007C88B9FCDF1DDD62492DDA15F37CD38C49
:10108000654CD4FB5861B24DCE51B53A7400BCA347
:10109000E230BBD441A5DF4AD795D83D6DC4D1A479
:1010A000FBF4D6D36AE96943FCD96E34468867AD50
:1010B000D0B860DA732D0444E51D03335F4C0AAAEF
:1010C000C97C0DDD3C710550AA41022710100BBEF2
:1010D00086200CC925B56857B3856F2009D466B939
:1010E0009FE461CE0EF9DE5E98C9D9292298D0B06E
:1010F000B4A8D7C7173DB359810DB42E3B5CBDB71B
:10110000AD6CBAC02083B8EDB6B3BF9A0CE2B6039B
:101110009AD2B1743947D5EAAF77D29D1526DB0450
:101120008316DC73120B63E3843B64943E6A6D0D9B
:10113000A85A6A7A0BCF0EE49DFF099327AE000AE6
:10114000B19E077D44930FF0D2A3088768F2011E79
:10115000FEC206695D5762F7CB67658071366C1910
:10116000E7066B6E761BD4FEE02BD3895A7ADA1031
:10117000CC4ADD676FDFB9F9F9EFBE8E43BEB71712
:10118000D58EB060E8A3D6D67E93D1A1C4C2D8389C
:1011900052F2DF4FF167BBD16757BCA6DD06B53F02
:1011A0004B36B248DA2B0DD84C1B0AAFF64A033641
:1011B000607A0441C3EF60DF55DF67A8EF8E6E31C0
:1011C00079BE69468CB361CB1A8366BCA0D26F2509
:1011D00036E2685295770CCC03470BBBB916022256
:1011E0002F260555BE3BBAC5280BBDB2925AB42B6B
:1011F000046AB35CA7FFD7C231CFD0B58B9ED92C80
:101200001DAEDE5BB0C2649B26F263EC9CA36A75E4
:101210000A936D02A906099C3F360EEB856707729B
:1012200013570005824ABF95147AB8E2AE2BB17B02
:10123000381BB60C9B8ED2920DBED5E5B7EFDC7C89
:1012400021DFDB0BD4D2D38642E2D4F1F8B3DD68E0
:101250006E83DA1FCD16BE815B26B9F6E177B06FDB
:101260007747B718E65A0888706A0FFFCA3B0666C8
:101270005C0B0111FF9E658F69AE62F8D3FF6B6155
:1012800045CF6C1678E20AA0EED20DD75483044EF7
:10129000C2B30339612667A7F71660D04D47694985
:1012A000DB776E3E4A6AD1AEDC5AD6D9660BDF4098
:1012B000F03BD83753AEBCA9C59EBBDE7FCFB2474B
:1012C000E9FFB5301CF2BDBD8AC2BACA3093B35330
:1012D000A6A3B4240536D0BA9306D7CD2957DE5439
:1012E000BF67D9232E7A66B3B84A61C4021B685D12
:1012F000942B6F2A37BE0BB4A18E0CC31BDF055A8B
:101300008DEF022D00000000920E493CB10AC93C4D
:101310002BC3163D2EFB483D752B7B3D04A9963D06
:1013200080B6AF3D36BDC83D2FBCE13D73B2FA3D3E
:1013300087CF093E8340163EB5AB223EA2102F3E1A
:10134000CF6E3B3EC2C5473E0115543E135C603E26
:101350007F9A6C3ECCCF783EC07D823E938E883E95
:10136000229A8E3E32A0943E86A09A3EE59AA03EF6
:10137000128FA63ED47CAC3EEF63B23E2A44B83E08
:10138000491DBE3E15EFC33E53B9C93ECA7BCF3E91
:101390004136D53E80E8DA3E4F92E03E7533E63E78
:1013A000BBCBEB3EEA5AF13ECBE0F63E275DFC3E7E
:1013B000E4E7003F3D9C033F824B063F9BF5083F1F
:1013C0006B9A0B3FDA390E3FCDD3103F2A68133F9B
:1013D000D9F6153FC07F183FC6021B3FD17F1D3F86
:1013E000CBF61F3F9967223F25D2243F5636273F31
:1013F0001594293F4AEB2B3FDE3B2E3FBB85303F08
:10140000C9C8323FF304353F233A373F4268393F7A
:101410003B8F3B3FF9AE3D3F67C73F3F70D8413FF1
:1014200001E2433F03E4453F65DE473F12D1493FB8
:10143000F8BB4B3F029F4D3F207A4F3F3D4D513F00
:101440004918533F31DB543FE595563F5348583FC9
:101450006AF2593F1A945B3F532D5D3F05BE5E3FD4
:101460002146603F97C5613F5A3C633F59AA643F9C
:10147000880F663FD86B673F3CBF683FA7096A3F4C
:101480000C4B6B3F5E836C3F93B26D3F9ED86E3FBB
:1014900073F56F3F0809713F5213723F4714733F52
:1014A000DD0B743F0BFA743FC6DE753F07BA763F1B
:1014B000C58B773FF853783F9812793F9DC7793FA6
:1014C00002737A3FBE147B3FCDAC7B3F283B7C3F11
:1014D000C9BF7C3FAC3A7D3FCCAB7D3F23137E3F01
:1014E000B0707E3F6DC47E3F580E7F3F6D4E7F3F94
:1014F000AB847F3F0FB17F3F97D37F3F43EC7F3F6C
:1015000011FB7F3F0000803F11FB7F3F43EC7F3F9B
:1015100097D37F3F0FB17F3FAB847F3F6D4E7F3FBF
:10152000580E7F3F6DC47E3FB0707E3F23137E3FD9
:10153000CCAB7D3FAC3A7D3FC9BF7C3F283B7C3F75
:10154000CDAC7B3FBE147B3F02737A3F9DC7793F92
:101550009812793FF853783FC58B773F07BA763FAB
:10156000C6DE753F0BFA743FDD0B743F4714733FC3
:101570005213723F0809713F73F56F3F9ED86E3F5B
:1015800093B26D3F5E836C3F0C4B6B3FA7096A3F84
:101590003CBF683FD86B673F880F663F59AA643FDE
:1015A0005A3C633F97C5613F2146603F05BE5E3FA1
:1015B000532D5D3F1A945B3F6AF2593F5348583FA1
:1015C000E595563F31DB543F4918533F3D4D513F60
:1015D000207A4F3F029F4D3FF8BB4B3F12D1493F0E
:1015E00065DE473F03E4453F01E2433F70D8413F9A
:1015F00067C73F3FF9AE3D3F3B8F3B3F4268393FB6
:10160000233A373FF304353FC9C8323FBB85303FEB
:10161000DE3B2E3F4AEB2B3F1594293F5636273FA2
:1016200025D2243F9967223FCBF61F3FD17F1D3F34
:10163000C6021B3FC07F183FD9F6153F2A68133FEB
:10164000CDD3103FDA390E3F6B9A0B3F9BF5083F25
:10165000824B063F3D9C033FE4E7003F275DFC3E95
:10166000CBE0F63EEA5AF13EBBCBEB3E7533E63EAD
:101670004F92E03E80E8DA3E4136D53ECA7BCF3E0F
:1016800053B9C93E15EFC33E491DBE3E2A44B83E7C
:10169000EF63B23ED47CAC3E128FA63EE59AA03EEC
:1016A00086A09A3E32A0943E229A8E3E938E883E29
:1016B000C07D823ECCCF783E7F9A6C3E135C603E0C
:1016C0000115543EC2C5473ECF6E3B3EA2102F3E91
:1016D000B5AB223E8340163E87CF093E73B2FA3D3A
:1016E0002FBCE13D36BDC83D80B6AF3D04A9963D57
:1016F000752B7B3D2EFB483D2BC3163DB10AC93CE3
:10170000920E493C00000000920E49BCB10AC9BCCF
:101710002BC316BD2EFB48BD752B7BBD04A996BD02
:1017200080B6AFBD36BDC8BD2FBCE1BD73B2FABD3A
:1017300087CF09BE834016BEB5AB22BEA2102FBE16
:10174000CF6E3BBEC2C547BE011554BE135C60BE22
:101750007F9A6CBECCCF78BEC07D82BE938E88BE91
:10176000229A8EBE32A094BE86A09ABEE59AA0BEF2
:10177000128FA6BED47CACBEEF63B2BE2A44B8BE04
:10178000491DBEBE15EFC3BE53B9C9BECA7BCFBE8D
:101790004136D5BE80E8DABE4F92E0BE7533E6BE74
:1017A000BBCBEBBEEA5AF1BECBE0F6BE275DFCBE7A
:1017B000E4E700BF3D9C03BF824B06BF9BF508BF1B
:1017C0006B9A0BBFDA390EBFCDD310BF2A6813BF97
:1017D000D9F615BFC07F18BFC6021BBFD17F1DBF82
:1017E000CBF61FBF996722BF25D224BF563627BF2D
:1017F000159429BF4AEB2BBFDE3B2EBFBB8530BF04
:10180000C9C832BFF30435BF233A37BF426839BF76
:101810003B8F3BBFF9AE3DBF67C73FBF70D841BFED
:1018200001E243BF03E445BF65DE47BF12D149BFB4
:10183000F8BB4BBF029F4DBF207A4FBF3D4D51BFFC
:10184000491853BF31DB54BFE59556BF534858BFC5
:101850006AF259BF1A945BBF532D5DBF05BE5EBFD0
:10186000214660BF97C561BF5A3C63BF59AA64BF98
:10187000880F66BFD86B67BF3CBF68BFA7096ABF48
:101880000C4B6BBF5E836CBF93B26DBF9ED86EBFB7
:1018900073F56FBF080971BF521372BF471473BF4E
:1018A000DD0B74BF0BFA74BFC6DE75BF07BA76BF17
:1018B000C58B77BFF85378BF981279BF9DC779BFA2
:1018C00002737ABFBE147BBFCDAC7BBF283B7CBF0D
:1018D000C9BF7CBFAC3A7DBFCCAB7DBF23137EBFFD
:1018E000B0707EBF6DC47EBF580E7FBF6D4E7FBF90
:1018F000AB847FBF0FB17FBF97D37FBF43EC7FBF68
:1019000011FB7FBF000080BF11FB7FBF43EC7FBF97
:1019100097D37FBF0FB17FBFAB847FBF6D4E7FBFBB
:10192000580E7FBF6DC47EBFB0707EBF23137EBFD5
:10193000CCAB7DBFAC3A7DBFC9BF7CBF283B7CBF71
:10194000CDAC7BBFBE147BBF02737ABF9DC779BF8E
:10195000981279BFF85378BFC58B77BF07BA76BFA7
:10196000C6DE75BF0BFA74BFDD0B74BF471473BFBF
:10197000521372BF080971BF73F56FBF9ED86EBF57
:1019800093B26DBF5E836CBF0C4B6BBFA7096ABF80
:101990003CBF68BFD86B67BF880F66BF59AA64BFDA
:1019A0005A3C63BF97C561BF214660BF05BE5EBF9D
:1019B000532D5DBF1A945BBF6AF259BF534858BF9D
:1019C000E59556BF31DB54BF491853BF3D4D51BF5C
:1019D000207A4FBF029F4DBFF8BB4BBF12D149BF0A
:1019E00065DE47BF03E445BF01E243BF70D841BF96
:1019F00067C73FBFF9AE3DBF3B8F3BBF426839BFB2
:101A0000233A37BFF30435BFC9C832BFBB8530BFE7
:101A1000DE3B2EBF4AEB2BBF159429BF563627BF9E
:101A200025D224BF996722BFCBF61FBFD17F1DBF30
:101A3000C6021BBFC07F18BFD9F615BF2A6813BFE7
:101A4000CDD310BFDA390EBF6B9A0BBF9BF508BF21
:101A5000824B06BF3D9C03BFE4E700BF275DFCBE91
:101A6000CBE0F6BEEA5AF1BEBBCBEBBE7533E6BEA9
:101A70004F92E0BE80E8DABE4136D5BECA7BCFBE0B
:101A800053B9C9BE15EFC3BE491DBEBE2A44B8BE78
:101A9000EF63B2BED47CACBE128FA6BEE59AA0BEE8
:101AA00086A09ABE32A094BE229A8EBE938E88BE25
:101AB000C07D82BECCCF78BE7F9A6CBE135C60BE08
:101AC000011554BEC2C547BECF6E3BBEA2102FBE8D
:101AD000B5AB22BE834016BE87CF09BE73B2FABD36
:101AE0002FBCE1BD36BDC8BD80B6AFBD04A996BD53
:101AF000752B7BBD2EFB48BD2BC316BDB10AC9BCDF
:101B0000920E49BC0000008000060024494E4600A9
:101B1000696E66004E414E006E616E0030313233A8
:101B20003435363738396162636465660000000019
:101B30003031323334353637383941424344454603
:101B400000000000286E756C6C2900003000000059
:101B50002020202020202020202020202020202085
:101B60003030303030303030303030303030303075
:101B70004E614E00496E66696E697479000000001E
:101B800042616C6C6F632073756363656564656443
:101B9000000000002F6D6E742F776F726B73706191
:101BA00063652F776F726B73706163652F47434373
:101BB0002D31302D706970656C696E652F6A656EA8
:101BC0006B696E732D4743432D31302D70697065FD
:101BD0006C696E652D3333385F32303231313031DC
:101BE000385F313633343531363230332F737263E8
:101BF0002F6E65776C69622F6E65776C69622F6CEA
:101C00006962632F7374646C69622F64746F612EF0
:101C1000630000002F6D6E742F776F726B737061AD
:101C200063652F776F726B73706163652F474343F2
:101C30002D31302D706970656C696E652F6A656E27
:101C40006B696E732D4743432D31302D706970657C
:101C50006C696E652D3333385F323032313130315B
:101C6000385F313633343531363230332F73726367
:101C70002F6E65776C69622F6E65776C69622F6C69
:101C80006962632F7374646C69622F6D707265632F
:101C90002E630000000000000080E03779C341435C
:101CA000176E05B5B5B89346F5F93FE9034F384DC2
:101CB000321D30F94877825A3CBF737FDD4F15756E
:101CC000000000000000F03F000000000000244081
:101CD00000000000000059400000000000408F405C
:101CE000000000000088C34000000000006AF840C7
:101CF0000000000080842E4100000000D0126341EB
:101D00000000000084D797410000000065CDCD4160
:101D1000000000205FA00242000000E87648374241
:101D2000000000A2941A6D42000040E59C30A242DF
:101D30000000901EC4BCD64200003426F56B0C4354
:101D40000080E03779C3414300A0D88557347643FB
:101D500000C84E676DC1AB43003D9160E458E1435C
:101D6000408CB5781DAF154450EFE2D6E41A4B44D1
:101D700092D54D06CFF08044F64AE1C7022DB54416
:101D8000B49DD9794378EA440500000019000000A9
:101D90007D00000020202020202020202020202046
:101DA0002020202030303030303030303030303073
:101DB000303030302C2066756E6374696F6E3A2057
:101DC00000000000617373657274696F6E202225D4
:101DD0007322206661696C65643A2066696C6520CF
:101DE000222573222C206C696E65202564257325BD
:101DF000730A000043000000504F53495800000090
:101E00002E00000000202020202020202020282834
:101E100028282820202020202020202020202020AA
:101E200020202020208810101010101010101010EA
:101E3000101010101004040404040404040404101A
:101E400010101010101041414141414101010101A8
:101E50000101010101010101010101010101010172
:101E6000101010101010424242424242020202027E
:101E70000202020202020202020202020202020242
:101E800010101010200000000000000000000000F2
:101E90000000000000000000000000000000000042
:101EA0000000000000000000000000000000000032
:101EB0000000000000000000000000000000000022
:101EC0000000000000000000000000000000000012
:101ED0000000000000000000000000000000000002
:101EE00000000000000000000000000000000000F2
:101EF00000000000000000000000000000000000E2
:101F00000000000000000000FB21F93FFB21094018
:101F10007CD91240FB2119407A6A1F407CD92240AB
:101F2000BBFD2540FB2129403A462C407A6A2F40D0
:101F30005C4731407CD932409C6B3440BBFD35401E
:101F4000DB8F3740FB2139401BB43A403A463C40D6
:101F50005AD83D407A6A3F404C7E40405C47414001
:101F60006C1042407CD942408CA243409C6B444060
:101F7000AC344540BBFD4540CBC64640DB8F4740B7
:101F8000EB584840FB21494083F9A200444E6E00C3
:101F9000FC291500D1572700DD34F50062DBC000B5
:101FA0003C999500419043006351FE00BBDEAB00BD
:101FB000B761C5003A6E2400D24D42004906E000E8
:101FC00009EA2E001C92D100EB1DFE0029B11C0075
:101FD000E83EA700F535820044BB2E009CE9840052
:101FE000B4267000417E5F00D691390053833900DA
:101FF0009CF439008B5F840028F9BD00F81F3B007A
:10200000DEFF97000F980500112FEF000A5A8B0092
:102010006D1F6D00CF7E360009CB2700464FB700FD
:102020009E663F002DEA5F00BA277500E5EBC7000A
:102030003D7BF100F739070092528A00FB6BEA0002
:102040001FB15F00085D8D00300356007BFC460029
:10205000F0AB6B0020BCCF0036F49A00E3A91D0062
:102060005E619100081BE60085996500A0145F0081
:102070008D40680080D8FF0027734D0006063100B0
:10208000CA561500C9A873007BE260006B8CC000C3
:10209000DB0F49BFE4CB1640E4CB16C00000008044
:1020A000DB0F4940DB0F49C0000FC93F000F49401B
:1020B00000CB9640000FC9400053FB4000CB1641B7
:1020C00000ED2F41000F49410031624100537B4137
:1020D000003A8A4100CB9641005CA34100EDAF413C
:1020E000007EBC41000FC94100A0D5410031E24152
:1020F00000C2EE410053FB4100F20342003A0A42A3
:102100000083104200CB164200141D42005C2342A3
:1021100000A5294200ED2F4200363642007E3C42A7
:1021200000C74242000F4942A2000000F90000002F
:10213000830000006E0000004E000000440000001C
:102140001500000029000000FC000000270000002E
:1021500057000000D1000000F5000000340000002E
:10216000DD000000C0000000DB0000006200000095
:1021700095000000990000003C00000043000000B2
:102180009000000041000000FE000000510000002F
:1021900063000000AB000000DE000000BB00000098
:1021A000C500000061000000B7000000240000002E
:1021B0006E0000003A000000420000004D000000E8
:1021C000D2000000E000000006000000490000000E
:1021D0002E000000EA00000009000000D10000000D
:1021E000920000001C000000FE0000001D00000026
:1021F000EB0000001C000000B100000029000000FE
:10220000A70000003E000000E8000000820000007F
:1022100035000000F50000002E000000BB000000AB
:102220004400000084000000E90000009C00000061
:102230007000000026000000B40000005F000000F5
:102240007E00000041000000390000009100000005
:10225000D600000039000000830000005300000099
:1022600039000000F40000009C0000008400000021
:102270005F0000008B000000BD000000F9000000BE
:10228000280000003B0000001F000000F8000000D4
:1022900097000000FF000000DE00000005000000C5
:1022A000980000000F000000EF0000002F00000069
:1022B000110000008B0000005A0000000A0000001E
:1022C0006D0000001F0000006D00000036000000DF
:1022D0007E000000CF00000027000000CB000000BF
:1022E00009000000B70000004F0000004600000099
:1022F0003F000000660000009E0000005F0000003C
:10230000EA0000002D00000075000000270000001A
:10231000BA000000C7000000EB000000E50000006C
:10232000F10000007B0000003D00000007000000FD
:1023300039000000F70000008A0000005200000091
:1023400092000000EA0000006B000000FB000000AB
:102350005F000000B10000001F0000008D000000C1
:102360005D000000080000005600000003000000AF
:102370003000000046000000FC0000007B00000070
:102380006B000000AB000000F0000000CF00000078
:10239000BC000000200000009A000000F4000000D3
:1023A000360000001D000000A9000000E30000004E
:1023B00091000000610000005E000000E6000000E7
:1023C0001B000000080000006500000099000000EC
:1023D000850000005F00000014000000A000000065
:1023E00068000000400000008D000000FF000000B9
:1023F000D8000000800000004D00000073000000C5
:102400002700000031000000060000000600000068
:102410001500000056000000CA0000007300000014
:10242000A8000000C900000060000000E2000000F9
:102430007B000000C00000008C0000006B0000006A
:1024400000000040FB21F93F000000002D44743ED5
:10245000000000809846F83C0000006051CC783BBA
:1024600000000080831BF0390000004020257A38EE
:10247000000000802282E336000000001DF3693571
:10248000020000000300000004000000060000003D
:102490000000C93F0000F0390000DA370000A23325
:1024A0000000842E0000502B0000C2270000D02224
:1024B0000000C41F0000C61B0000441704000000F9
:1024C00007000000090000003863ED3EDA0F493FC5
:1024D0005E987B3FDA0FC93F6937AC316821223300
:0824E000B40F14336821A2338C
:0824E800E0E8FD7F01000000A7
:0824F000D19C0108250300083E
:0424F80001030008D4
:1024FC000090D0030090D0030100000010000000F9
:10250C001FB60008BBB50008A1B40008000000000D
:10251C00C9B2000825B40008EDB3000800000000A3
:10252C000000000000000000A5B300085DB3000827
:10253C0015B3000809B3000809024300020100C0EA
:10254C0032090400000102020100052400100105FB
:10255C00240100010424020205240600010705825F
:10256C000308001009040100020A0000000705011D
:10257C000240000007058102400000000A0600022C
:10258C000000004001000000AAAAAAAAD1F000088D
:10259C00A5F00008A9F00008B1F00008ADF00008A3
:1025AC0025F1000831F10008F5F10008D1F100081F
:1025BC00BDF1000811F2000835F20008000000001F
:1025CC001201000202020040830440570002010283
:1025DC0003010000040309041A03000000000000BA
:1025EC0000000000000000000000000000000000DF
:1025FC00000000000050C347CDCCCC3DCDCCCC3D31
:10260C00CDCCCC3DCDCCCC3DCDCCCC3DCDCCCC3D36
:10261C000050C347CDCCCC3DCDCCCC3DCDCCCC3D6E
:10262C00CDCCCC3DCDCCCC3DCDCCCC3D0050C3475E
:10263C00CDCCCC3DCDCCCC3DCDCCCC3DCDCCCC3D06
:10264C00CDCCCC3DCDCCCC3D0050C347CDCCCC3D3E
:10265C00CDCCCC3DCDCCCC3DCDCCCC3DCDCCCC3DE6
:10266C00CDCCCC3D0000C842CDCCCC3DCDCCCC3D6E
:10267C00CDCCCC3DCDCCCC3DCDCCCC3DCDCCCC3DC6
:10268C000000C842FFFF00003333EB3A58A08B3AEE
:10269C0001000000FF01000000000000000000002D
:1026AC00000200000000000000000000FF0200001B
:1026BC000000000000000000FF010000000000000E
:1026CC0000000000000200000000000000000000FC
:1026DC00FF0200000000000000000000000B0208D8
:1026EC0014000000000000000000000000000000CA
:1026FC0000000000000000000000000000000000CE
:10270C00000000000000000000000000F40A0208B5
:10271C001400000000000000000000000000000099
:10272C00000000000000000000000000000000009D
:10273C00000000000000000000000000240A020855
:10274C00400000000000000000000000000000003D
:10275C00000000000000000000000000000000006D
:10276C00000000000000000000000000BC0A02088D
:10277C001800000000000000000000000000000035
:10278C00000000000000000000000000000000003D
:10279C000000000000000000000000008C0A02088D
:1027AC001800000000000000000000000000000005
:1027BC00000000000000000000000000000000000D
:1027CC00000000000000000000000000D40A020815
:1027DC004C000000000000000000000000000000A1
:1027EC0000000000000000000000000000000000DD
:1027FC00000000000000000000000000E80A0208D1
:10280C004C00000000000000000000000000000070
:10281C0000000000000000000000000000000000AC
:10282C00000000000000000000000000540A020834
:10283C00200000000000000000000000000000006C
:10284C00000000000000000000000000000000007C
:10285C00000000000000000000000000400A020818
:10286C00100000000000000000000000000000004C
:10287C00000000000000000000000000000000004C
:10288C00000000000000000000000000B00A020878
:10289C001400000000000000000000000000000018
:1028AC00000000000000000000000000000000001C
:1028BC00000000000000000000000000A00A020858
:1028CC000C000000000000000000000000000000F0
:1028DC0000000000000000000000000000000000EC
:1028EC00000000000000000000000000C80A020800
:1028FC0024000000000000000000000000000000A8
:10290C0000000000000000000000000000000000BB
:10291C00000000000000000000000000680A02082F
:10292C002400000000000000000000000000000077
:10293C00000000000000000000000000000000008B
:10294C0000000000000000000000000000008041BA
:10295C00000000000AD7233C0000A0420000000049
:10296C0007000000000048420000000000000000CA
:10297C000000000000000000020000000100000048
:10298C00010200000102000000000000206403248A
:10299C00000000000000000000000000000000002B
:1029AC000200000001000000020200000202000010
:1029BC00000000002464032400000000000000005C
:1029CC0000000000000000000200000001000000F8
:1029DC00030200000302000000000000286403242E
:1029EC0000000000000000000000000000000000DB
:1029FC0002000000010000000402000004020000BC
:102A0C00000000002C640324000000000000000003
:102A1C0000000000000000000600000002000000A2
:102A2C000300000010000000000000000000000087
:102A3C00000000000000000000000000000000008A
:102A4C00060000000300000002000000100000005F
:102A5C00000000000000000000000000000000006A
:102A6C000000000000000000060000000300000051
:102A7C000100000010000000000000000000000039
:102A8C00000000000000000000000000000000003A
:102A9C0000000040000000000000000000000000EA
:102AAC000000000000000000010000000000000019
:102ABC00000000000000000000000000000000000A
:102ACC0003000000010000000000000005020000EF
:102ADC0000000000506A0324000000000000000009
:102AEC0000000000000000000100000000060024AF
:102AFC0000000000EC08002454090024BC09002448
:102B0C0000000000000000000000000000000000B9
:102B1C0000000000000000000000000000000000A9
:102B2C000000000000000000000000000000000099
:102B3C000000000000000000000000000000000089
:102B4C000000000000000000000000000000000079
:102B5C000000000000000000000000000000000069
:102B6C000000000000000000000000000000000059
:102B7C000000000000000000000000000000000049
:102B8C000000000000000000000000000000000039
:102B9C000000000000000000010000000000000028
:102BAC000E33CDAB34126DE6ECDE05000B000000ED
:102BBC000000000000000000000000000000000009
:102BCC0000000000000000000000000000000000F9
:102BDC0000000000000000000000000000000000E9
:102BEC0000000000000000000000000000000000D9
:102BFC0000000000000000000000000000000000C9
:102C0C0000000000000000000000000000000000B8
:102C1C0000000000000000000000000000000000A8
:102C2C000000000000000000000000000000000098
:102C3C000000000000000000000000000000000088
:102C4C000000000000000000000000000000000078
:102C5C000000000000000000000000000000000068
:102C6C000000000000000000000000000000000058
:102C7C000000000000000000000000000000000048
:102C8C000000000000000000000000000000000038
:102C9C000000000000000000000000000000000028
:102CAC000000000000000000000000000000000018
:102CBC000000000000000000000000000000000008
:102CCC0000000000000000000000000000000000F8
:102CDC0000000000000000000000000000000000E8
:102CEC0000000000000000000000000000000000D8
:102CFC0000000000000000000000000000000000C8
:102D0C0000000000000000000000000000000000B7
:102D1C0000000000000000000000000000000000A7
:102D2C000000000000000000000000000000000097
:102D3C000000000000000000000000000000000087
:102D4C000000000000000000000000000000000077
:102D5C000000000000000000000000000000000067
:102D6C000000000000000000000000000000000057
:102D7C000000000000000000000000000000000047
:102D8C000000000000000000000000000000000037
:102D9C000000000000000000000000000000000027
:102DAC000000000000000000000000000000000017
:102DBC000000000000000000000000000000000007
:102DCC0000000000000000000000000000000000F7
:102DDC0000000000000000000000000000000000E7
:102DEC0000000000000000000000000000000000D7
:102DFC0000000000000000000000000000000000C7
:102E0C0000000000000000000000000000000000B6
:102E1C0000000000000000000000000000000000A6
:102E2C000000000000000000000000000000000096
:102E3C000000000000000000000000000000000086
:102E4C000000000000000000000000000000000076
:102E5C000000000000000000000000000000000066
:102E6C000000000000000000000000000000000056
:102E7C000000000000000000000000000000000046
:102E8C000000000000000000000000000000000036
:102E9C000000000000000000000000000000000026
:102EAC000000000000000000000000000000000016
:102EBC000000000000000000000000000000000006
:102ECC0000000000000000000000000000000000F6
:102EDC0000000000000000000000000000000000E6
:102EEC0000000000000000000000000000000000D6
:102EFC0000000000000000000000000000000000C6
:102F0C0000000000000000000000000000000000B5
:102F1C0000000000000000000000000000000000A5
:102F2C00280A0024280A0024300A0024300A00242D
:102F3C00380A0024380A0024400A0024400A0024DD
:102F4C00480A0024480A0024500A0024500A00248D
:102F5C00580A0024580A0024600A0024600A00243D
:102F6C00680A0024680A0024700A0024700A0024ED
:102F7C00780A0024780A0024800A0024800A00249D
:102F8C00880A0024880A0024900A0024900A00244D
:102F9C00980A0024980A0024A00A0024A00A0024FD
:102FAC00A80A0024A80A0024B00A0024B00A0024AD
:102FBC00B80A0024B80A0024C00A0024C00A00245D
:102FCC00C80A0024C80A0024D00A0024D00A00240D
:102FDC00D80A0024D80A0024E00A0024E00A0024BD
:102FEC00E80A0024E80A0024F00A0024F00A00246D
:102FFC00F80A0024F80A0024000B0024000B00241B
:10300C00080B0024080B0024100B0024100B0024C8
:10301C00180B0024180B0024200B0024200B002478
:10302C00280B0024280B0024300B0024300B002428
:10303C00380B0024380B0024400B0024400B0024D8
:10304C00480B0024480B0024500B0024500B002488
:10305C00580B0024580B0024600B0024600B002438
:10306C00680B0024680B0024700B0024700B0024E8
:10307C00780B0024780B0024800B0024800B002498
:10308C00880B0024880B0024900B0024900B002448
:10309C00980B0024980B0024A00B0024A00B0024F8
:1030AC00A80B0024A80B0024B00B0024B00B0024A8
:1030BC00B80B0024B80B0024C00B0024C00B002458
:1030CC00C80B0024C80B0024D00B0024D00B002408
:1030DC00D80B0024D80B0024E00B0024E00B0024B8
:1030EC00E80B0024E80B0024F00B0024F00B002468
:1030FC00F80B0024F80B0024000C0024000C002416
:10310C00080C0024080C0024100C0024100C0024C3
:10311C00180C0024180C0024200C0024200C002473
:10312C00280C0024280C0024300C0024300C002423
:10313C00380C0024380C0024400C0024400C0024D3
:10314C00480C0024480C0024500C0024500C002483
:10315C00580C0024580C0024600C0024600C002433
:10316C00680C0024680C0024700C0024700C0024E3
:10317C00780C0024780C0024800C0024800C002493
:10318C00880C0024880C0024900C0024900C002443
:10319C00980C0024980C0024A00C0024A00C0024F3
:1031AC00A80C0024A80C0024B00C0024B00C0024A3
:1031BC00B80C0024B80C0024C00C0024C00C002453
:1031CC00C80C0024C80C0024D00C0024D00C002403
:1031DC00D80C0024D80C0024E00C0024E00C0024B3
:1031EC00E80C0024E80C0024F00C0024F00C002463
:1031FC00F80C0024F80C0024000D0024000D002411
:10320C00080D0024080D0024100D0024100D0024BE
:10321C00180D0024180D0024200D0024200D00246E
:10322C00280D0024280D0024300D0024300D00241E
:10323C00380D0024380D0024400D0024400D0024CE
:10324C00480D0024480D0024500D0024500D00247E
:10325C00580D0024580D0024600D0024600D00242E
:10326C00680D0024680D0024700D0024700D0024DE
:10327C00780D0024780D0024800D0024800D00248E
:10328C00880D0024880D0024900D0024900D00243E
:10329C00980D0024980D0024A00D0024A00D0024EE
:1032AC00A80D0024A80D0024B00D0024B00D00249E
:1032BC00B80D0024B80D0024C00D0024C00D00244E
:1032CC00C80D0024C80D0024D00D0024D00D0024FE
:1032DC00D80D0024D80D0024E00D0024E00D0024AE
:1032EC00E80D0024E80D0024F00D0024F00D00245E
:1032FC00F80D0024F80D0024000E0024000E00240C
:10330C00080E0024080E0024100E0024100E0024B9
:10331C00180E0024180E0024200E0024200E002469
:10332C00FFFFFFFF000002003C7D03244300000070
:10333C000000000000000000000000000000000081
:10334C00000000000000000000000000430000002E
:10335C000000000000000000000000000000000061
:10336C00000000000000000000000000430000000E
:10337C000000000000000000000000000000000041
:10338C0000000000000000000000000043000000EE
:10339C000000000000000000000000000000000021
:1033AC0000000000000000000000000043000000CE
:1033BC000000000000000000000000000000000001
:1033CC0000000000000000000000000043000000AE
:1033DC0000000000000000000000000000000000E1
:1033EC00000000000000000000000000430000008E
:1033FC0000000000000000000000000000000000C1
:10340C0000000000000000000000000005DA0108C8
:10341C00C1D8010800000000041E0208001E0208AA
:10342C00C01D0208C01D0208C01D0208C01D0208F4
:10343C00C01D0208C01D0208C01D0208C01D0208E4
:10344C00C01D0208FFFFFFFFFFFFFFFFFFFFFFFF95
:10345C00FFFF0000010041534349490000000000F8
:10346C000000000000000000000000000000000050
:10347C0000000000000041534349490000000000D7
:10348C000000000000000000000000000000000030
:08349C00000000000000000028
:0400000508002BE1E3
:00000001FF
